smiles;value
CCOC[C@H]([NH3+])CSCC;3,8
CC(C)N[C@H](C#N)CSC[C@H](O)CO;4,7
[NH3+]CCOCC(=O)NCCn1cc[nH+]c1;4,8
COCCCC[NH2+][C@H]1CS[C@H](C)C1;4,8
CCC[NH2+][C@H]1CCOC[C@@H]1SC[C@@H](C)CO;4,8
C[C@H](CCO)C[NH2+]CCC(C)(C)O;4,9
CC1(C)[C@H]2CC[C@]1(C)[C@H]([NH3+])C2;5
CCOCC(=O)N(C)CCCNC(C)=O;5
C[C@H](CCO)SCCC(=O)NC1CC1;5,1
CCC1(CC)CCN(C(=O)CS)C1;5,1
C[NH2+][C@@]1(C(=O)[O-])CCC[C@H]1CCOC;5,2
CC(C)CC[NH2+][C@H]1CS(=O)(=O)C[C@H]1O;5,2
CC[C@@H](COC)[NH2+]CCN1CCCS1(=O)=O;5,2
CC[C@H](CCCl)C[NH2+]Cc1ccc(Cl)s1;5,2
CCOCC/C([O-])=N/S(=O)(=O)N1CCCC1;5,3
CCCCC(=O)OCc1ccco1;5,3
C[C@@H](O)C[C@H]1CCC[NH+]1CCC(=O)N(C)CCC#N;5,3
C[C@H](CNC(=O)[C@@H]1CN(C)CCO1)C[C@@H](C)O;5,3
CC[C@@H](NC(=O)CCCCO)c1cccs1;5,3
C[NH2+][C@H](COC)CSc1ccccc1Br;5,3
CCC1(CC)CC[NH+]([C@](CC)(C[NH3+])COC)C1;5,4
CCCCNC(=O)O[C@@H]1CC[C@@H]([NH3+])C1;5,4
CCC[NH2+][C@H]1[C@H]([NH+](C)C)CCCC1(C)C;5,4
CCN(CC(C)C)C(=O)[C@H]1CCO[C@@H]1C;5,4
CCC(CC)(CC)NC(=O)N[C@@H](C)CSC;5,4
C[NH2+]C[C@@H](C)OCc1cccnc1OC;5,4
COC[C@H](C)CC(=O)N(C)[C@@H]1CCC[C@@H]1C[NH3+];5,4
CC[C@H](CC#N)Nc1c(F)cccc1F;5,4
COC(=O)c1cncn1C1CC1;5,5
CCCOC[C@@H]([NH3+])CSc1cccc(Br)c1;5,5
Fc1cccc(OC[C@@H]2CO2)c1;5,5
C[C@@H](CO)CSCC[C@@H]1CCCC[NH2+]1;5,5
CC(C)(C)OC(=O)N1CCC[C@H](C(N)=S)C1;5,5
CC(C)[NH2+][C@]1(CO)CCC[C@@H]1CCSC(C)C;5,5
COc1ccc(OC)c(NC(=O)CC[NH3+])c1;5,5
C[C@@H]1OCC[C@@H]1C(=O)N1CC(C)(O)C1;5,6
Cc1ccsc1[C@H]1CC[C@H](O)[C@@H]1C;5,6
[NH3+][C@@H]1CCC[C@H]1CCOC1CCCCC1;5,6
CCOC(=O)[C@@H](CC)c1nc(CC(F)(F)F)no1;5,6
CCOC(=O)COc1cccc(NC(C)C)c1;5,6
CCC[C@@H]1CCC[NH+](CCCCS)CC1;5,7
COC(=O)[C@H](C)CNC(=O)C1(O)CCCC1;5,7
CC(C)[C@H](CO)NC(=O)C[C@H]1C=CCC1;5,7
CC[NH2+][C@]1(C(N)=O)CCCCC1(C)C;5,7
CC[S@@](=O)CCN1C(=O)NC(C)(C)C1=O;5,7
CCOCCN(C)S(=O)(=O)c1cc(Cl)ccc1C#N;5,7
CCOC[C@]1(O)C[C@H](C)CC(C)(C)C1;5,7
CCCCc1nc([C@@H](C)[NH3+])cs1;5,7
C[C@H](Cc1cccs1)N(C)C(=O)NCC1CC1;5,7
C=CCCC[C@@]1(C(=O)[O-])CC[C@H](C)C1;5,8
COC(=O)[C@H]1C[S@](=O)C[C@H](C2(C)CC2)N1;5,8
C[C@@H]1C[C@]1(O)CC[C@@H]1CCCO1;5,8
CS[C@H](CO)[C@@H](C)[NH2+][C@H](C)Cn1c[nH+]c(C)c1C;5,8
CON(C)Cc1ccc(Br)c(F)c1;5,8
CCCNC(=O)Nc1ccc(SCC)nc1;5,8
CCSc1ccc([C@@H](C)[NH2+]CCn2cccn2)cc1;5,8
CCCC[NH2+][C@@H](C)[C@@H]1COc2ccccc2O1;5,8
CCOc1ccccc1[C@@]1(O)C[C@H]1C;5,8
CC(C)[NH2+][C@H](C)[C@@H](C)Cc1ncnn1C(C)C;5,8
CCOC(=O)c1sc(NC)nc1C(F)(F)F;5,8
CCn1cc(NC(=O)[C@H](C)n2cccn2)cn1;5,8
CC(=O)OCC1(COC(C)=O)CC[C@H]2O[C@H]2C1;5,9
C=CCCC[NH+](C)Cc1ccc(N2CCOCC2)c(F)c1;5,9
CC[NH+](C)C[C@H]1CCN(CC(=O)N(C)C2CC2)C1;5,9
C=CCC[C@@H](O)C1([NH+]2CCCCC2)CCCC1;5,9
CC(C)(C)c1cc2ncc(Br)cn2n1;5,9
C[C@H](N[C@@H]1CCC[NH2+]C1)c1cnccn1;5,9
CCC[C@@H](O)[C@]1(C#N)CC[C@H](CC)C1;5,9
CCCCC(=O)C(C)(C)[NH+]1CCCCCC1;5,9
Cc1ncccc1/N=C1/N[C@H](C)CS1;5,9
C=C(Cl)CCc1ccc(OC)c(OC)c1;5,9
CC[C@@](C)([C@H](O)[C@@H]1CC[C@H](C)[C@H](C)C1)[NH+](C)C;5,9
Cc1cnc(Cl)nc1NCC(C)(C)C[NH+](C)C;5,9
CC1(C)CSC[C@](CO)([NH2+]C2CCCC2)C1;5,9
CCC(CC)([C@@H](O)c1ccc(OC)cc1OC)[NH+](C)C;5,9
CCn1c(SCC2=N[C@H](C)SC2)n[nH]c1=O;5,9
O=S(=O)(c1ccccc1Br)N1CCCC1;5,9
CCCCS(=O)(=O)NCc1nc(C(F)(F)F)cs1;5,9
CN1C(=O)C2=NN=N[C@H]2N(C)C1=O;6
CCC(=O)[C@@H](C)c1ncnc(OC)c1[N+](=O)[O-];6
COCCCOc1ccc(N)c(C)c1;6
COc1cccc(/C=N/NC(=O)CC#N)c1;6
COCC[NH+]1CCCC[C@@H]1c1cc(CO)[nH]n1;6
CC[C@@H](CS)CN1CC[NH+]2CCCC[C@@H]2C1;6
CCOC[C@@H]1CCC[NH+](CC(=O)N2CCCC2)C1;6
CCC1(CC)CN(c2ccccc2C#N)C1;6
C[C@@H]1CCC[C@H]1[NH2+]C[C@](C)(O)c1cnn(C)c1;6
CCC(C)(C)[NH+](C)Cc1ccc(OC)cc1OC;6
CC(C)(C(=O)Cc1ccc(Cl)s1)[NH+]1CCCC1;6
C/C(=C/c1ccc(SC#N)cc1)[N+](=O)[O-];6,1
CCc1cc(=O)[nH]c(SCC(=O)OC)n1;6,1
C[S@@](=O)c1c(Cl)cc(Cl)c(N)c1[N+](=O)[O-];6,1
CC(C)NC(=O)CNC(=O)[C@@H]1CC[NH2+][C@H]1C;6,1
CCSC(SCC)=C1C(=O)CC(C)(C)CC1=O;6,1
Fc1ccc(OCCSc2nccs2)cc1;6,1
CCCNC(=O)CNC(=O)NC[C@@H]1CCCO1;6,1
Cc1c(-c2[nH+]c(C)n(N)c2N)cnn1C;6,1
Cc1cnc2nc(CCCCCl)[nH]c2c1;6,1
[NH3+][C@H]1CCC[C@H](N2CCS(=O)CC2)C1;6,1
CCC1CCC([NH+](C)C[C@H](C[NH3+])CC(C)C)CC1;6,1
N#CCN1CCC(OC[C@H]2CCCCO2)CC1;6,1
C[C@@H](NC(=O)NCCCOC1CCCCC1)C1CC1;6,1
CCCCNC(=O)CN1CCOC[C@@H]1CC(C)C;6,1
CCN(C(=O)NC[C@]1(C)CCCO1)[C@@H](C)CC(=O)[O-];6,1
C[C@@H](COc1ccccc1CO)C(N)=O;6,1
CCCC(CCC)S(=O)(=O)Cc1nnc(C)n1C;6,1
COc1ccc(C[NH2+]Cc2ncn(C)n2)cc1SC;6,1
CCN(CC)[C@@H]1CC[NH+](Cc2nnc(C3CC3)o2)C1;6,1
CCCN[C@@]1(C#N)CC[C@H](SC2CCCCC2)C1;6,1
CCO[C@H](C)c1nc(C[NH+](C)Cc2cnc(C)s2)cs1;6,1
Cc1nc(C)c(C[NH2+]C[C@H](C(C)C)N2CCOCC2)s1;6,1
CCCS(=O)(=O)[C@H](C)C(=O)Nc1sc(C)c(CC)c1C#N;6,1
C[C@@H]1CCC[C@H](NC(=O)C/C(N)=N/O)C1;6,2
C=CCc1ccccc1OC(C)=O;6,2
CCOC(=O)c1cc(SC[C@@H](C)CO)ccc1N;6,2
C[C@H](O)CCC(=O)NC[C@H]1CCC[NH+](C)C1;6,2
Cc1cc(C)cc(OCCC#N)c1;6,2
C[C@H]([NH3+])c1cc(F)c(Cl)cc1Cl;6,2
Cc1ccc(OC[C@@H](C)O)c(C[NH3+])n1;6,2
CC(C)c1ccccc1[C@H](N)C[NH3+];6,2
CN(CC[C@H]1CCCC1=O)C1CC[NH2+]CC1;6,2
CCN[C@]1(C(=O)OC)CCC[C@@H]([NH+]2CCCC[C@@H]2C)C1;6,2
CC[NH2+][C@@H](C=C(C)C)C1(N2CCOCC2)CCCC1;6,2
O=C(CCCO)Nc1ccc(F)cc1F;6,2
CN(C)c1ccccc1N(C)S(=O)(=O)CCC1CC1;6,2
CC[C@H](C)CS(=O)(=O)c1cccc(Br)c1;6,2
CSCCn1/c(=N/C(C)=O)sc2cc(C)ccc21;6,2
CC(C)[NH2+][C@@]1(C(=O)[O-])CC[C@@H](Sc2cccs2)C1;6,2
CCC[C@H](C#N)NC(=O)c1c(C)oc(C)c1Br;6,2
O=C(C[NH+]1CCNCC1)N[C@@H]1CCS(=O)(=O)C1;6,3
O=C(CCCC[C@H]1CCSS1)N[C@@H]1CCS(=O)(=O)C1;6,3
CC(C)[C@@H](CO)NC(=O)Cc1ccccc1[N+](=O)[O-];6,3
CC1(C)CC[NH2+]c2ccc(F)cc2N1;6,3
CC(C)COCCC(=O)NC1(C(N)=O)CCCCC1;6,3
CN(CCN1CC[NH2+]CC1)C(=O)C[C@@H]1CCCCO1;6,3
Cc1n[nH]c(C)c1S(=O)(=O)N[C@H](C(=O)[O-])C(C)C;6,3
COc1ccc(OC)c(C(=O)Cn2cncn2)c1;6,3
CC[C@H]1CCCN(C(=O)CN(C)C(=O)OC)C1;6,3
CCC[C@@H](COC)NC(=O)c1cc(C)c(C#CCCO)s1;6,3
CCCS(=O)(=O)NC1CC[NH+]([C@H]2CC[C@@H](C)C2)CC1;6,3
CC(C)N(C(=O)[C@@H]1CCC(=O)N1)C1CCC1;6,3
C[C@@H](c1cccc(F)c1)[C@@](C)(O)C(=O)[O-];6,3
CCCCC[C@H]1C[NH+]=C(N)N1c1cccc(Cl)c1;6,3
CCS(=O)(=O)N[C@@H](c1ccccc1)[C@@H](C)C(=O)OC;6,3
Cc1ccc([C@@H]2C[C@H]2C(=O)N(C)CCCS(C)(=O)=O)s1;6,3
CC(C)C[NH2+]Cc1ccc(CN2CCOCC2)nc1;6,3
CCOc1ccc(C(=S)NC[C@@H]2CCCO2)cc1;6,3
CCC[NH2+][C@@H](CC)c1nnc(C[C@@H]2CCCCO2)s1;6,3
O=C(C[NH+]1CCCC1)Nc1ccccc1Br;6,3
COc1ccc(OC)c(-c2csc(=O)[nH]2)c1;6,3
C[C@H]1CC[C@H](C)[S+]1c1cc(O)ccc1O;6,4
CCC1(CC)CC[NH+]([C@H]2CC[C@@](CO)([NH2+]C)C2)C1;6,4
C[C@@H]1CCCC[C@@H]1OCc1cnc(NN)s1;6,4
COc1ccc(C(F)(F)F)cc1;6,4
OCc1ccc(OCCSc2ccccc2)cn1;6,4
CC(C)(C)NC(=O)NC1=CC(=O)CCC1;6,4
O=C([O-])c1cccnc1-c1ccccn1;6,4
Cc1cc(NC(=O)N[C@H](C)CCCO)n(C)n1;6,4
CC(C)N(Cc1[nH+]ccn1C)C[C@@H]1CC=CCC1;6,4
O=C(c1cscn1)N1C[C@H]2CCCC[C@H]2C1;6,4
COC(=O)CCN(C)S(=O)(=O)c1ccc(F)cc1F;6,4
CCNS(=O)(=O)c1ccc(Cl)c(N)c1;6,4
COCCOc1cc(N[C@H]2CCC[C@@H]2C)ccc1OC;6,4
CCCOC[C@@H](NC)c1ccc(Br)cc1C(F)(F)F;6,4
CC(C)CN(CC(C)C)C(=O)CSc1ncccc1N;6,4
CCCc1nn(C)c2c1nc(CCl)n2[C@@H]1C[C@H]1C;6,4
CC(C)[C@@H](C)NC(=O)Cn1ccc([C@@H]([NH3+])C2CC2)c1;6,4
CCC(=O)N1CCN(C(=O)N[C@H](C)CSC)CC1;6,4
C[NH2+][C@H]1CCC[C@@H]1CCn1c(C)nc(C)cc1=O;6,4
CCOc1ccc(NC[C@@H]2CCCN(S(C)(=O)=O)C2)cn1;6,4
N#C[C@@H]1CNCCN1CCOc1ccc(F)cc1;6,4
CCN(CC)C(=O)Nc1cc(Cl)ccc1Cl;6,4
C/[NH+]=C(\N[C@H]1C[C@@](C)(OC)C1(C)C)NC(C)(C)C;6,5
CC[C@H](C)NC(=O)[C@@H](Sc1ncnc2ccsc12)C(C)C;6,5
COC[C@@H](O)CN(C)c1ccc(C(N)=O)nn1;6,5
CC(C)NC(=O)C[NH+](CCO)Cc1cc(Br)ccc1F;6,5
Cc1ccc([S@](=O)O)cc1Cl;6,5
CC[C@H]([NH2+][C@H]1CCCCC1(C)C)C(N)=O;6,5
CNc1nc2ncnc(N(C)C)c2[nH]1;6,5
CCC[C@H](CC)n1c(CCCl)nc2cccnc21;6,5
C[C@@H]1CN(S(=O)(=O)CC2CCC2)C[C@@H](C(N)=O)O1;6,5
CCCn1cnc2sc(C)c(C)c2c1=O;6,5
CCN(Cc1cnn(C)c1)C(=O)CCCc1ccc(C)s1;6,5
CC(C)N(C[C@@H]1CCCCO1)C(=O)[C@H](C)Cc1cccs1;6,5
Cn1cc(S[C@@H]2CCC[C@]([NH2+]C3CC3)(C(=O)[O-])C2)cn1;6,5
Cc1cc([C@H]([NH3+])CCCC(=O)[O-])c(F)cc1F;6,5
Nc1cccc(CN(CCO)C2CCCCC2)[nH+]1;6,5
CCn1cc(CNC(=O)c2c(N)cnn2CC)cn1;6,5
Cc1ncc([C@@H](C)N[C@H]2CC[NH+](CC3CC3)C2)s1;6,5
CC[C@H]1CC[C@@H](N2CCO[C@H](c3nccs3)C2)C1;6,5
CCc1nsc(Nc2ccc(SC)cc2)n1;6,5
CNC(=O)CN1C(=O)COc2ccc(Cl)cc21;6,5
C[C@H](C#N)CNC(=O)Nc1ccccc1N(C)C;6,5
CCN(CC)C(=O)c1ccccc1NC(=O)C(Cl)(Cl)Cl;6,5
COc1ccc(O[C@@H](C)C(=O)N2CCCC2)c(C[NH3+])c1;6,5
COc1ccc(C[NH+]2C[C@@H](C)[C@@H](C)C2)c(OC)c1OC;6,5
N#CC1(NC(=O)CCc2ccco2)CCCCC1;6,5
Clc1ccc(N[C@H]2CCOC2)cc1Br;6,5
CCn1nccc1C(=O)N[C@H](Cn1cccn1)C(C)(C)C;6,5
C[C@H]1[NH2+]CC[C@@H]1C(=O)NC[C@@H]1CCC(=O)N1;6,6
CCCNC(=S)NNC(=O)c1ccc(C)c(OC)c1;6,6
CCC(CC)(CO)Nc1ccc([N+](=O)[O-])cc1[N+](=O)[O-];6,6
C=CCSc1ccccc1N[C@@H]1CC[C@@H]([NH3+])C1;6,6
CCOC(=O)c1cnc(-c2cccnc2)nc1Cl;6,6
C[C@@H]1[NH2+]CC[C@H]1C(=O)NC[C@@H]1CCCC[C@@H]1CO;6,6
CC[S@@](=O)[C@@H]1CCC[C@H](NC(=O)NC[C@@H](C)CCO)C1;6,6
CCC[C@@H]1SC[C@H](C(=O)[O-])N1C(=O)CN1CCC([NH3+])CC1;6,6
COCc1ccc(C[NH+]2CCC([C@@H](O)C(=O)OC)CC2)o1;6,6
C=CCN(CC=C)C(=O)CSC1=C(C#N)C(C)(C)[C@@H](C#N)C(=O)N1;6,6
CC(C)([C@@H](N)c1cccnc1N)[NH+]1CCCCC1;6,6
C#Cc1cccc(NC(=O)C[NH+](C)CC2CCCC2)c1;6,6
COc1cc(Cl)c(C[NH+](C)CCCS(C)(=O)=O)cc1Cl;6,6
CC(C)(CNc1c(N)ccc(F)c1F)S(C)(=O)=O;6,6
COc1cc(OC)cc([C@]2(O)C[C@@H]2C)c1;6,6
CCCc1nc([C@H]2CN(C)CC[NH+]2C)nc([O-])c1Br;6,6
C[C@H](C(=O)N(C)Cc1ccccc1)[NH+]1CCCC1;6,6
COC[C@H]1CCC[NH+](Cc2ccc(Cl)cc2)C1;6,6
[NH3+][C@@H]1CCC[C@@H](n2ccnc2-c2cccs2)C1;6,6
CC(C)(C[NH3+])NC(=O)c1c(F)cc(Br)cc1F;6,6
COc1cc(OC)cc([C@H]2CC[NH+](CCC(F)(F)F)C2)c1;6,6
CC[C@H](NC(=O)OC(C)(C)C)c1nc(C)cc(C)n1;6,6
C[C@@H](OC(=O)[C@H]1C[C@@H]1[N+](=O)[O-])c1ccccc1[N+](=O)[O-];6,7
C[C@H]1[NH2+]CC[C@@H]1C(=O)NC[C@@H]1CCC[NH+](C)C1;6,7
Nc1cc2[nH]c(=O)[nH]c2cc1Br;6,7
O=C(Oc1cccc(F)c1)[C@@H]1C[C@@H]1c1ccccc1F;6,7
CCOC(=O)NNC(=O)c1ccc(C[NH+](C)C)cc1;6,7
Cn1ccc(S(=O)(=O)N[C@H]2C=C[C@@H](C(=O)[O-])C2)c1;6,7
CS(=O)(=O)c1ccc([C@@H](O)C[NH2+]C2COC2)cc1;6,7
CSC[C@@H](CCO)NC(=O)Nc1c(C)cc(Br)cc1C;6,7
CCC[NH2+][C@H](CSc1ccccc1)c1cscc1Br;6,7
C/C=C(\C)C(=O)N(CC)Cc1cccc(F)c1;6,7
N#Cc1ccc(N2CCC[C@@H](O)C2)nc1;6,7
C[C@H]1CCC[C@@H](C[NH3+])N1C(=O)NC1CCCC1;6,7
COC(=O)c1c(N)c2cc(F)ccc2n1C;6,7
CS(=O)(=O)[N-]c1cc([N-]S(C)(=O)=O)cc(C(=O)[O-])c1;6,7
CCC(=O)[C@H](C)c1ccc(Cl)c(Cl)c1;6,7
N#C[C@H]1COCCN1Cc1ccc(F)cc1F;6,7
C[C@H]1C[C@H](C)CN(C(=O)CCNS(C)(=O)=O)C1;6,7
CC[C@H](C)n1cnc2sc(C(C)=O)c(C)c2c1=O;6,7
Cn1ccs/c1=N\C(=O)Nc1ccccc1;6,7
COC(=O)c1sccc1-n1nnc(C(=O)OC(C)(C)C)c1C;6,7
CCNc1ccc(C)cc1C(=O)N(CC)C[C@H](C)CC;6,7
CN(C[C@H](O)c1ccc(F)c(F)c1)[C@@H](CCO)c1ccccc1;6,7
Cc1cc(CSc2nnc(NC3CC3)s2)no1;6,7
Cc1ccc([C@@H](C)[NH2+][C@H](C)CCc2ccco2)cc1;6,7
N#Cc1ccsc1NC(=O)COC(=O)c1cnccn1;6,7
CCO[C@@H]1C[C@@H]([O-])C12CCN(C(=O)c1cccs1)CC2;6,7
Cc1cc2c(N[C@@H](C)C(C)(C)C[NH+](C)C)ncnc2s1;6,7
COc1cc(Br)ccc1S(=O)(=O)NCc1cccnc1;6,7
C[C@H](CC(=O)[O-])CC(=O)NC(=O)N(C)C[C@@H]1CCC[NH+]1C;6,8
CN(C1CC1)S(=O)(=O)c1ccc(Cl)c([N+](=O)[O-])c1;6,8
Cc1c(I)cccc1C(=O)NOCC(N)=O;6,8
CN1C(=O)C[C@H](NC(=O)[C@](C)(N)C(F)(F)F)C1=O;6,8
CCn1ncc(NC(=O)Cn2cc(N)cn2)c1C(N)=O;6,8
CN1CCO[C@@H](CS(=O)(=O)c2ccc(C(=O)[O-])o2)C1;6,8
CNc1nc(N)c2c([nH+]1)CCC2(C)C;6,8
CC(=O)N1c2ccccc2CC[C@@H]1C(C)C;6,8
O=C(NCCCF)Nc1c[nH]nc1-c1ccccn1;6,8
O=C([O-])CSc1nc2cnccc2n1CCC1CC1;6,8
Cc1ccc(/C=C/C(=O)NC[C@H](CC(C)C)[NH+](C)C)o1;6,8
CCC[C@@](O)(C=C(C)C)c1ccccc1;6,8
COC(=O)C(C)(C)[C@H]1CCCN(C(=O)NCC[S@@](=O)C(C)(C)C)C1;6,8
COC[C@H](O)CC[NH2+][C@@H]1CCc2ccc(OC)cc2C1;6,8
COCCOCCNC(=O)N1CCN(C)C[C@@H]1c1ccccc1;6,8
CC(C)CCO[C@H]1CCCC[C@@H]1NC(=O)[C@@H](C)C1CC1;6,8
COCCCC(=O)Nc1ccc(N2CCC(O)CC2)c(C#N)c1;6,8
CC1CC[NH+]([C@@H](CNCc2cnc(N(C)C)s2)c2cccs2)CC1;6,8
COCCNC(=O)c1csc(COc2ccccc2Cl)n1;6,8
CN[C@H]1[C@@H](C[NH+](C)CC2CCCCC2)C(C)(C)OC1(C)C;6,8
CCC[NH2+]Cc1ccn(C[C@H]2CSc3ccccc32)c1;6,8
Cc1cccc(CC[NH2+]C[C@H]2COc3ccccc32)c1;6,8
CCOc1ccc(S(=O)(=O)N[C@@H](C)Cc2cccs2)cc1F;6,8
CCO[C@H]1C[C@@H]([NH2+][C@@H]2CCCC2(C)C)C12CCCCC2;6,8
CC1(C)CN(C[C@@H](CS)c2ccccc2)CCO1;6,8
CC[C@@H](N[C@@H](C)Cc1cc(C)n[nH]1)c1ccc(Cl)s1;6,8
CCC1([C@H]([NH2+]C)c2ccc(Cl)cc2)CCCC1;6,8
CCN(CCO)C(=O)Nc1ccc(OC(F)F)c(F)c1;6,8
Cc1csc(Cn2c3c(sc2=O)C[C@@H](C)CC3)n1;6,8
CCC[C@H](C)NC(=O)c1ccc(C)cc1Cl;6,8
Cc1ccc([C@@H](O)CN(C)CC(F)F)c(C)c1;6,8
COc1ccccc1N[C@H](C)C(=O)NC(C)(C)C;6,8
COc1ccc2nc(CC(=O)C(F)(F)F)sc2c1;6,8
CCN(Cc1ccccc1)C[C@H]1CCC(C)(C)[C@@H]1[NH3+];6,8
C[C@@H](O)[C@@H](C)Nc1ccc(Br)cc1C(F)(F)F;6,8
Cc1nc(CNC(=O)CCC(F)(F)F)sc1C;6,8
CN(CC(=O)N[C@@H](C#N)C(C)(C)C)C(=O)c1ccccc1;6,8
Cc1cc(C=O)c(O)c([N+](=O)[O-])c1;6,9
CNC(=O)[C@@H](CC(C)C)NS(=O)(=O)c1c(C)cccc1[N+](=O)[O-];6,9
C[C@H](Sc1cc(Cl)ccc1Cl)C(=O)NCCCC(N)=O;6,9
CCOC(=O)C1=C(C)NC(=S)N[C@@H]1c1ccccc1Br;6,9
Nc1cccc(C(=O)N2CCCC2)c1;6,9
CCc1nn(C)cc1NC(=O)C(=O)N1CC[C@@H](C[NH+](C)CC)C1;6,9
COc1ccc2c(c1)[C@](C)([NH3+])CCC2;6,9
COC(=O)CN(CC(=O)OC)c1ccc2nccnc2n1;6,9
CC(=O)c1ccc(Br)cc1O;6,9
CCCOCC(=O)N[C@@H]1CCCC[C@@H]1OC1CCCC1;6,9
FC(F)(c1ccccc1)c1ccccn1;6,9
Cc1nc(CN(C)c2nc(Br)cn3ccnc23)cs1;6,9
O=Cc1ccc(-c2ccc(Cl)c(Br)c2)s1;6,9
N#C[C@H]1CN(C(=O)c2ccc(F)cc2N)CCO1;6,9
CC(C)CCC[NH2+][C@H]1CCOC2(CCCCC2)C1;6,9
CC[NH+]1CCN(C(=S)Nc2ccc(F)cc2)CC1;6,9
C[C@@H](c1ccncc1)N(C)C(=O)NC[C@@H](C)C[NH+]1CCN(C)CC1;6,9
Cc1nc([C@@H]2C[NH+]3CCN2CC3)sc1C[NH2+]C(C)(C)C;6,9
CCC(=O)N1CC[NH+](Cc2ccccc2)CC1;6,9
CC(C)c1[nH+]ccn1CCC(=O)Nc1cc(C[S@](C)=O)ccc1Cl;6,9
Cc1cc(CN[C@@H](C[NH+](C)C)C(C)C)ccc1Br;6,9
C[C@H](c1ccccc1Cl)N(C(=O)c1ccoc1)C1CC1;6,9
FC(F)SCc1ccc(CN2CC[C@H]3[C@H](CCC[NH+]3C3CC3)C2)o1;6,9
CCN(CC)C(=O)NCCC(=O)Nc1ccc(C)cc1Cl;6,9
CC[C@@H](C)N(C)C(=O)c1ccc(C)c(O)c1;6,9
Cc1cc(Br)cc(N)c1Oc1ncccc1C#N;6,9
CCC[C@@H](C)[NH2+]Cc1coc(-c2ccc(C)cc2)n1;6,9
COC(C)(C)c1noc(-c2cc(Br)ccc2C)n1;6,9
CCCCc1nnc(NC(=O)N(C)CC2CCCC2)s1;6,9
COc1ccc(-c2c(C)n[nH]c2C)c(C(=O)[O-])c1;6,9
Cc1sc(Br)cc1S(=O)(=O)N1CCC[C@@H](CC[NH3+])C1;6,9
C[C@H](C(=O)N[C@H]1CCC[C@@H](C)[C@H]1C)c1ccsc1;6,9
CCc1ccsc1CNS(=O)(=O)N1C[C@@H](C)OC[C@@H]1C;6,9
C[C@H](CNc1nccnc1C#N)Oc1ccc(F)cc1;6,9
Cc1cc(F)cc([N-]S(=O)(=O)c2c[nH+]c[nH]2)c1;6,9
CCc1cc(C[C@@H](O)c2ccc(Cl)cn2)n(CC)n1;6,9
[NH3+][C@@H](Cc1ccc(F)cc1)C[C@H]1CSc2ccccc21;6,9
CC(C)OC[C@@H](O)c1cc(Br)c2c(c1)OCO2;6,9
Cc1nc(CCCO/N=C/c2ccc(F)cc2)cs1;7
[NH3+][C@@H](CC1=C[C@H](S)c2ccccc2C1)C(=O)[O-];7
CCCOc1cccc(C(=O)Oc2ccccc2)c1;7
[NH3+][C@@H](CCCCC(=O)[O-])c1ccc2[nH]c(=O)[nH]c2c1;7
C[C@@H]1CN(Cc2ccc([N+](=O)[O-])o2)C[C@@H](C(N)=O)O1;7
Nc1ccc(OCCCN2CCCCCC2=O)cc1;7
CCNc1nc(C)c(C(=O)N2CC[NH2+][C@H](C(=O)[O-])C2)s1;7
COc1ccc(Cl)cc1CSc1ccc(N)cc1F;7
CC(=O)N(Cc1ccc(NC(=O)[C@H](NC(N)=O)C(C)C)cc1)C1CC1;7
C[C@@H](CCCO)NC(=O)N1CCC[C@@H]([NH+]2CCCCCC2)C1;7
[NH3+]Cc1cccc(-c2nnco2)c1;7
CCC[NH2+]CCNS(=O)(=O)c1cccc2cnccc12;7
C[C@H]1CCCCN1C(=O)c1ccncc1C#CC[NH3+];7
Cc1nn(C)c(C)c1CNS(=O)(=O)[C@H]1CCC[NH2+]C1;7
O=S(=O)(NCC[C@H]1CCC[NH+](Cc2ccccn2)C1)C1CC1;7
COc1ncccc1Cn1ccc(C(=O)C2CC2)c1;7
C[NH+](CC1CCCC1)C[C@@H](O)COc1ccccc1F;7
Cc1ccc([C@@H](N)C(C)(C)[NH+](C)C)cc1C;7
O=C(Nc1cc(Cl)nc(Cl)c1)N1CCOCC1;7
Cc1cccc(OCC[NH+](C)CC(=O)N[C@H]2CCCC[C@@H]2C)c1;7
C#CCN(CC#C)Cc1ccc(O)c(Cl)c1;7
CO[C@@]1(C)C[C@H](NC(=O)C(=O)Nc2nnc(C(C)(C)C)s2)C1(C)C;7
COC(=O)[C@@H]1C[C@@H](O)CN1Cc1cc(O)ccc1Br;7
CCS(=O)(=O)C[C@H](C)N(C)C(=O)c1ccc(Br)cc1;7
CN(C(=O)NCc1ccc(Cl)nc1)C1CCC1;7
CCO[C@@H](C)c1nc(CN2CC[NH+](C3CCSCC3)CC2)cs1;7
CCN(Cc1cccc(N)c1)C(=O)c1cc(C)c(Br)s1;7
COc1cccc(C[NH+]2CCC[C@H](c3ncc[nH]3)C2)c1OC(F)F;7
CCO[C@H](C)c1nc(COc2ccccc2CO)cs1;7
C/C=C/c1ccc(OCC(=O)NC(C)C)c(OC)c1;7
CC[C@@H]1NC(=O)[C@@H](C(C)C)N(CC2C(C)(C)C2(C)C)C1=O;7
CC(C)(O)CC[C@@]1(C(=O)[O-])CCc2ccccc21;7
CC(=O)Nc1cccc(Oc2cnccn2)c1;7
C[NH2+][C@H](C)c1cc(F)ccc1O[C@H]1CCS(=O)(=O)C1;7
CC1CCN(S(=O)(=O)N[C@@H](C)Cc2ccco2)CC1;7
COC(=O)N1CC[C@H]([NH2+][C@@H](C)c2ccc(OC)cc2)C1;7
Cc1ccc([C@H](CO)Cc2ccncc2Cl)cc1;7
C[C@@H](NC(=O)[C@@H]1CSCN1C(=O)CC(C)(C)C)c1ccccn1;7
CC1CCC([NH2+]C2CCN(c3nccs3)CC2)CC1;7
CSc1ccc(C[NH+](CCO)Cc2ccc(C#CC(C)(C)O)s2)cc1;7,1
C#CCN1CCN(C(=O)C[NH2+]C2(C(=O)NCC3CC3)CCCC2)CC1;7,1
CC(=O)NCCc1ccc(S(=O)(=O)/N=C(\[O-])CC(C)C)s1;7,1
Cc1ccc(OCCCSc2nccn2C)cc1C;7,1
COCC[C@@H](C)C(=O)Oc1ccc(C(=O)N2CCCC2)cc1;7,1
C[C@H]1CCCC[C@@H]1[NH+]1C[C@@H]([NH3+])C[C@@H](C)C1;7,1
C#Cc1cccc(NC(=O)C[NH+](C)CC(=O)NCc2ccco2)c1;7,1
CCOC(=O)C1=C(C)OC(N)=C(C#N)[C@H]1c1ccc(SC)cc1;7,1
O=C([O-])c1ccc(C(=O)[O-])c(Br)c1;7,1
CC[C@@H](O)C[NH+]1CCC(NC(=O)[C@H](c2ccccc2)C(C)C)CC1;7,1
CCC1CCC(C(=O)c2cscc2C)CC1;7,1
C[C@H]([NH2+]C1CC[NH+](C)CC1)c1ccccc1;7,1
O=C([O-])CS(=O)(=O)[C@@H]1CCOC2(CCCCC2)C1;7,1
CO[C@@]1(C)C[C@H](N(C)C(=O)CCS(=O)(=O)C2CCCC2)C1(C)C;7,1
O=C(O[C@H]1CCC[C@H](C(F)(F)F)C1)c1occc1Br;7,1
CCC[NH2+][C@@H](Cc1ccc(I)cc1)[C@]1(C)CCCO1;7,1
C[C@H](Cc1ccsc1)NC(=O)NCC(=O)Nc1ccccc1;7,1
CCc1ccc(CC)c([C@H](NC)C(F)(F)C(F)F)c1;7,1
CS(=O)(=O)CCNC(=O)Cn1c(=O)[nH]c2ccccc21;7,1
Cc1ccn2nc(NCCc3cscn3)nc2c1;7,1
O=C(C[C@H]1CC[C@@H](C(=O)[O-])C1)c1ccc(Cl)cc1;7,1
CCc1cnc(CSc2nnnn2C2CCCC2)o1;7,1
C[NH2+][C@@]1(C(=O)[O-])CC[C@H](Oc2cccc(C)c2)C1;7,1
C[C@H](C(=O)[O-])N1CCCC[C@H](NC(=O)OC(C)(C)C)C1=O;7,1
CC(C)[C@@H](NC(=O)[C@H]1CC=CCC1)C(=O)N1CCOCC1;7,1
CSc1ccc(Cl)cc1NCC(=O)NCc1ccco1;7,1
CCC[NH2+][C@H]1CCC[C@H]1CCN1CCO[C@H]2CCC[C@@H]21;7,1
CC[C@H](CSC)N(C)C(=O)NOc1ccccc1C(F)(F)F;7,1
CC[NH+]1CCN(CCOc2ccc(CC#N)cc2)CC1;7,1
CCOC(=O)c1c(C)nc(N)nc1COc1ccc(OC)cc1;7,1
CN(CCN1CCCC1=O)Cc1cc(Cl)ccc1Br;7,1
CC(C)(C)Nc1ncnc(N2CCC(C(=O)[O-])CC2)c1N;7,1
CCC1(CC)CCN(C(=O)[C@@H]2CCC[C@H](C[NH3+])C2)C1;7,1
Cn1cc(CCC(=O)N2CCC[C@H](n3cncn3)C2)cn1;7,1
CC(=O)c1c(O)cccc1COc1ccccc1;7,1
CC[C@H]1CN(Cc2ccc(CC(C)C)cc2)[C@@H](CC)C[NH2+]1;7,1
N#Cc1c(N)nc2c(c1-c1ccco1)CCCCCC2;7,1
Cc1nc([C@H](C)[NH2+]Cc2ccccc2)cs1;7,1
CCCNC(=O)[C@H](C)n1c([C@@H](C)Cl)nc2cnccc21;7,1
COc1ccc(OC)c(CNc2nc(C)c(C(=O)[O-])s2)c1;7,1
COc1ccccc1[C@H](C)N1CC[C@H]([NH3+])[C@@H](C)C1;7,1
COc1cc(Cl)c(C)cc1NC(=O)CCCn1ccnn1;7,1
CN(C[C@H](O)C1CC1)C(=O)[C@H]1CCCN(C(=O)c2cccs2)C1;7,1
Cn1cc(CNc2ccc(F)cc2Cl)cn1;7,1
C[NH+]1CCC(CNC(=O)N[C@@H]2CC[C@H]([NH+](C)C)C2)CC1;7,2
COc1ccccc1[C@H](CNc1ncccc1[N+](=O)[O-])[NH+](C)C;7,2
C[C@@H]1CCC[NH2+][C@@H]1C(=O)N1CCN2C(=O)NC[C@@H]2C1;7,2
CCN(CC)C(=O)CSc1nc2c(cc1C#N)CCCCC2;7,2
C[C@@H](O)C[C@@H](C)CNC(=O)Nc1cc(CS(C)(=O)=O)ccc1Cl;7,2
CCOC(=O)N1CCN(C(=O)N[C@@H](CC(C)C)C[NH+](C)C)CC1;7,2
C=CC(=O)n1c(=O)oc2cc(Br)ccc21;7,2
COC(=O)[C@@H]1C[C@H](O)C[NH+]1Cc1cc(C)c(OC)c(C)c1;7,2
C[C@@H](Cn1cccn1)OC(=O)CCc1cc(F)ccc1F;7,2
CCOc1ccc(S(=O)(=O)N2CCS[C@H]2c2cccc(Cl)c2)cc1;7,2
CCN(C)[C@@H](C(=O)NCC1CCN(CC#N)CC1)c1ccccc1;7,2
CCC[NH+]1CCCN(C(=O)NCc2c(CC)nn(C)c2OC)CC1;7,2
C[NH+]1CCC(CNC(=O)CC2CN(C(=O)OC(C)(C)C)C2)CC1;7,2
OCc1cn(-c2ccc3c(c2)OCCO3)nn1;7,2
O=C(CCc1cccs1)NNc1ccc(F)cc1F;7,2
C=CCNC(=O)CN1CCO[C@H](c2ccccc2F)C1;7,2
OCC#Cc1cc(F)cc(COC[C@@H]2CCOC2)c1;7,2
Cc1cc(NC(=O)[C@@H]2C[C@@H]3C=C[C@H]2C3)ncc1Br;7,2
CC(C)(C)C(=O)Cn1ncnc1-c1cccc(C#N)c1;7,2
CN1CCO[C@H](c2nc3c(s2)[C@H](O)CC(C)(C)C3)C1;7,2
COc1ccc(F)cc1[C@H](C)N[C@@H](C(N)=O)c1ccccc1;7,2
Cn1cccc(NC(=O)[C@@H]2C[C@H]3CC[C@@H]2C3)c1=O;7,2
Cc1ccc(Br)cc1NC(=O)C[C@@H]1C[NH2+]CCO1;7,2
C[C@@H]1CN(c2ccccc2S(=O)(=O)C(F)(F)F)CC[C@@H]1[NH3+];7,2
O=C(CCS(=O)(=O)c1ccccn1)Nc1ccc(Cl)cc1F;7,2
CN(Cc1cnn(C)c1)C(=O)c1cc(F)ccc1O;7,2
C[C@@H]1CN(C(=O)Nc2ccc(COC(C)(C)C)cc2)CCO1;7,2
COc1ccc(-c2n[nH]cc2/C=N/NC(=S)NC(C)(C)C)cc1;7,3
Cc1ccc(NC(=O)COC(=O)CSc2ccc3ccccc3c2)cc1;7,3
Cc1cc(C)cc(OCC(=O)NNC(=S)NC(=O)C2CC2)c1;7,3
CCc1ccccc1OCC(=O)OC[C@@H]1CC=CCC1;7,3
CSc1ncc(C(=O)N2CCC([NH+]3CCC[C@H](O)C3)CC2)cn1;7,3
c1ccc(-c2n[nH]c(SCCOC[C@H]3CCCO3)n2)nc1;7,3
Cc1ccc(C)c(S(=O)(=O)/N=C(\[O-])CCc2cccs2)c1;7,3
CCOC(=O)[C@H](C)CNC(=O)C(=O)Nc1ccc(F)c(F)c1;7,3
C[C@H]([NH2+]CCCC(=O)NC1CC1)c1ccc(F)cc1O;7,3
CC(C)C[NH+]1CC[C@@H](CNC(=O)N[C@H]2CCCN(C(=O)OC(C)(C)C)C2)C1;7,3
CCc1nc2cc(CCCn3cc[nH+]c3)ccc2o1;7,3
CC1CC[NH+]([C@H](C)CNC(=O)C[C@H]2CCS(=O)(=O)C2)CC1;7,3
Cc1nn(-c2ccc(F)cc2)c(Cl)c1C[NH2+]CCC(=O)NC(C)C;7,3
CCN(C(=O)NCc1cc(Br)cs1)[C@@H](C)c1cccc(OC)c1;7,3
C[C@H]1C[C@@H](OC[C@@H]2CSc3ccccc32)CC(C)(C)C1;7,3
Cc1nnnn1CC(=O)N1CC[C@](C)(O)[C@H](C)C1;7,3
Cc1csc(CNC[C@H](C)c2nc3ccccc3o2)n1;7,3
COC(=O)C1=NC2=C(C(=O)C[C@H](c3ccccc3Cl)C2)[C@H]1C;7,3
COC(=O)[C@H]1Sc2[nH]c(=O)sc2[C@H](c2ccc(OC)cc2)[C@@H]1C(=O)OC;7,3
CC(=O)Nc1cc(NC(=O)N(C)CC(C)(C)O)c(F)cc1F;7,3
CC(C)(C)c1ccc(C(=O)C[C@H](C(=O)[O-])[NH+]2CCCC2)cc1;7,3
Cc1ccccc1CNC(=O)N[C@H]1C[C@@H]1C;7,3
COc1cc([C@@H](C)N[C@H]2CC[C@H]([NH+](C)C)C2)ccc1OC(F)F;7,3
C[C@@H](OC[C@@H]1CCCCO1)C(=O)N1CCC[C@@H]([NH+]2CCCC2)C1;7,3
CS[C@H]1CCC[C@@H]1NC(=O)N(CCO)CCc1ccccc1;7,3
C[C@](CO)([NH2+]Cc1nnc(Cc2ccccc2)o1)C1CCCCC1;7,3
CC(C)(C)CC(=O)Nc1ccc(Cl)c(C(=O)OCC2(C)COC2)c1;7,3
CCCCNC(=O)[C@@H]1CC[C@H](C)N(C(=O)c2cnn(CC)c2)C1;7,3
C[C@H](c1cccc(N)c1)N(C)C(=O)N1CCCC1;7,3
C[C@H]1CCCN(C(=O)Nc2nn(C)cc2S(N)(=O)=O)C1;7,3
CCOC(=O)[C@@H]1CCCN(C(=O)CNC(=O)c2cccs2)C1;7,3
CC[C@@H](NC(=O)C[C@H]1C=CCC1)c1nc(C(F)(F)F)cs1;7,3
CCCCN(C(=O)c1cc(F)cc(F)c1)[C@@H]1CCS(=O)(=O)C1;7,3
O=C(OCCc1ccccc1)[C@@H](O)c1ccccc1;7,3
CC1(C)CN(C(=O)c2csc(-c3cccs3)n2)CCS1;7,3
CCc1ccc(Cl)c(CC)c1NC(=O)NC[C@@H](C)C#N;7,3
Cc1occc1C(=O)NCC(=O)N(C)C[C@H]1CCCO1;7,3
CCCCN1C(=O)c2ccccc2[C@@H]1NC(C)=O;7,3
CC(C)CN1C(N)=[NH+]C[C@@]1(C)c1cc(Cl)ccc1Cl;7,3
CCc1ccc(C[C@@](C)(O)c2cc(F)cc(F)c2)s1;7,3
C[C@@H](OC[C@@H]1CCCO1)C(=O)Nc1ccccc1C(F)(F)F;7,3
COc1ccc(S(=O)(=O)/N=c2\[nH]cc(C)s2)cc1Br;7,3
CS[C@@H]1CC[C@@H](NC(=O)c2cc(F)ccc2F)C1;7,3
COC(=O)c1nscc1[N-]S(=O)(=O)c1cc([N+](=O)[O-])ccc1OC;7,4
CCCCSc1nc2n(n1)[C@@H](c1sccc1C)C(C(=O)OC)=C(C)N2;7,4
CCNC(=O)[C@H]1O[C@@H](n2cnc3c(N)ncnc32)[C@@H](O)[C@@H]1O;7,4
O=C([O-])C1CCN(C2=NC(Cl)=NC3=NC=N[C@@H]32)CC1;7,4
CCOC(=O)c1c(C=O)c2sc(C)cc2n1CC(=O)N1CCOCC1;7,4
CCC(=O)Nc1ccc([C@@H](C)NC(=O)NCC(=O)NC(C)C)cc1;7,4
COc1ccc(C(=O)CSc2n[nH]c(N)n2)cc1F;7,4
CC(C)NC(=O)C(=O)Nc1sc2c(c1C(=O)OC(C)C)CCCC2;7,4
CC1(C)CCCC[C@H]1Nc1ccccc1[N+](=O)[O-];7,4
CCCC1(CNC(=O)N[C@@H]2CC[NH+](C[C@@H]3CCCO3)C[C@@H]2C)CC1;7,4
C/C=C/C=C/C(=O)N(C)CC(=O)Nc1ccc(Cl)c(Cl)c1;7,4
Cc1nnsc1-c1nnc2sc(C(F)(F)F)nn12;7,4
COC1CC[NH+](CCC(=O)Nc2ccc(F)cc2N)CC1;7,4
C#CCN(CC(=O)N(C)Cc1c(F)cccc1Cl)[C@H]1CCS(=O)(=O)C1;7,4
O=C([O-])[C@H]1C[C@@H]2CCCC[C@H]2N1C(=O)CN1CSCC1=O;7,4
CCOCCC(=O)N1CCC[C@@H](COc2cccc(F)c2)C1;7,4
Cc1ncsc1CNC[C@H]1C[C@H](O)C[NH+]1Cc1ccccc1;7,4
C[C@@H](CCCO)NC(=O)NC[C@@H]1COc2ccccc2O1;7,4
O=C(Nc1ccccc1I)N[C@@H]1CCS(=O)(=O)C1;7,4
COCCCn1ccc(NC(=O)N[C@@H]2CCCOc3ccccc32)n1;7,4
C[NH+](CC(=O)Nc1ccccc1C(F)(F)F)Cc1ccc(Br)cc1;7,4
CN(Cc1ccc(Cl)nc1)C(=O)[C@@H]1C[C@H]2CC[C@@H]1O2;7,4
NC(=O)[C@]1([NH3+])CCC[C@H]1CCSc1ccc(Br)cc1;7,4
CCOc1ncccc1C(=O)N1CCC[C@](CC)(C(=O)[O-])C1;7,4
C[C@@H]1CC[C@@H](C(C)(C)CCSc2ccccc2)[C@H]([NH3+])C1;7,4
CSCc1cc(F)ccc1CNC(=O)C[C@@H](O)c1ccccc1;7,4
CN[C@@H](Cc1cccc(C)c1)C(C)(C)[NH+]1CCCC1;7,4
COc1cccc([C@@H](C)NC(=O)COC(=O)c2cccc(F)c2)c1;7,4
COC(=O)[C@H](NCc1cccc(OC)c1)c1cccc(C#N)c1;7,4
CCCCN(CC)C(=O)CNC(=O)c1ccc2c(c1)OCO2;7,4
COC(=O)[C@@H]1CCC[NH+]1CCCc1nc2ccccc2o1;7,4
OC1(Cc2ccccc2Cl)[C@H]2CCCC[C@H]21;7,4
CCOC(=O)N1CCN(CC(=O)N2CCC[C@H]2c2cccs2)CC1;7,4
CC(C)Cc1ccc([C@@H](C)C(=O)N[C@H](C(=O)[O-])C(C)C)cc1;7,4
CCC1(CC)CCN(c2nc(C(C)C)c(C(=O)[O-])s2)C1;7,4
CC1CC(NC(=O)[C@@H]2[C@@H](NC(=O)OC(C)(C)C)[C@H]3CC[C@@H]2C3)C1;7,4
Cc1n[nH]cc1C[NH+]1CCC(c2cnn(C)c2)CC1;7,4
CC1(C)CCCC[C@H]1[NH2+][C@H]1CCOC2(CCSCC2)C1;7,4
CC(C)(C)n1cc(C(=O)NCC2(C(N)=O)CCOCC2)cn1;7,4
CN(C)S(=O)(=O)c1cccc(CSc2ncccc2N)c1;7,4
COC[C@H]1CCCN(C(=O)N[C@H](C)C(=O)N2CCCC[C@H]2C)C1;7,4
Cc1ccc(F)c(O[C@H]2CC[C@]([NH2+]C(C)C)(C(=O)[O-])C2)c1;7,4
CCc1cc(CNC(=O)[C@@H]2C[C@@H]2c2ccc(OC(F)(F)F)cc2)on1;7,4
O=C([C@H]1CCCC[NH+]1Cc1sccc1Br)N1CCOCC1;7,4
CC[C@@]1(C(C)C)NC(=O)N(Cc2ccccc2Cl)C1=O;7,4
CC(C)N(CCc1nccs1)C(=O)Cc1cccc(O)c1;7,4
COc1ccccc1[C@@]1(Cc2sccc2C)NC(N)=NC1=O;7,4
CC(C)Oc1cccc(C(=O)Nc2nn(C)cc2C#N)n1;7,4
O=C(CCCc1cccs1)N1CCC[C@H](c2nc[nH]n2)C1;7,4
Cc1cc2c(F)c(F)c(F)c(F)c2[nH]1;7,5
C[NH+](C)[C@H]1CC[C@@H](NC(=O)c2ccc(C(=O)N[C@H]3CC[C@@H]([NH+](C)C)C3)s2)C1;7,5
C=CCCC[C@H](C)[NH+]1CCN(C(=O)N2CCOCC2)CC1;7,5
C=CCN1C(=O)S/C(=C\c2ccc(OC(C)C)c(Cl)c2)C1=O;7,5
CCN(CC)C(=O)/C=C/c1ccc(C(=O)OC)cc1;7,5
C[C@H]1CCCCC[C@H]1NC(=O)c1c(F)ccc(N)c1F;7,5
O=C(OCc1nc2ccccc2s1)[C@H]1SCCc2ccccc21;7,5
O=C(CSc1ccccn1)N[C@@H](c1ccc(F)cc1)c1cccs1;7,5
C[C@H](NC(=O)NCCC[C@@H]1CCCC[C@H]1O)c1ccc(Cl)s1;7,5
COc1ccc(S(N)(=O)=O)cc1C(=O)O[C@H](C)C(N)=O;7,5
Cc1cc(Cl)ccc1OCC(=O)Nc1c(C(C)C)cccc1C(C)C;7,5
O=C(CCc1nncn1-c1ccccc1)Nc1cccnc1Cl;7,5
CCNC(=O)[C@@H](C)Oc1ccc(OC)cc1/C=C/C(=O)[O-];7,5
O=C(NCCC1CCC1)N[C@@H](CO)c1ccc(Cl)cc1;7,5
C[C@@H]1[NH2+]CC[C@@H]1C(=O)N1CCN(c2cnccn2)CC1;7,5
COC[C@H](NC(=O)c1cnn(Cc2ccccc2)c1)C(N)=O;7,5
CC[C@@H](CO)NC(=O)N[C@H](C)c1cc2cccc(OC)c2o1;7,5
C[C@@H]1CN(C(=O)N[C@@H]2CCCCC[C@@H]2C(=O)[O-])C[C@H]1C;7,5
C[C@H](c1ccc(S(C)(=O)=O)cc1)[NH+](C)CC1CC[NH2+]CC1;7,5
N#C[C@H](COC(=O)[C@@H]1CCOc2ccccc21)Cc1cccs1;7,5
CCCNC(=O)C(=O)Nc1ccc(-n2cnnn2)c(C)c1;7,5
CCN(CC)C(=O)c1ccc(NC(=O)[C@@H](C)[NH+]2C[C@H](C)S[C@H](C)C2)cc1;7,5
CCCOc1c(Cl)cc(C[NH+]2CCN(C3CC3)C(=O)C2)cc1OC;7,5
O=C(NCCCc1nc(-c2ccc(Br)o2)no1)C1CC1;7,5
CCN1CCN(C(=O)CCc2ccc(OC)cc2)CC1;7,5
CC[C@@H]([NH2+]C1CCC(NS(C)(=O)=O)CC1)c1ccc(Cl)s1;7,5
CC[C@H](C)[C@@H](C)[NH2+]C[C@@H]1COc2ccccc21;7,5
CC(C)OC(=O)CC[NH+]1CCC[C@@H]1c1cccc(F)c1;7,5
O=C([O-])c1ncccc1-c1cc(Cl)cc(Cl)c1;7,5
CC(C)[NH+]1CCCN(C(=O)NCc2ccc(Br)s2)CC1;7,5
CCc1noc([C@H](C)[S@@](=O)Cc2cccc(F)c2)n1;7,5
CC[C@@](C)([C@@H](N)Cc1cc(C)cc(C)c1)[NH+]1CCCC1;7,5
Cc1ccc(C(=O)N(C)Cc2ccncc2)c(F)c1;7,5
COc1ccccc1N[C@H](CO)c1ccc(C2CC2)cc1;7,5
COc1ccccc1CN(CCO)C(=O)Nc1ccc(C#N)cc1;7,5
Cc1ccccc1-n1cnnc1SCC(=O)NCC(F)(F)F;7,5
C[C@@H]1CCC[C@H](CNC(=O)c2nccnc2C(N)=O)C1;7,5
CCc1onc(C)c1NC(=O)C[C@H](C)c1ccc(Br)cc1;7,5
CSCC[NH+](C)Cc1cccc(-c2ccncc2)c1;7,5
Cc1cc(F)c(C(=O)N[C@@H](C)CC(C)C)cc1S(N)(=O)=O;7,5
COCc1cccc(CNC(=O)Cn2ccccc2=O)c1;7,5
OCc1cnn(-c2ccccn2)c1C(F)(F)F;7,5
N#Cc1ccc(NC(=O)c2ccccc2F)cc1;7,5
COc1ccccc1C(=O)NCc1nc(C)no1;7,5
C[NH2+]Cc1cccc(S(=O)(=O)N2C[C@@H](C)[C@@H](C)C2)c1;7,5
CC[C@@H](C)NC(=O)[C@H]1CSCN1C(=O)[C@H]1SCCc2sccc21;7,5
COc1ccc(NC(=O)N[C@@H](C)c2nc(C)cs2)cc1OC;7,5
Cc1c(C(=O)NCCC(=O)N2CCCCC2)cnn1C;7,5
CCc1ncc(S(=O)(=O)N2CCCCC[C@H]2CC(C)=O)[nH]1;7,5
CC(=O)N1CCc2c(sc(NC(=O)c3cc(C)no3)c2C#N)C1;7,5
CCC(=O)N1CCC(Nc2cc(Cl)ccc2C)CC1;7,5
CC(C)(C)c1ccc(S(=O)(=O)N2CCC(C[NH3+])CC2)cc1;7,5
CC[C@@H](C)NC(=O)[C@@H]1CC(c2cccc(Br)c2)=NO1;7,5
N#Cc1csc(C(=O)N2CCC[C@H]2C(=O)Nc2nccs2)c1;7,5
COCCN1C(=O)c2ccccc2N[C@@H]1c1ccccc1Cl;7,5
Cc1[nH]ncc1CCCNc1ccc(Br)cc1[N+](=O)[O-];7,6
CN/C([O-])=C(\C#N)C(=O)Cc1csc(-c2ccccc2Cl)n1;7,6
NC(=[NH2+])c1ccc(COC2CCOCC2)cc1;7,6
COc1cc(C(=O)N(C)Cc2ccc(Cl)s2)ccc1OCc1cscn1;7,6
Cc1cc(C)c(CNC(=O)NC[C@@H]2CC[NH+](C(C)C)C2)c(=O)[nH]1;7,6
CC/C(=N\CCc1c[nH]cn1)C1C(=O)N(C)C(=O)N(C)C1=O;7,6
COC1CC[NH+](CCNC(=O)N[C@H]2CCCC[C@@H]2OC2CCCC2)CC1;7,6
C[NH+](CCOc1ccccc1)CC(=O)N1CCN(S(C)(=O)=O)CC1;7,6
Cc1cc(NC(=O)CNC(=O)[C@@H]2CCC(=O)N2)no1;7,6
CC(C)(C)N1C[C@@H](C(=O)N2CCC(C(=O)N(CC#N)CC#N)CC2)CC1=O;7,6
O=C(NCCCO)NCC(=O)N1CCc2ccccc2C1;7,6
O=S(=O)(NCC[NH+]1CCOCC1)c1ccc2c(c1)OCCO2;7,6
O=C(NCCN1CCCS1(=O)=O)[C@@H]1CCC[NH+]1Cc1ccccc1;7,6
CN(C(=O)C#Cc1ccccc1)c1nccs1;7,6
CC(C)n1cc([C@@H](C)[NH2+][C@@H](C)c2nc3ccccc3n2C(C)C)cn1;7,6
CCOC(=O)C1CCC([NH+](C)[C@H]2CCCC[C@@H]2S(C)(=O)=O)CC1;7,6
Cc1nccn1-c1ccc(CNC(=O)N[C@@H](C)[C@@H](C)CO)cc1F;7,6
CC[C@@H](C)C[C@@H](C)NC(=O)[C@@H](C)N1C(=O)[C@H]2CCCC[C@H]2C1=O;7,6
Cc1n[nH]c(SCC(=O)NC[C@H](C)Sc2ccccc2)n1;7,6
CN1C(=O)[C@](O)([C@H]2SC(N)=NC2=O)c2cc(Br)ccc21;7,6
CCC[NH+]1CCN(c2ccccc2CN2CCN(CC(F)F)CC2)CC1;7,6
C[C@@H]1[C@@H](C(=O)[O-])CC[NH+]1C1CCC(C(F)(F)F)CC1;7,6
COc1cccc(C(=O)OCc2nnc(C3CC3)n2C)c1F;7,6
CC[C@H]1CCCC[C@@H]1OC(=O)c1cn(Cc2cccnc2)nn1;7,6
Nc1cn[nH]c1NC(=O)Cc1cccc(Br)c1;7,6
CC(C)n1cnnc1C[NH2+][C@H](C)CC(=O)Nc1cccc(Cl)c1;7,6
CC(C)C[C@@H](C[NH2+]C1CC1)C[C@@H]1COc2ccccc21;7,6
COc1ncnc(N)c1C[NH+]1CCC(c2cnn(C)c2)CC1;7,6
CC(C)NC(=O)[C@H](Cl)c1cccc(C2CC2)c1;7,6
CCNC(=O)CCCC(=O)Nc1cc(-c2ncco2)ccc1C;7,6
CN(Cc1cccc(C#N)c1)C(=O)C[C@@H]1CCCCO1;7,6
c1cc(C[NH2+]Cc2ccc(N3CCCC3)cc2)n[nH]1;7,6
CN(CC[C@H]1CCCCO1)C(=O)c1ccc2c(c1)OCO2;7,6
CN(CCCc1ccccc1)c1ccc(N)c(N)[nH+]1;7,6
CC(=O)Nc1cc(C(=O)Cl)nc2ccc(Cl)cc12;7,6
Cc1cc(N[C@@H]2C[C@H]2c2ccccc2)[nH+]cc1N;7,6
C[C@H]([NH2+]CCn1cnnc1C1CC1)c1ccc(F)cc1Br;7,6
C[C@H](NC(=O)OC(C)(C)C)C(=O)Nc1cc(F)cc(Br)c1;7,6
C[C@H]1C[NH+](CC(=O)N2CCN(Cc3ccsc3)CC2)C[C@@H](C)S1;7,6
COc1cc(NC(=O)N2CC[C@@H](C)[C@@H](O)C2)ccc1Br;7,6
C[C@@H]1C[C@H](c2ccccc2F)[NH+](CC(=O)N(C)CC2CC2)C1;7,6
Cn1[nH+]c(-c2ccc(OC(F)(F)F)cc2)cc1N;7,6
O=C(NC[C@@H](O)c1ccco1)c1csc2c1CCCC2;7,6
CCN(CC)C(=O)Nc1ccc(Oc2ccc(F)cc2)nc1;7,6
Cc1cccc(NC(=O)COc2ccc(Br)cc2)c1;7,6
Cc1c([C@H](C[NH3+])N2CCCCc3ccccc32)cnn1C;7,6
Cc1nc(C)n(-c2ccccc2NC(=O)N(C)CC(C)(C)C)n1;7,6
CC(=C/c1cccc([N+](=O)[O-])c1)/C=N/NC(N)=S;7,7
O=C(CSc1ccccc1)Nc1c(Br)cc(Br)cc1[N+](=O)[O-];7,7
O=C(CCc1cccs1)NCCCN1C(=O)[C@H]2[C@@H]3C=C[C@@H](C3)[C@@H]2C1=O;7,7
COCCN1C(=O)N[C@@](C)(c2ccc([N+](=O)[O-])cc2)C1=O;7,7
Cc1ccc(OCC(=O)Oc2ccc(C(=O)Nc3ccccc3)cc2)cc1;7,7
COCCOC(=O)C1=C(C)Nc2nc3ccccc3n2[C@@H]1c1ccncc1;7,7
CN(C)C(=O)/C(C#N)=C1/C(=O)Nc2ccccc21;7,7
O=[N+]([O-])c1ccc(N(C[C@@H]2CCCO2)C[C@@H]2CCCO2)c(F)c1;7,7
Nc1cc(-c2cccc([N+](=O)[O-])c2)no1;7,7
COC(=O)C1=C(C)N(C(C)C)C(=O)/C1=C\c1cc(OC)ccc1OC;7,7
Cc1ccc(CNC(=O)CN2CC[NH+](CCCO)CC2)cc1F;7,7
O=c1c2cc(Cl)c(Br)cc2ncn1C[C@@H](O)CNc1ccc(Cl)cc1;7,7
CC(C)CCCNC(=O)C(=O)Nc1ccc(F)c(Cl)c1;7,7
CC[C@H](C)NC(=O)C[NH+]1CCc2ccc(N)cc2C1;7,7
CCOc1ccc([C@@H]([NH3+])c2n[nH]c(-c3ccccn3)n2)cc1OCC;7,7
Cc1cc(F)c(N)cc1S(=O)(=O)NCCc1ncn[nH]1;7,7
Cc1ccc(OC[C@@H](O)C[NH+](C)C2CCC(CO)CC2)cc1;7,7
CO[C@H]1CN(C(=O)c2cn(C(C)C)cc(C(=O)[O-])c2=O)CC[C@H]1[NH3+];7,7
CN(C)C(=O)N(Cc1ccc(OS(=O)(=O)c2ccc(F)cc2)cc1)C1CC1;7,7
CC(C)N(C)C(=O)C1CCN(C(=O)NCCCN2C[C@@H](C)O[C@H](C)C2)CC1;7,7
C[NH+](C[C@@H](O)COc1ccc(C#N)cc1)[C@@H]1CCCC[C@@H]1S(C)(=O)=O;7,7
Cc1ccc(-n2nnn(CN(CCC#N)CCC#N)c2=S)cc1C;7,7
C[C@H](Oc1ccc(F)cc1F)c1ccnc2ncnn12;7,7
C[C@H](NC(N)=O)C(=O)Nc1cc(F)cc(F)c1;7,7
CCN(C[C@@H](O)c1ccc(C)cc1)C(=O)c1ncn(-c2ccccc2)n1;7,7
COc1ccc(C[NH+](C)[C@@H](C)C(=O)Nc2ccc(SC)cc2)cc1F;7,7
COc1cc(-c2ccno2)ccc1S(=O)(=O)NCc1ccco1;7,7
CCC1(CNC(=O)Nc2ccc(C(=O)NC(C)C)c(C)c2)CC1;7,7
CCC(CC)[C@H](CNC(=O)C12CC3CC(CC(C3)C1)C2)N1CCOCC1;7,7
COCCOc1cccc(CN2CCOC3(CCCC3)C2)c1;7,7
CC1(C)CCC[C@]([NH3+])([C@@H]2CCOC3(CCCCC3)C2)C1;7,7
C[C@H]1CC[C@@H](C(=O)O[C@H](C(F)(F)F)C(C)(C)c2ccccc2)O1;7,7
Cc1ccc(C)c(CSc2ccc(Cl)nn2)c1;7,7
N#Cc1ccc(Cl)c(NC(=O)NCCOCc2ccccc2)c1;7,7
CC(C)C[C@@H]1COCCN1C(=O)NC1CC[NH+](CC(C)C)CC1;7,7
CNC(=O)[C@@H]1CCCC[C@@H]1NC(=O)Nc1cnn(C(C)(C)C)c1;7,7
C[C@@H](OC(=O)c1scnc1C1CC1)c1cccc(F)c1;7,7
COc1ccc(CCC(=O)Nc2cc(Cl)ccc2N(C)C)cc1OC;7,7
Cc1ccnc2c1nc([C@H](C)Cl)n2C[C@H]1CCOC1;7,7
CN(C(=O)c1cc(NC(=O)OCC(F)(F)F)ccc1O)C1CCC1;7,7
N#Cc1ccc([C@@H](O)C[NH+]2CCCC3(C2)OCCO3)cc1;7,7
C[NH+]1CCN(Cc2ccc(OC3CCCC3)cc2)C[C@@H]1CCO;7,7
CCC1(CC)[C@@H](OC)C[C@H]1[NH2+][C@@H]1CCN(Cc2ccccn2)C[C@@H]1C;7,7
Cc1cc([C@@H](C)NC(=O)N[C@H]2C=C[C@@H](C(=O)[O-])C2)c(C)s1;7,7
COc1cccc(C[C@@H](N[C@@H](C)c2cnc(C)s2)C2CC2)c1;7,7
COc1ccccc1CNC(=O)C[S@](=O)Cc1ccc(Cl)cc1;7,7
C[C@@H](NC[C@@H](C)[NH+]1CCCCC1)c1cc(F)cc(F)c1;7,7
COC(=O)[C@H](NC(=O)c1cc(C(C)C)no1)c1ccc(F)c(F)c1;7,7
C[C@@H](CC[NH+](C)C)NC(=O)N1C[C@H](C)O[C@H](c2ccc(F)cc2)C1;7,7
CC(C)C[NH+]1CCC(NC(=O)c2ccnc(OC(C)(C)C)c2)CC1;7,7
N#C[C@]1(NC(=O)c2ccc(Cl)c(N3CCNC3=O)c2)CCSC1;7,7
Cn1ncc2c1CCC[C@H]2NC(=O)CN1CCCC1=O;7,7
C[C@H](O)C[C@H](Cc1cccc(Br)c1)C(=O)[O-];7,7
O=C(NC[C@H]1CCS(=O)(=O)C1)N(Cc1ccncc1)C1CC1;7,7
O=C(N[C@H](c1ccccc1)c1ccco1)N1CCC[C@H](CCO)C1;7,7
N#Cc1ccc(C[NH2+][C@H](c2ccc(F)cc2)C2CC2)cc1;7,7
O=C(NC[C@@H](c1ccsc1)N1CCOCC1)c1ccccc1Cl;7,7
COc1ccc2c(c1)[C@@H]([NH3+])[C@H](Sc1ccc(Br)cc1)C2;7,7
Cc1cc(SCc2ccc([N+](=O)[O-])c(NN)c2)n(C)n1;7,8
O=C(CSc1nc2ccccc2[nH]1)N/N=C\c1cccc(Cl)c1;7,8
Cc1ccc(NC(=O)COC(=O)/C(C#N)=C/c2ccccc2)c(Br)c1;7,8
Cc1cc(OC(=O)[C@@H](C)Sc2nncn2C)cc(C(C)C)c1;7,8
CC[C@@H](C[C@H](C)CO)Nc1ccc([N+](=O)[O-])c2cccnc12;7,8
CCCn1nnnc1CSc1nnc(-c2ccccc2OC)o1;7,8
C[C@@H](NC(=O)NCCC(F)(F)F)c1ccc(NC(=O)NC2CC2)cc1;7,8
C[NH+](C)CCCn1c(=O)[nH]c2sc3c(c2c1=[NH2+])CC(C)(C)OC3;7,8
CC(C)[NH+](C)Cc1ccccc1CNc1ncnc2[nH]cnc12;7,8
Cc1cc(NC(=O)C(=O)NC[C@@H](c2ccco2)[NH+](C)C)ccc1N(C)C;7,8
Cc1ccc(OCC(=O)NNC(=O)c2ccc(NC(=O)C(C)C)cc2)cc1;7,8
Cc1cc(CNC(=O)[C@H]2Cc3[nH+]c[nH]c3CN2)no1;7,8
C[C@@H]1CCC[NH+](CCNC(=O)N2CCC[C@H](c3[nH]cc[nH+]3)C2)C1;7,8
Cc1nn2c(=O)cc(COc3ccc(Cl)cc3)nc2s1;7,8
COC1(OC)CC[C@@]2(C)[C@@H](CC[C@H]3[C@@H]2CC[C@]2(C)[C@@H](O)CC[C@H]32)C1;7,8
Cn1cc[nH+]c1CC[C@@H]1CCCCN1C(=O)CCCS(N)(=O)=O;7,8
O=C(CCSc1nnc([O-])[nH]c1=O)Nc1ccc(F)cc1;7,8
CCC(=O)N1CCC[C@H](C(=O)NCC(=O)OC2CCCCC2)C1;7,8
O=C(NCCC[NH2+][C@@H]1CCSc2ccc(F)cc21)c1cccs1;7,8
CCCn1c(C)nnc1CS(=O)(=O)[C@H](C)C(=O)NC1CCC(C)CC1;7,8
CCOc1ccc(S(=O)(=O)N(C)c2ccccc2)cc1C(=O)[O-];7,8
CC(=O)O[C@@H](C)c1nc2ccc(C(=O)[O-])cc2[nH]1;7,8
CC(C)C[C@@H]1COCCN1C(=O)NNC(=O)Cc1ccccn1;7,8
C#CCCN1CCN(C(=O)c2cccc(NC(=O)[C@H]3CCCO3)c2)CC1;7,8
O=C(NC1CC1)C(=O)N1CCN(c2ccc(F)cc2)CC1;7,8
NC(=O)C[NH+](Cc1ccccc1)[C@H]1CCC[C@H](C2CC2)C1;7,8
C[C@@H](CNC(=O)N(C)C[C@@H](C)O)N1CCN(c2ccccc2)CC1;7,8
Cc1cc(CS(=O)(=O)[C@@H](C)CC(=O)[O-])c2ccccc2n1;7,8
CC(C)c1csc(NC(=O)CSc2nncn2C(C)C)n1;7,8
O=S(=O)(Nc1ccccc1CCC(F)(F)F)c1ccc(F)cc1;7,8
COc1c(C[NH2+]C[C@H]2CCCN(c3ncccn3)C2)c(C)nn1C;7,8
CCCOc1ccccc1NC(=O)C(=O)N1CCC(OC)CC1;7,8
CC[C@H]([NH2+][C@H](C)c1c(C)noc1C)C(=O)Nc1cc(C)on1;7,8
CCC[NH2+][C@]1(CO)CCC[C@H](Sc2ccc(C)c(C)c2)C1;7,8
C[C@H]1C[C@@H](C)CN(C(=O)C(=O)Nc2ccc(COC(C)(C)C)cc2)C1;7,8
c1cncc(N[C@@H]2CCC[C@H]2[C@@H]2CCCC[NH2+]2)c1;7,8
COc1ccc(Br)c(C(=O)N2CCN([C@H](C)C(N)=O)CC2)c1;7,8
CCC[C@@H](C)N(C)c1cc2c(cc1Cl)C(=O)C(=O)N2;7,8
CNc1cncc([C@@H]2CCCN2S(=O)(=O)c2cn[nH]c2)n1;7,8
C[NH+](C)[C@@H](CNC(=O)[C@@H]1CCCc2ccccc21)c1ccccc1;7,8
COc1ncccc1-c1cncc(C(=O)N2CCCCC2)n1;7,8
Fc1ccc(CN2CCNc3ccccc32)cc1;7,8
CN1CCO[C@H](C(=O)NC[C@H](O)c2cc(Cl)cc(Cl)c2)C1;7,8
C[NH2+][C@@H](Cc1c(C)cc(C)cc1C)c1c(F)cccc1F;7,8
Fc1ccccc1NC1CC[NH+](C2CCSCC2)CC1;7,8
CO[C@@H](CNC(=O)c1ccn(C(C)C)n1)c1ccc(F)cc1;7,8
C[C@@H]1CC(C(=O)Nc2c(F)cccc2F)C[C@@H](C)O1;7,8
CCOc1ccc([C@@H]2NC(=O)c3cc(Cl)ccc3N2)cc1OC;7,8
COc1cccc(N2CCC[C@@H](NC(=O)[C@@H](C)c3ccsc3)C2)c1;7,8
CS(=O)(=O)CCC(=O)NC1(c2ccc(F)cc2F)CCCC1;7,8
COc1ccc(NC(=O)[C@H]2C[C@H]2C)c(N2CCN(C(C)=O)CC2)n1;7,8
CC(=O)Nc1cc(NC(=O)c2ccc(Cl)s2)ccc1F;7,8
Cc1c(NC(=O)N2CCOC[C@H]2C2CC2)cnn1CCC(C)C;7,8
O=C(NCc1cc(F)cc(Br)c1)N1CCOCC1;7,8
CS(=O)(=O)Nc1cccc(C(=O)Nc2ccc(F)cc2)c1;7,8
COc1ccc(NC(=O)[C@H]2C[C@H]2C)cc1N1CCCCC1=O;7,8
NC(=O)[C@@H](c1ccc(F)cc1)N1CCc2ccccc21;7,8
CN(C)c1cc(C(=O)Nc2cc(C(C)(C)C)sc2C#N)ccn1;7,8
Cc1nc(CCCSc2nnc(-c3ccccc3Cl)o2)cs1;7,9
NNC(=O)[C@@H]1CCCN(C(=O)Cc2ccc(Cl)cc2)C1;7,9
COc1cc(C)ccc1C(=O)/C=C/c1cc(OC)c(OC)c(OC)c1;7,9
COc1ccc2c(c1)=[NH+][C@H](SCC(=O)Nc1ncc(C)s1)[NH+]=2;7,9
Nc1ccccc1NC(=O)N[C@H]1CCCCC[C@H]1C(=O)[O-];7,9
C[C@]12CCC(=O)N1[C@@H](C(=O)Oc1ccc(Cl)cc1Br)CS2;7,9
CCCc1cc(O)nc(S[C@H](C)C(=O)N[C@H](C)c2ccccc2)n1;7,9
CCCCNC(=O)/C(=C\c1cccs1)NC(=O)c1ccc(C)cc1;7,9
COC(=O)[C@H](CC1=c2ccccc2=[NH+]C1)NC(=O)c1cnccn1;7,9
COc1cc(C#N)ccc1OC(=O)[C@@H]1CC(c2ccc(Cl)s2)=NO1;7,9
CCCCN(C)C(=O)C1CCN(C(=O)[C@@H]2CCCN(S(=O)(=O)c3ccc(C)s3)C2)CC1;7,9
CCSc1ccccc1C(=O)Nc1nc2c(SC)cccc2s1;7,9
CS(=O)(=O)c1ccc(Oc2ccc(C#N)cc2)c([N+](=O)[O-])c1;7,9
C[NH+](C)[C@H](CNc1ccc(S(C)(=O)=O)cc1S(C)(=O)=O)C1CCCCC1;7,9
O=C(NCCCn1ccnc1)c1sc2cc(F)ccc2c1Cl;7,9
CC(C)[C@@H](C#N)OC(=O)CCNC(=O)NC12CC3CC(CC(C3)C1)C2;7,9
CC(=O)N1CCN(S(=O)(=O)c2ccc(S(=O)(=O)N(C)C)cc2)CC1;7,9
CC(C)[C@@H](NC(=O)N[C@H](C)C[NH+]1C[C@H](C)C[C@@H](C)C1)c1ccccn1;7,9
CCN(CC)C(=O)c1ccc(C(=O)N(CC2CC2)c2ccccc2)cc1;7,9
CC[NH+](CC)C[C@H]1CCN(C(=O)C(=O)Nc2ccc(F)c(C#N)c2)C1;7,9
C#CCOc1ccc(F)cc1NC(=O)N[C@H]1CCCC[C@H]1[S@](=O)CC;7,9
C#CCN(Cc1ncc(-c2ccccc2Cl)o1)[C@@H]1CCS(=O)(=O)C1;7,9
COc1ccc(Nc2nc3ccc(C)cc3s2)cc1OC;7,9
Cc1ccc([C@@H]2C[C@@H]2C(=O)NC2CC[NH+](CCOC(C)C)CC2)s1;7,9
Cn1nc(C2CCC2)cc1NC(=O)N[C@H](C(N)=O)C(C)(C)C;7,9
Cc1cncc(NC(=O)C(=O)N2CCC[C@@H](CC(N)=O)C2)c1;7,9
C[C@H](N[C@@H](Cc1ccccc1)C1CC1)c1ccnc(Cl)c1;7,9
CNC(=O)[C@H](C)CN(C)C(=O)CNC(=O)c1ccccc1C;7,9
CCCN(Cc1ccccc1O)C(=O)NCCc1nnc2n1CCC2;7,9
COc1cccc([C@H](CO)NC(=O)CCc2ccccc2Cl)c1;7,9
CCc1ccc(O)c(C(=O)N(CCO)CCc2ccccc2)c1;7,9
C#CCN1C(=O)N=C(N)[C@@H]1c1ccc2c(c1)OCCCO2;7,9
COC(=O)C1(NC(=O)Cc2csc(-c3cccnc3)n2)CCCC1;7,9
CS(=O)(=O)CCCS(=O)(=O)N[C@@H]1CCCc2ccc(F)cc21;7,9
CCO[C@@H]1C[C@H]([O-])C12CCN(C(=O)c1ccccc1)CC2;7,9
CC[NH2+][C@H](Cc1ccc(O)cc1)Cc1ccc(F)cc1Cl;7,9
Cn1cncc1[C@@H]1CC(=O)NC(=O)[C@@H]1c1cccc(Br)c1;7,9
N#Cc1ccc([C@@H](C(N)=O)N2CCC(OC[C@H]3CCCO3)CC2)cc1;7,9
CC(C)C[C@]1(C)NC(=O)N(Cc2ccc(Cl)c(Cl)c2)C1=O;7,9
CCOC(=O)Cc1csc(NC(=O)c2ccc(C#N)cc2)n1;7,9
CCc1ccc(NC(=O)[C@@H](C)S(=O)(=O)Cc2nncn2C)cc1;7,9
CCCc1nn(C)c(NCCc2ccc(F)cc2C)c1N;7,9
CO[C@H](C)C(=O)[n+]1ccc(C)cc1NC1CCCCC1;7,9
CCC[NH+]1CCCN(C(=O)Nc2ccc(C)c(C(=O)N(C)C)c2)CC1;7,9
C#CCNC(=O)c1ccc(N(C)Cc2ccc(F)cc2)nc1;7,9
CCC[C@@]1(Cc2cccc(C(F)(F)F)c2)CCC[NH2+]1;7,9
Cc1cc(C)n(-c2cncc(NC[C@@H](C)CN3CCOCC3)n2)n1;7,9
O[C@H](Cc1ccc(OC(F)(F)F)cc1)c1ccc(F)cn1;7,9
O=C1[C@H](NCc2cnc(C3CCC3)s2)CCCN1c1ccccc1F;7,9
CC1CC[NH+]([C@@H](C)C(=O)Nc2cc(Cl)cc(Cl)c2)CC1;7,9
Cc1nn(C)c(NC(=O)[C@@H](C)CCOc2ccccc2)c1C;7,9
Fc1cccc(CN2CC[NH+](Cc3ccon3)CC2)c1F;7,9
CC[C@@H]1CCCCN1C(=O)CNc1ccc(F)cc1C;7,9
COc1ccc(NC(=O)[C@@H](C)Oc2ccc(C)cc2)cn1;7,9
Cc1ccc(NC(=O)COc2ccc(Br)cn2)cc1;7,9
CN1CCO[C@H](CN(C)c2cccc(/C(N)=N/O)c2)C1;8
Cc1ccc(-n2c(SCCC#N)nnc2-c2ccc(Cl)cc2)cc1;8
Cc1nc(Oc2cccnc2)c2c(-c3ccccc3)csc2n1;8
O=C(OC[C@@H](O)CO)c1ccccc1Nc1cc[nH+]c2cc(Cl)ccc12;8
C[C@H]1CN(c2ccc([N+](=O)[O-])c(C(=O)[O-])c2)C[C@H](C)O1;8
CN1C(=O)C(=C/C=C/Nc2ccccc2)C(=O)N(C)C1=O;8
CSc1ccc(C(=O)NC[C@H]2C[C@@H](O)C[NH+]2Cc2ccccc2)cc1;8
C[C@@H](Cc1cccs1)N(C)C(=O)CSc1nnnn1C1CCCC1;8
CCn1cc(C[NH+](CC)CC2CCN(C3CC[NH+](C)CC3)CC2)c(C)n1;8
CC(=O)c1c(C)[nH]c(C(=O)Cn2nc(-c3cccs3)oc2=O)c1C;8
C[C@H](Oc1ccccc1F)C(=O)NNC(=O)NCc1cscn1;8
CC1(C)C[C@H](Nc2ccc(OCCO)cc2)C[NH+]1Cc1ccccc1;8
CC1CCC(N2C[C@@H](C(=O)OC3CCCCC3)CC2=O)CC1;8
Cc1cccc(CN(CC[NH+](C)C)c2cncc(C(N)=O)n2)c1;8
C[C@H](OC(=O)[C@@H]1CCCN1C(=O)c1ccccn1)c1ccccc1N(C)C;8
CCC(=O)Nc1ccc(NC(=O)N[C@H]2CCC[C@@H](CC)C2)cc1;8
O=C(C[C@@H]([NH2+]Cc1ccccc1)C(=O)[O-])Nc1cccc(Cl)c1Cl;8
Cc1ccc(CN2CCN(C(=O)C(=O)N3CCCC3)CC2)s1;8
Cc1ccc(/C=C/C(=O)N2CCC3(CC2)OCCO3)o1;8
COc1ccc(Nc2cc3nnc(C)n3cn2)cc1;8
CC[C@@H](C)NC(=O)/C=C/c1ccc(OCc2ccccc2)cc1;8
O=C(CCN1CCS(=O)(=O)[C@@H]2CCCC[C@@H]21)N1CCCCC1;8
O=C([C@H]1CCCC[C@@H]1C(=O)N1CCCCC1)N1CCCCC1;8
COc1cc(F)cc(CNC(=O)N(CCC(F)(F)F)C2CCC2)c1;8
Cc1ccc(C(N)=O)c(NCc2ccc(C(=O)[O-])o2)n1;8
CN(C)C(=O)CCCC(=O)Nc1cccc(-c2nc(C3CC3)n[nH]2)c1;8
CC[NH+](CC)[C@@H]1CCN(C(=O)C(=O)Nc2c(C)cc(C)cc2C)C1;8
O=S(=O)(NC[C@](O)(c1ccco1)C1CC1)c1cccc(C(F)(F)F)c1;8
Nc1cc(NC(=O)CCN2CCOCC2=O)ccc1Cl;8
COCC[C@@H](C)NC(=O)Nc1ccc(C(=O)N2CCC(C)CC2)cc1C;8
COC(=O)C1CCN(C(=O)Nc2ccc(F)cc2OCC2CC2)CC1;8
COc1cccc(NC(=O)[C@H](C)N(c2ccc(Cl)cc2)S(C)(=O)=O)c1;8
C[C@@H]([NH2+][C@@H](CO)c1ccc(Cl)c(F)c1)c1ccc([S@@](C)=O)cc1;8
C[C@H]1C[C@H](c2ccccc2F)N(C(=O)c2scnc2C2CC2)C1;8
C=C(C)Cn1c(N2CCCC2)nc2c1c(=O)[nH]c(=O)n2C;8
CCn1c(SCC(=O)N2CCC[C@H]2C(=O)NC)nc2ccccc21;8
CC[NH+](CC)C[C@H]1CCN(Cc2nc(-c3cccc(C)c3)no2)C1;8
CC1(C)C(CN2CCC(=O)NC3(CCCC3)C2=O)C1(C)C;8
COC(=O)c1ccc(F)c(NC(=O)c2cc(C)[nH]c2C)c1;8
CNC(=O)c1cn[nH]c1[C@]1(C)CCCN(C(=O)Cn2cccn2)C1;8
C[C@@H]1CCN(C(=O)[C@@H]2CSC(=O)N2)c2ccccc21;8
Cc1cccc(CS(=O)(=O)[C@@H](C)C(=O)N[C@@H](C)c2ccccc2C)c1;8
Cc1ccnc2c1nc([C@@H](C)Cl)n2CCC[NH+]1CCCC1;8
COc1cc(COC(=O)[C@H]2CCCN(C(N)=O)C2)ccc1C;8
CC(=O)N(C)c1ccccc1NCc1cc(C)ccc1OC(F)F;8
OC[C@@H]([NH2+]Cc1ccc(Cl)c(Cl)c1)c1ccc(Cl)cc1;8
C[C@H](C[NH+]1[C@H]2CC[C@@H]1CC(CC(=O)[O-])C2)c1ccccc1;8
C[C@@H]1c2cccn2CC[NH+]1CCC(=O)Nc1ccccc1;8
CC(C)n1cc(Br)cc1C(=O)N1CCN2C(=O)NC[C@@H]2C1;8
C[C@H]([NH2+][C@H](C)c1cccc([N-]S(C)(=O)=O)c1)c1ccc(F)cn1;8
Cc1ncn(C[C@@H](C)[NH2+]CCN2c3ccccc3C[C@@H]2C)c1C;8
CCNc1cc(C)ccc1C(=O)NCc1ccnc(C)n1;8
CCOc1ccc(NCc2cccc3c2OCO3)cc1OC;8
CCCC(=O)NC[C@H]1CCCN(c2nc(C)nc3[nH]ccc23)C1;8
O=C(CN1CCN(c2ccccc2F)C1=O)NC[C@H]1CCCO1;8
Cc1ccc(CNC(=O)N(C)[C@H](C)c2ccc([S@](C)=O)cc2)s1;8
CC[C@H]1CCCCN1C(=O)Nc1ccc(C(N)=O)c(F)c1;8
C[NH+]1CCC(N(Cc2ccco2)C(=O)C2[C@H]3CCCC[C@@H]23)CC1;8
Cc1cccc(OCc2nc(C(=O)NC3CC3)cs2)c1C;8
Fc1ccc(F)c(C[NH2+][C@@H]2CCO[C@@]3(CCSC3)C2)c1;8
CN(CC(C)(C)O)C(=O)Cc1ccc(C(F)(F)F)cc1;8
O=C(CSc1cccc[n+]1[O-])NNC(=O)c1ccc(F)cc1;8,1
COc1ccc2c(Cn3cc([N+](=O)[O-])ccc3=O)cc(=O)oc2c1;8,1
COc1cc([N+](=O)[O-])ccc1S(=O)(=O)Nc1[nH]nc(-c2ccc(C)o2)c1C;8,1
COc1ccc(/C=N/Nc2ccccc2[N+](=O)[O-])cc1OC;8,1
Cc1ccccc1-n1ccnc1SCC(=O)c1cc(F)ccc1F;8,1
CC(=O)c1sc(NN=Cc2ccccc2O)nc1C;8,1
COc1cccc([C@H](C)Sc2nnc(-c3ccco3)n2N)c1;8,1
COC(=O)c1ccccc1NC(=O)c1ccc(Cl)cc1I;8,1
CCc1ccccc1NC(=O)NCC1CC[NH+](CC(=O)NC(C)(C)C)CC1;8,1
O=C([O-])/C=C/C(=O)Nc1ccc(Cl)c(NC(=O)/C=C/C(=O)[O-])c1;8,1
CC(C)(C)Oc1ccc(NC(=O)C(=O)NOCc2ccccc2)cc1;8,1
CCOC(=O)[C@H]1CCc2sc(NC(=O)C3CCN(C(=O)c4cn(C)nc4OC)CC3)nc21;8,1
Cc1ccccc1C(=O)N1CCN(c2nc3c(S(C)(=O)=O)cccc3s2)CC1;8,1
C[C@H]1c2ccccc2O[C@H]1C(=O)OCc1nccn1Cc1ccccc1;8,1
COCC[C@H](N[C@H](C)c1nc2ccccc2n1C)c1ccc(Cl)cc1;8,1
O=C1[C@H]2CCCCN2C(=O)CN1C1CCS(=O)(=O)CC1;8,1
CCOc1ccccc1N1C(=O)N=C(O)/C(=C/c2cc(OC)c(OC)cc2OC)C1=O;8,1
C/C(=C/c1ccc(F)cc1)C(=O)OCCc1c(C)n[nH]c1C;8,1
C[C@H]1C[C@@H](C)CN(C(=O)c2ccc(NC3CC3)c([N+](=O)[O-])c2)C1;8,1
C[C@@H](Sc1nnc(-c2ccc(Cl)cc2)n1C[C@H]1CCCO1)C(=O)N(C)C;8,1
CCC1(CC)C[C@@H]1C(=O)N1CCOc2ccc(C[NH+]3CCC(C(=O)OC)CC3)cc2C1;8,1
Fc1cccc(C[NH2+]Cc2ccc(OCc3ccccc3)cc2)c1;8,1
CCCn1c(C)nnc1S[C@H](C)c1ccc(OC(F)(F)F)cc1;8,1
COCCNC(=O)c1ccc(-n2c(C)nc3ccccc3c2=O)cc1;8,1
COc1cccc(NC(=O)[C@H](C)[NH+](C)CC(=O)N2CCOCC2)c1;8,1
C[C@@H](NC(=O)NCCc1ccn(-c2ccccc2)n1)c1ccncc1;8,1
CCOC(=O)[C@@H](O)c1c(-c2ccc(Cl)cc2)nc2ccc(F)cn12;8,1
CC(C)C(=O)Nc1ccc(NC(=O)N[C@@H](C)C(=O)N2CCCC[C@H]2C)cc1;8,1
COCCCNC(=O)C1CCN(C(=O)NCc2ccc(C)cc2)CC1;8,1
CC(=O)Nc1cccc(NC(=O)COc2ccc(I)cc2)c1;8,1
CC[C@H](COC)NC(=O)c1cc2c(C)nn(-c3ccccc3)c2s1;8,1
N#Cc1ccccc1CSc1nnnn1-c1ccc(O)cc1;8,1
C[C@@H](NC(=O)NC[C@H](c1ccco1)[NH+]1CCCCC1)c1ccccn1;8,1
CCc1nc(C)c([C@H](C)N(C)Cc2ccc(N3CCOCC3)c(F)c2)s1;8,1
CC(C)Cc1nc(S(=O)(=O)c2ccc(F)cc2)c(N2CCOCC2)o1;8,1
Cc1cc(-c2cc3nc(C)c(C)c(NCCN4CCCC4=O)n3n2)no1;8,1
O=C([O-])c1c(S(=O)(=O)N2CCCCC2)sc2c1CC[NH2+]C2;8,1
CC(=O)Nc1ccc(NC(=O)[C@H](Sc2ccc(C)cn2)C(C)C)cc1;8,1
C[C@H]1C[C@H]1C(=O)N1CCN(C(=O)NCC(C)(C)[NH+]2CCCCC2)CC1;8,1
CC(C)[NH+]1CCC(CN2CCc3[nH]c[nH+]c3[C@@H]2c2[nH+]ccn2C)CC1;8,1
O=C(C[NH+](CCc1ccccc1)[C@@H]1CCOC1)NC1CCCC1;8,1
CCCNC(=O)c1cccc(CNS(=O)(=O)c2cnn(C)c2)c1;8,1
CC(C)c1ccc(S(=O)(=O)CC(=O)N(C)Cc2cccs2)cc1;8,1
CC(C)c1cc(Br)ccc1NC(=O)C(=O)NCC1(C)COC1;8,1
CC(C)CN(C)C(=O)c1cc2ccccc2c(Cl)n1;8,1
CC(C)c1nnc([N-]S(=O)(=O)/C=C/c2ccc(Cl)cc2)s1;8,1
CC[C@@H](NC(=O)C(=O)Nc1ccc(OC)cc1)c1c(C)nn(C)c1C;8,1
C[C@@H](CN[C@H](C)c1nc2ccccc2n1C(F)F)[NH+](C)C1CC1;8,1
COc1cc(C(=O)NCC(F)(F)F)ccc1OCc1ccc(Cl)cc1;8,1
C[NH+](C)Cc1ccccc1CNC(=O)C(C)(C)c1cccc(Cl)c1;8,1
CC[NH2+][C@]1(C(N)=O)CC[C@H](N2Cc3ccccc3C2)C1;8,1
Nc1ccc(C(=O)[O-])cc1O[C@@H]1CCOC2(CCC2)C1;8,1
CN(CCS(C)(=O)=O)C(=O)N[C@H](c1ccc(F)cc1)[C@@H]1CCCO1;8,1
CC(C)[C@H](C(=O)N(C)CC(=O)Nc1cccc(Cl)c1)N1CCCC1=O;8,1
C[C@@H](NC(=O)CCc1cccs1)c1cccc(S(N)(=O)=O)c1;8,1
CC[C@H](NC(=O)Nc1c(C)nn(CC)c1C)c1ccc(OC)cc1;8,1
CCCCCn1nc(C(=O)N2CC[C@H](O)C2)c2ccccc2c1=O;8,1
Cc1nc(N)nc(N2CCO[C@H](c3ccccc3)C2)c1CCC(=O)[O-];8,1
FC(F)(F)[C@H](Cc1ccccc1)NCC1CCN(c2cc[nH+]cc2)CC1;8,1
Cc1ccc(S(=O)(=O)N(C)C(C)C)cc1NCc1ccc(C#N)cc1;8,1
Cc1csc([C@H]2CN(Cc3cccc(C)c3C)CCO2)n1;8,1
CNC(=O)[C@@H]1CCCN1C(=O)Nc1ccc(OCC(F)(F)F)nc1;8,1
Cc1ccc(C)c([C@H]2OCCC[C@@H]2C[NH2+]CC(C)C)c1;8,1
CCC1(CO)CC[NH+](Cc2cn(-c3ccccc3)nc2C)CC1;8,1
CCOc1cccc([C@@H](C[NH3+])N2CCN(c3ccccc3)CC2)c1;8,1
CC(C)Cc1cc(C[C@@H]2C[C@H](NC(=O)N3CCOCC3)C2(C)C)no1;8,1
Cc1c(CN2CCN(c3ccc(N)c[nH+]3)CC2)cnn1C;8,1
Cc1nn(C)c(C)c1-c1cccc2c1C[C@@H]([NH+](C)C)CC2;8,1
COC[C@H](N[C@H]1CCc2cc(F)ccc21)c1ccc(F)c(F)c1;8,1
CC(C)(C)c1ccc(C2(C(=O)N3CCNC(=O)C3)CC2)cc1;8,1
Cc1ccsc1[C@](C)(O)[C@]1(C#N)CCCc2ccccc21;8,1
O=C(Nc1cn[nH]c1)N1CCC[C@@H]1Cc1cccc(F)c1;8,1
C[C@H]1OCC[C@H]1C(=O)NC(C)(C)Cc1ccc(Br)cc1;8,1
CCOc1ccc(C(=O)N2C[C@H](C(=O)NC)C3(CCCC3)C2)cc1;8,1
CC(C)([C@@H](O)Cc1csc2ccccc12)N1CCOCC1;8,1
COc1ccc(C(=O)N2C[C@@H](C(C)C)Nc3ccccc32)nn1;8,1
N/C(NC1CCCCCC1)=[NH+]/CCCCn1ccccc1=O;8,2
N#C/C(=C\c1cc(Br)cs1)C(=O)Nc1cc2c(cc1[N+](=O)[O-])OCCO2;8,2
COc1cccc(/C=C(\C#N)C(=O)Nc2cccc([N+](=O)[O-])c2)c1OC;8,2
COCCNc1ncnc(Oc2cccc3ccc(C)nc23)c1[N+](=O)[O-];8,2
Cc1noc(-c2cc(=O)n(CC(=O)NCc3cccs3)nc2-c2cccs2)c1C;8,2
Cc1cc(CN(C)c2ccc(S(=O)(=O)N3CCOCC3)cc2[N+](=O)[O-])no1;8,2
COc1ccc(NC(=O)CSc2nc(-c3ccccc3)c(N)s2)c(OC)c1;8,2
COCc1c(C(=O)N(C)C[C@@H]2CCC[NH+](C)C2)cnn1-c1ncc(C)c(-c2cccs2)n1;8,2
O=C(NCCn1nc(-c2cccs2)ccc1=O)c1ccc(I)cc1;8,2
Cc1ccccc1-c1nnc(SC[C@@H](O)c2ccc(OC(F)F)cc2)o1;8,2
O=C1COc2cc(C(=O)NCCSc3ccc(Cl)cc3)ccc2N1;8,2
O=S(=O)(Cc1cc(Cl)ccc1F)N(Cc1ccccn1)c1ccncc1;8,2
CCCOc1ccc(N2C(=O)[C@H]3[C@H]4C=C[C@](CO)(O4)[C@@H]3C2=O)cc1;8,2
C[C@H]1CN(C2CC[NH+](CC(=O)N[C@@H](C)C(=O)N3CCCCC3)CC2)CCO1;8,2
Cc1cc(F)ccc1S(=O)(=O)N[C@@H](Cc1c[nH]c2ccccc12)C(=O)[O-];8,2
CCN(C(=O)CN1C(=O)S/C(=C/c2ccccc2)C1=O)[C@@H]1CCS(=O)(=O)C1;8,2
COc1cccc([C@@H](CNC(=O)Nc2ccc(Cl)cc2Cl)[NH+](C)C)c1;8,2
CC[C@H](C)[C@@H](O)CNC(=O)N[C@@H](c1cc(F)ccc1F)C1CC1;8,2
O=C(NCC1(O)CCCCC1)[C@@H]1CCCN(C(=O)NC2CCCC2)C1;8,2
CCc1cccc(NC(=O)CCC(=O)N[C@H](C)c2ncn[nH]2)c1;8,2
COc1ccc(-n2ncc(C(=O)Nc3c[nH]nc3C)c2C(F)(F)F)nn1;8,2
Cc1ocnc1CNC(=O)[C@@H](Cc1ccccc1)n1cnnn1;8,2
Cc1nn(C)c2sc(C(=O)N[C@H](C)c3ccc(OC(C)C)cc3)cc12;8,2
Fc1cc(Br)ccc1COn1nnc2ccccc21;8,2
Cc1ccc2c(C)c(C(=O)Nc3cnn(CC[NH+](C)C)c3)oc2c1;8,2
CCCS(=O)(=O)N1CCN(Cc2nc(-c3ccc(F)cc3)cs2)CC1;8,2
C/C(=C/C(=O)Nc1ccc(CC[NH+](C)C)cc1)c1ccccc1Cl;8,2
CC[C@@H](C)NC(=O)c1ccc(NC(=O)c2cnoc2C)cc1O;8,2
CN(Cc1nnc(C2CC2)n1C)C(=O)c1ccccc1OCC(N)=O;8,2
CCc1ccc([C@H](C)CC(=O)N[C@@H]2CC=CCC2)cc1;8,2
CC(C)(C)c1ccccc1OCCNC(=O)[C@@H]1CCCN1C(N)=O;8,2
COc1ccc(CN2CCN(C(=O)Cn3cncn3)CC2)cc1F;8,2
Cc1cc(C(=O)N[C@H]2C=C[C@H](C(=O)[O-])C2)ccc1F;8,2
Cc1ccc([C@@H](C)OC(=O)CCNC(=O)c2ccc(F)cc2F)cc1;8,2
O=S(=O)([O-])c1cc(O)cc2ccc(Br)cc12;8,2
O=C(c1cncc(Br)c1)N1CCN(c2cccc[nH+]2)CC1;8,2
CCCNC(=O)N[C@H]1CC(=O)N(CCc2ccccc2)C1;8,2
COc1cccc2c1OC[C@@H]([NH+]1CCC(CCNC(C)=O)CC1)C2;8,2
COc1ccccc1[C@H](C)[NH2+]CC(=O)Nc1ccc(C(F)(F)F)cc1;8,2
Cc1ocnc1CNC(=O)N[C@H](C[C@@H]1CCOC1)c1ccccc1;8,2
Cc1cc(C)n(-c2ccc(N3CCC(C(=O)N(C)C)CC3)nn2)n1;8,2
C[C@@H]1CC(C(=O)Nc2ccc3c(c2)C[NH+](C)C3)C[C@@H](C)O1;8,2
O=C1C[C@H](c2ccsc2)[C@@H](c2cccc(F)c2)C(=O)N1;8,2
O=C(/C=C/c1c(Cl)nc2ccccn12)NC1=NCCS1;8,2
Cc1csc(NC(=O)/C=C/c2ccccc2Cl)n1;8,2
Cc1cnc(CN2CCN(c3cccc(F)c3C#N)CC2)o1;8,2
COc1cccc(CN(C)C(=O)NCCc2ccc(Cl)cc2)c1;8,2
C[C@@H](c1nccs1)N(C)C(=O)c1cccc(NC(=O)C2CCCC2)c1;8,2
CCn1c(-c2ccccc2)nn(C[NH+]2CCC[C@@H](C)C2)c1=S;8,2
COc1ccc(C[NH+]2CC[C@H](Oc3ccccc3Cl)C2)c(O)c1;8,2
[NH2+]=C1NC[C@H](c2cccc(Cl)c2Cl)N1c1ccccc1Cl;8,2
Cc1ccccc1CN1CCN(CC(=O)NCc2ccco2)C1=O;8,2
COc1ccc(OCC(=O)N[C@@H](C)c2ccc(F)c(F)c2)cc1;8,2
CC[NH+]1CC[C@H](N(C)C(=O)CCc2ccc(C#N)cc2)[C@H](C)C1;8,2
O=C1CCCN1CC[NH+]1CCC[C@H](c2ccccc2)CC1;8,2
CC(C)Oc1ccc(CNC(=O)N2CC[C@@H](C)[C@H](O)C2)cc1;8,2
C[C@@H](c1ccccn1)N(C)C(=O)[C@H]1CCCN(C(=O)NC2CCCC2)C1;8,2
Cc1nn(C)c(C)c1NC(=O)CN(c1ccccc1F)C1CCCC1;8,2
Cc1nnc(NCCC(=O)N2C[C@H](C)O[C@@H](C)C2)c(C#N)c1C;8,2
COC[C@H]1CN(C(=O)N[C@@H](c2ccccc2)c2ccco2)CCO1;8,2
Cc1ccc(Cl)cc1S(=O)(=O)N[C@@H]1CCCn2c(C)nnc21;8,2
COc1cc(C)c(C(=O)N[C@@H]2CCCc3c2cnn3C)cc1OC;8,2
Cc1ccc(OCCCOc2ccc(/C=C3\SC(=S)N(C)C3=O)cc2)cc1C;8,3
N#Cc1cc(Cl)nc(NNC(=O)CCNc2ccccc2[N+](=O)[O-])c1;8,3
COc1ccc(F)cc1C(=O)COC(=O)c1csc(-c2ccc(C)cc2)n1;8,3
C=C[C@]1(C)C[C@H]([C@@]2(C)C3=C(CC[C@@H]2C)CCC32SCCS2)OC1=O;8,3
CNc1ccc(/C=C2\CSc3ccc(F)cc3C2=O)cc1[N+](=O)[O-];8,3
Nc1cc(CSc2ccc(C(F)(F)F)cn2)ccc1O;8,3
O=c1oc2ccccc2cc1SCc1ccccc1;8,3
C[NH+](C)C(C)(C)CNC(=O)NCCOc1ccc2c(c1)CCC(=O)N2;8,3
CC/[NH+]=C(/NC[C@@H]1CCO[C@H]1C(C)(C)C)N1CCN(c2ncccn2)CC1;8,3
COc1ccc(CN(C)S(=O)(=O)c2ccc([N+](=O)[O-])cc2)cc1F;8,3
C=C(C)COc1ccc(-c2[nH]ncc2-c2ccc(OC)c(OC)c2)c(O)c1;8,3
C[C@H]1CCC[NH+](C(C)(C)CNS(=O)(=O)c2cn(C)c(=O)n(C)c2=O)C1;8,3
O=[N+]([O-])c1ccc(CS(=O)(=O)NC2CCCCCCC2)cc1;8,3
CO[C@H](CNCc1cn(C)nc1-c1cccc(Cl)c1)c1cccs1;8,3
Cn1c(SCc2ccccc2F)nnc1-c1ccccc1;8,3
C[C@@H](C(=O)Nc1cccc(N)c1)N1CC[NH+]2CCC[C@@H]2C1;8,3
COc1ccc(N(C)Cc2nnnn2-c2ccccc2)cc1OC;8,3
CCN(Cc1nnc(-c2ccccc2F)o1)c1ccc(F)cc1;8,3
Cc1nc(-c2cc(C(=O)NCc3ccc(N4CCOCC4)[nH+]c3)n(C)c2)cs1;8,3
CCCN(Cc1ccccc1N)c1ccc2nnnn2n1;8,3
Cc1noc(C)c1CN1CCN(Cc2cnc3cnccn23)CC1;8,3
CCc1cc2c(N3CCN(c4[nH+]ccn4C)CC3)ncnc2s1;8,3
Cc1nc(C)n(Cc2cccc(NC(=O)[C@H](NC(N)=O)C(C)C)c2)n1;8,3
CN1C(=O)[C@H](CC(=O)N2CCOc3ccc(Cl)cc3C2)N(C)C1=O;8,3
CCN(CCN1C(=O)NC2(CC[NH2+]CC2)C1=O)c1ccccc1;8,3
O=C(/C=C/c1ccccc1)N(Cc1cccnc1)C[C@@H]1CCCO1;8,3
CCc1onc(C)c1NC(=O)Cn1c(=O)n(CC)c2ccccc21;8,3
COC(=O)c1ccc(NC(=O)c2cc(S(=O)(=O)N3CCCC3)cn2C)cc1;8,3
Cc1cc(C)nc(CNC(=O)c2ccc(OC3CCN(C(=O)C4CC4)CC3)cc2)n1;8,3
CCCOc1ccccc1C(=O)N1C[C@@H]([NH+](C)C)[C@H](c2ccc(OC)cc2)C1;8,3
O=C(NCc1ccc(COCC(F)(F)F)cc1)N1CCN(c2cc[nH+]cc2)CC1;8,3
Cc1ccccc1C(=O)NC(=S)Nc1cccc(OCC(C)C)c1;8,3
C[C@H](O)Cc1cn(C2CC[NH+](Cc3ccc(N4CCCC4)cc3)CC2)nn1;8,3
CCOc1cccc(CN2CCc3nc(N4CC[NH+](CC)CC4)ncc3C2)c1;8,3
Cc1ccc(C#N)c(N[C@H]2CCc3cc(N)ccc32)n1;8,3
C[C@H](CC(=O)NCC(C)(C)N1CCOCC1)Cc1ccc(Cl)cc1;8,3
O[C@@H](C[NH2+][C@H]1CCCC[C@H]1C1CCCCC1)C1CCOCC1;8,3
Cc1cccc(OC[C@H](C)NC(=O)C=C2CN(C(=O)OC(C)(C)C)C2)c1;8,3
O=C(C[NH+]1CCc2sccc2C1)N(C1CCCC1)[C@@H]1CCS(=O)(=O)C1;8,3
CC(=O)C1=C(C)C(c2csc(CN3C(=O)CNC3=O)n2)=N[C@H]1C;8,3
O=C(c1ccccc1)N1CCO[C@H](CC2CCCCC2)C1;8,3
CCNS(=O)(=O)c1ccc(C(=O)N[C@@H]2CCC[C@H](C)[C@@H]2C)cc1;8,3
CS(=O)(=O)CCCC(=O)NC[C@@H]1C[C@]12CCc1ccccc12;8,3
COc1cc(C)cc(C[NH+]2CCN(c3ncccc3F)CC2)c1O;8,3
Cc1cc(NC[C@@H]2CC[C@@H](C(=O)N(C)C)O2)n2ncnc2n1;8,3
N#C[C@@H](NC(=O)CNc1cccc(F)c1)c1ccc(F)cc1F;8,3
C[C@H]1C[C@H]1C(=O)Nc1ccc(F)cc1C(=O)N[C@H]1CCC[C@H]1C;8,3
CC(C)(C)c1ccc(NC(=O)N2CCC(C3OCCO3)CC2)cc1;8,3
C[C@H]1Oc2c(ccc(Cl)c2Cl)[C@@H]1NCc1nncn1C1CC1;8,3
CC(=O)Nc1ccc(NC(=O)c2sc3nc(-c4cccc([N+](=O)[O-])c4)cn3c2C)cc1;8,4
C=CCOc1ccc(/C=C2\SC(=S)N(c3ccc(OC)cc3OC)C2=O)cc1;8,4
Cc1cc(/C=C2\C(=O)NC(=O)N(c3ccc(Cl)cc3)C2=O)c(C)n1-c1ccncc1;8,4
C[C@H]1CC(C(=O)NNC(=S)Nc2ccc(F)cc2)C[C@H](C)O1;8,4
Cc1ccccc1Cn1c(=O)c2c(nc3n(CCO)c(C)cn23)n(C)c1=O;8,4
COc1cc(/C=N/NC(=O)c2cc(C(C)(C)C)n[nH]2)ccc1O;8,4
CCOC(=O)CS[C@H]1CC(=O)N(c2cccc3ccccc23)C1=O;8,4
COc1cccc(-c2nc(COc3c(C)ccnc3Cl)cs2)c1;8,4
O=C(NCCN1C(=O)[C@H]2[C@H]3C=C[C@H](CC3)[C@H]2C1=O)N1CCCCC1;8,4
CC(C)(C)NC(=O)c1ccccc1NC(=S)NC(=O)c1cc(Cl)cc(Cl)c1;8,4
COc1ccc(NC(=O)CSc2ccc(C(C)=O)cc2F)cc1C;8,4
C[C@@H]1CN(c2ncccc2[N+](=O)[O-])CC[C@@H]1c1ccccc1;8,4
Cc1nc(SCC(=O)N(C)[C@@H](C)c2cc3ccccc3o2)oc1C;8,4
C=CCNC(=O)c1ccccc1NC(=O)CCc1c(C)nc(C)[nH]c1=O;8,4
CCCc1nnc(NC(=O)c2ccc(S(=O)(=O)c3ccc(Cl)cc3)o2)s1;8,4
C[C@H]1C[C@@H](C)C[NH+](Cc2ccc(CNC(=O)CNC(=O)c3ccoc3)cc2)C1;8,4
Cc1nc(-c2ccccc2)sc1[C@H](C)NC(=O)[C@H](C)c1cccs1;8,4
C/C=C/C(=O)N1Cc2nn(-c3cccc(C)c3)c(-n3cccc3)c2C1;8,4
CC[C@@H](C)Cc1c(C)sc2nc(CNc3ccccc3)[nH]c(=O)c12;8,4
O=C(NC[C@@H](CCO)c1ccccc1)c1ccn(-c2ccccc2)n1;8,4
CCCC[NH+]1Cc2cccc(N[C@@H](C)C(=O)Nc3cccc(C#N)c3)c2C1;8,4
C[C@@H](NC(=O)Cn1cncn1)c1cccc(OCc2ccccn2)c1;8,4
Cn1c(=O)c2[nH]c(Nc3ccccc3)nc2n(C)c1=O;8,4
CCc1ccc([C@@H](CO)NC(=O)NCC(C)(C)c2ccncc2)cc1;8,4
O=C(Cn1nnc(-c2ccc(Br)cc2)n1)NCc1ccccc1F;8,4
CCc1cccc(C(=O)NCc2nccn2Cc2ccccc2)c1O;8,4
Cc1c(C(=O)[O-])c(-c2ccccc2)nn1Cc1ccccc1;8,4
COc1ccc(N2C(S)=C(C#N)C(=O)N[C@@H]2c2ccc(OC)c(OC)c2)cc1;8,4
Cn1c(SCC(=O)N[C@@H](c2ccccc2)C2CC2)nnc1C1CC1;8,4
COc1ccccc1NCC(=O)NCc1ccc(C(=O)N2CCCC2)cc1;8,4
CC(=O)N[C@H](CC(=O)N(C[C@H]1CCCO1)[C@@H]1CCSC1)c1ccccc1;8,4
CC[C@H](C)[C@H]1N=NC2=C1C[NH+](Cc1ccc(OC)c(Cn3cncn3)c1)CC2;8,4
Cc1ccc(NC(=O)NC[C@H](O)c2ccc(C)o2)cc1;8,4
COC(=O)C(C)(C)[C@@H]1CCCN(C(=O)c2ccc(C)c(C)c2)C1;8,4
CCN1C[C@H](C(=O)NCc2cc3n(n2)CCN(C(=O)N(C)C)C3)CC1=O;8,4
O=C(c1ccoc1)N1CCN(S(=O)(=O)c2c(Cl)cccc2Cl)CC1;8,4
CC(=O)Nc1ccc(C(C)=O)cc1OCc1ccc(Br)cc1;8,4
COc1ccc2c(c1)[C@H](N[C@H](c1ccc(F)cc1)C(F)(F)F)CCO2;8,4
Cc1c(C(=O)N(C)CCC(C)C)cnn1-c1ccc(C(F)(F)F)cn1;8,4
Cc1cc(Br)ccc1NC(=O)CNC(=O)C1(c2ccccc2)CC1;8,4
O=C(C[NH+]1CCC(OCc2ccccc2F)CC1)Nc1ccc(F)cc1;8,4
C[C@@H](CC(=O)c1ccccc1)NC(=O)c1ccccc1O;8,4
COC1CCN(c2ccc(F)cc2CN(C)c2nccc(C)n2)CC1;8,4
CC[C@H](NC(=O)NCc1cc(C#N)ccc1F)C(=O)N1CCOCC1;8,4
Cc1c(NC(=S)NC2CCCCC2)c(=O)n(-c2ccccc2)n1C;8,4
C[C@H](c1cccnc1)N(C)C(=O)c1ccc(CNC(=O)C2CCCC2)cc1;8,4
CC(C)c1ccc(C(=O)N[C@@H]2CC[NH2+]C[C@H]2C)cc1;8,4
CC(C)(C)[C@H](NC(=O)N[C@@H]1CCC[C@H](S(C)(=O)=O)C1)c1ccccc1;8,4
COc1ccc([C@H](NC(=O)NC2CCOCC2)C2CCOCC2)cc1;8,4
C[C@@H]1CCC[C@@](CNC(=O)C(C)(C)c2cccc(C#N)c2)([NH+](C)C)C1;8,4
Cc1ccc(NC(=O)N[C@H]2CCOc3c(Cl)cccc32)s1;8,4
COc1ccc(N2C(=O)N=C([O-])/C(=C\c3ccc[nH]3)C2=O)cc1;8,4
O=C([O-])C1=NN(c2cc(F)ccc2F)[C@@H](c2ccccc2)C1;8,4
CC[C@@H]([NH2+][C@@H](C)c1nc2cc(Cl)ccc2n1C)C(=O)N1CCOCC1;8,4
COc1cccc(C(=O)NCC(=O)Nc2ccc(Cl)cc2)c1F;8,4
CCS[C@H]1CCCC[NH+](Cc2nc3sc(C)c(C)c3c(=O)[nH]2)C1;8,4
CN1CCO[C@H]2CN(C(=O)C[C@H](O)c3ccccc3)C[C@@H]21;8,4
CNC(=O)c1cc(C)ccc1NC(=O)[C@H]1C[C@H]1c1ccccc1Cl;8,4
CNc1cc([C@H]2CCCN(C(=O)CC(C)(C)C)C2)nc(-c2cccnc2)n1;8,4
Cc1ccc([C@@H](C)NC(=O)N2CCOC[C@@H]2C)cc1F;8,4
Cc1nn(-c2ccccc2)c(CN2CC[NH+](C)CC2(C)C)c1C#N;8,4
Cc1ccccc1CC(=O)N1CCC[C@@H]1CNC(=O)OC(C)(C)C;8,4
COCc1cccc(N[C@H]2CCN(c3ccccc3)C2=O)c1;8,4
Cc1cc(C(=O)N2CCCC2)ccc1NC(=O)[C@@H]1CCO[C@H]1C;8,4
Cc1cc(NC(=O)N2CCC[C@@H]2Cc2ccccc2Cl)no1;8,4
CS[C@H]1CC[C@@H](NC(=O)c2ccc(-n3cncn3)c(F)c2)C1;8,4
CO/N=C/c1ccc(/C([O-])=N/S(=O)(=O)c2cc(C)ccc2C)cc1;8,5
COc1ccc(-c2cc(CNC(=O)c3ccc([N+](=O)[O-])o3)no2)cc1;8,5
N#CCOc1ccc2[nH]cc([C@H](C(=O)[O-])[NH+]3CCN([C@@H]4CCS(=O)(=O)C4)CC3)c2c1;8,5
C/C(=N\Nc1nc2ccccc2s1)c1ccc(Cl)cc1;8,5
COc1ccc(OC)c(NC(=O)Nc2cc(N3CCN(Cc4ccccc4)CC3)ncn2)c1;8,5
Cc1nn(C)c(C)c1C(=O)C1=C([O-])C(=O)N(CCCN2CCOCC2)[C@H]1c1cccnc1;8,5
CC(C)(C)c1nc2cc(NC(=O)c3nccn4ccnc34)ccc2o1;8,5
Cc1ccc(C(=O)CCC(=O)Nc2cc(Cl)c(O)c(Cl)c2)cc1;8,5
CCCc1ccc(OC(=O)Cn2nc3n(c2=O)CCCCC3)cc1;8,5
O=C(Cn1ccc([N+](=O)[O-])n1)N[C@H]1c2ccccc2C[C@H]1O;8,5
CCOC(=O)c1nc(Cn2nc(-c3ccc(C)cc3)ccc2=O)no1;8,5
c1ccc2c(c1)C[C@@H](CSc1nc3ccccc3o1)S2;8,5
CCC[NH+]1CC[C@H](CNC(=O)C(=O)Nc2cccc(-c3ncc(C)o3)c2)C1;8,5
C[NH+](CCc1ccccc1)CCN1CC2(CC[NH+]([C@@H]3CCCOC3)CC2)OC1=O;8,5
N#Cc1cc(NC(=O)c2occc2CSc2ccccc2)ccc1F;8,5
CC(C)c1csc([C@H](C#N)C(=O)c2ccc3ccccc3n2)n1;8,5
CN(Cc1nccn1C(F)F)Cn1nc(-c2ccc(F)cc2)oc1=O;8,5
CC1CC[NH+](CC(=O)NCC(=O)Nc2ccc(F)c(F)c2F)CC1;8,5
Cn1c(C[NH+](C)C)nnc1[C@@H]1CCCN(C(=O)c2n[nH]c3ccccc23)C1;8,5
CC[C@H](C)n1c([O-])c(C(=O)COc2ccc(Cl)c(C)c2)c(C)c(C#N)c1=O;8,5
Cc1csc(=O)n1CC(=O)N1CCc2sccc2[C@@H]1c1ccccc1;8,5
CC[C@H](NC(=O)NCC(=O)NCc1ccco1)c1ccc(Cl)cc1;8,5
CCOC(=O)C1=C(N)N(c2ccccc2)C2=C(C(=O)CC(C)(C)C2)[C@H]1c1cccs1;8,5
C[C@H]1CCC[C@@H]1NC(=O)NCCNC(=O)c1ccc(F)cc1F;8,5
C#CCn1/c(=N/C(=O)[C@@H]2CCCCN2S(C)(=O)=O)sc2cc(Cl)ccc21;8,5
CCC[C@H](C)NC(=O)[C@H]1CCC[NH+](Cc2ccc(N3CCOCC3)c(F)c2)C1;8,5
O=C(CNC(=O)N[C@@H]1CCC[C@@H](C2CC2)C1)NCc1ccccc1;8,5
N#Cc1ccc([C@H]2N(Cc3ccccc3)CC[NH+]2Cc2ccccc2)cc1;8,5
C[C@H](Cc1ccc(O)cc1)N(C)C(=O)c1nc(C2CC2)n2ccccc12;8,5
Cc1nn(Cc2ccccc2)c(C)c1C[NH+]1CCC[C@H](n2cccn2)C1;8,5
Cc1nc(S[C@H](C)C(=O)N[C@H]2CCS(=O)(=O)C2)n(C2CCCCC2)c1C;8,5
Cc1cc(O[C@H](C)C(=O)NCc2ccc(N3CCCC3)cc2)cc(C)c1Cl;8,5
CC(C)(C)Oc1cccc(-c2cc(=O)n3nccc3[nH]2)c1;8,5
C[C@@H](NC(=O)[C@@H]1CSCN1C(=O)CC(C)(C)C)c1nc(-c2ccccc2)cs1;8,5
Cc1nn(CCC(=O)N2C[C@H]3CC[C@@H]2CN(S(C)(=O)=O)C3)c(C)c1C;8,5
Cc1csc([C@@H](C)NC(=O)C(=O)Nc2ccc(Br)c(C)c2)n1;8,5
O=C(Nc1ccn(-c2ncccc2Cl)n1)c1ccc(Cl)o1;8,5
CC(=O)Nc1c(C)cc(NC(=O)[C@H]2[C@H](C=C(C)C)C2(C)C)cc1C;8,5
C=C(C)COc1ccc(C(=O)Nc2cccc(N(C)C(C)=O)c2)cc1;8,5
COCCO[C@@H](C)C(=O)Nc1nc2c3c(ccc2s1)CCCC3;8,5
CC[C@H]1C[C@@H](C(F)(F)F)n2ncc(C(=O)N[C@@H](C)Cc3ccccn3)c2N1;8,5
C[C@H](c1ccccc1F)N(C)C(=O)NC1CC[NH+](C[C@@H]2CCOC2)CC1;8,5
O=C([C@H]1CCC(=O)N1S(=O)(=O)c1ccccc1)N1CCCCC1;8,5
CC[C@H](C)N1C(=O)CC[C@H]1c1c(C)n(C)c2ccccc12;8,5
CC(C)(C)C(=O)N1N=C(c2cccc(NS(C)(=O)=O)c2)C[C@H]1c1cccs1;8,5
CC(=O)Nc1cccc(NS(=O)(=O)c2cccc(C(=O)[O-])c2)c1;8,5
C[C@H]1Oc2ccc(NC(=O)CC(C)(C)C)cc2CN(C2CCCCC2)C1=O;8,5
Cc1cccc(-n2ccnc2S[C@H](C)C(=O)N2CCNC2=O)c1C;8,5
CC(=O)Nc1ccc(NC(=O)C2CCC(Cn3cnnn3)CC2)cc1;8,5
CC(C)[C@@H]1NC(=O)c2ccccc2N(CC(=O)Nc2nccs2)C1=O;8,5
CCN(CC)c1ncc2c(n1)CC[C@@H](C(=O)NCc1ccccc1)C2;8,5
Cc1cc(N[C@@H]2CCc3c(O)cccc32)ncc1Br;8,5
C[C@]1(C(N)=O)CN(Cc2ccc3[nH]ccc3c2)CCO1;8,5
O=S(=O)(NC[C@@]1(O)CCc2ccccc2C1)C1CCCCC1;8,5
COc1cccc(NC(=O)C[NH+]2CCc3ccccc3C2)c1;8,5
Cc1cnc([C@H](NC(=O)N(C)Cc2ccccc2F)C2CC2)s1;8,5
O=C1C[C@@H](NS(=O)(=O)c2ccccc2)CN1Cc1ccccc1;8,5
COc1ccc(C(=O)NCc2ccc3c(c2)OCO3)cc1OC;8,5
C[C@@H](OC[C@H]1CCCO1)C(=O)Nc1cncc2ccccc12;8,5
Cc1ccc(NC(=O)CCc2ccccc2Cl)nc1;8,5
CCc1cc(N2CCC(CC(=O)NC)CC2)n2nc(C)c(C)c2n1;8,5
CCN(CC)C(=O)N1CCC[C@H]1c1nc(-c2ccncc2)n[nH]1;8,5
CCOC(=O)CN1C(=O)S/C(=C\c2ccc(-c3ccc(Br)cc3)o2)C1=O;8,6
CCc1ccc2nc(SCC(=O)Nc3ccc(S(=O)(=O)N(C)C)cc3)c(C)cc2c1;8,6
CCCN(CCC)C(=O)c1ccc2c(c1)[C@H]1C=CC[C@H]1[C@H](c1ccc(OC)cc1)N2;8,6
CC(=O)N(C(C)=O)N1C(=O)/C(=C/c2cccc(F)c2)SC1=S;8,6
Cc1ccc(F)c(NC(=O)C(=O)NCc2cccc(OCC(F)(F)F)c2)c1;8,6
O/N=C1\[C@H]2CC[C@H](C2)[C@H]1[NH+]1CCN(c2cccc(Cl)c2)CC1;8,6
O=C(CSCc1ccccc1Cl)NNC(=O)Nc1ccc2c(c1)OCO2;8,6
C[C@H](c1cccnc1)N(C(=O)NCc1ccc(Cn2cncn2)cc1)C1CC1;8,6
C[NH+]1CCC[C@H]1C(=O)N1CCN(Cc2ccc(O)cc2O)CC1;8,6
Cc1cnc(-c2cccc(NC(=O)C(=O)N[C@H]3CC[C@H]([NH+](C)C)C3)c2)o1;8,6
C[C@H](Nc1ccc(CO)cc1)C(=O)NCCc1ccc2c(c1)OCCO2;8,6
[NH3+][C@@H](Cc1c[nH]cn1)C(=O)N1CCN(c2nc3ccccc3s2)CC1;8,6
CCCCn1c([C@H](C)NC(=O)c2ccccc2C)nc2ccccc21;8,6
CC(C)CN1C(=O)CC(=O)N[C@@H]1SCC(=O)Nc1ccccc1C(C)C;8,6
CCOc1ccc(CN(C)C(=O)[C@@H]2CC(=O)N([C@@H]3CCS(=O)(=O)C3)C2)cc1;8,6
CCOc1cc2c(cc1/C=C(\C#N)c1nc3ccccc3[nH]1)OCO2;8,6
Cc1n[nH]c(C)c1CCOC(=O)Cc1cccc2cccnc12;8,6
CC(=O)N(CCc1ccccc1)CC(=O)N1CCC[C@@H](Cn2cncn2)C1;8,6
COc1cccc(C(=O)Nc2ccnn2CCc2ccccc2)n1;8,6
CCc1ccc([C@@H]2C[C@H](c3cccc(C)c3)n3nc(N)nc3N2)cc1;8,6
Cc1nc2c(s1)[C@H]([NH2+][C@@H](C)c1nc3ccccc3n1C(C)C)CCC2;8,6
O=C(c1cccc(OCC(F)F)n1)N1CCCC[C@H]1CN1CCOCC1;8,6
CC(C)n1cnc2cc(C(=O)NCc3csc(=O)[nH]3)ccc21;8,6
O=C(c1ccccc1NCCOc1ccc(F)cc1Cl)N1CCOCC1;8,6
O=C1S/C(=C/c2ccc3c(c2)OCO3)C(=O)N1CN1CCCC1;8,6
CCOC(=O)C1=C(c2ccccc2)NC(=O)N[C@H]1c1ccc(CC)cc1;8,6
CN(C)c1ccc(NC(=O)CN2CCN(C(=O)Cc3ccccc3F)CC2)cc1;8,6
O=C(NC(=S)Nc1ccc(Cl)c(C(=O)[O-])c1)c1ccccc1F;8,6
CCOc1ccc(-c2ccc(N3CCC[C@H](C(=O)[O-])C3)nn2)cc1;8,6
CC(C)Oc1ccc(CNC(=O)NCc2ccc3c(c2)OCO3)cc1F;8,6
Cc1ccc(C(=O)N2CCC([NH+]3CCC[C@@H](C(=O)NC4CC4)C3)CC2)s1;8,6
C[C@H]1Cc2ccccc2[C@H]1NC(=O)NOC1CCCC1;8,6
O=C(NNC(=O)c1c(F)cccc1Cl)c1ccccc1F;8,6
CCN(CC)C(=O)CCC(=O)Nc1ccc2c(c1)OC1(CCCCC1)O2;8,6
CC(=O)N[C@H](C(=O)Nc1cc(-n2cnnn2)ccc1F)C(C)C;8,6
COc1cc(CNC(=O)c2cc(NC(=O)C(C)(C)C)ccc2F)ccn1;8,6
C[C@@H](Oc1ccccc1C#N)C(=O)NCC1(c2ccc(F)cc2F)CC1;8,6
CC(C)NC(=O)N1CCN(Cc2nc3cc(C(=O)N(C)C)ccc3n2C)CC1;8,6
COCC(=O)N1CC[C@H](Cc2cnc3ccccc3c2)C1;8,6
COc1ccc(C(=O)N2CCN(c3ccc(F)cc3)CC2)cc1F;8,6
C[C@H]1C[C@H](NC(=O)Cc2cccnc2)CC[NH+]1Cc1ccccc1;8,6
Cc1noc(C)c1S(=O)(=O)NCC(C)(C)c1ccc2c(c1)OCCO2;8,6
COc1ccc([C@@H]2[NH+]=N/C(=N\C(=O)Cc3ccccc3)S2)cc1OC;8,6
COC(=O)N1CCc2c(sc(NC(=O)c3ccc(OC)cc3)c2C#N)C1;8,6
CCOc1cc2c(cc1CNC(=O)c1ccccc1C)O[C@@H](C)C2;8,6
Cc1cccc(C2(C(=O)Nc3ncccn3)CCC2)c1;8,6
Cc1ccc(C)c(S(=O)(=O)NC[C@H]2COc3ccccc3O2)c1;8,6
Cc1ccc(F)c(NC(=O)c2cccc(CS(C)(=O)=O)c2)c1;8,6
COc1cc(/C=C(\C#N)C(=O)Nc2c(C)cccc2C)cc([N+](=O)[O-])c1O;8,7
Cc1ccc([C@@H](C/[NH+]=C(/N)N[C@H]2CCOc3ccccc32)[NH+]2CCCC2)o1;8,7
Cc1ccc(-c2noc(CSc3nc(C4CC4)n(-c4ccccc4)n3)n2)cc1;8,7
COc1ccc(N2CCN(c3ncnc(Nc4ccc(Cl)cn4)c3[N+](=O)[O-])CC2)cc1;8,7
COc1ccc(C(=O)Nc2ccccc2C(=O)N/N=C/c2ccccn2)cc1OC;8,7
Cc1cccc(C)c1NC(=O)CSc1nnc(-c2ccc(Br)cc2)n1N;8,7
N#CC1=C(N)Oc2[nH]nc(-c3ccc(Cl)cc3)c2[C@@H]1c1ccc([N+](=O)[O-])s1;8,7
O=C(/C=C/c1csc(-c2ccco2)n1)c1cc(F)cc(F)c1;8,7
O=C1OC(c2cccs2)=N/C1=C\c1cc2ccccc2o1;8,7
O=C(OCCCn1c(=O)[nH]c2ccccc21)c1ccc(F)cc1Br;8,7
CN1C(=O)C(=O)N(CC(=O)N2N=C(c3cccs3)C[C@@H]2c2cccs2)C1=O;8,7
Cc1cc(C)c2c(c1)/C(=C1\SC(=S)N=C1[O-])C(=O)N2;8,7
N#Cc1cnc(Nc2nc3ccccc3o2)nc1-c1ccc(Cl)cc1;8,7
CC(C)Cc1nnc(NC(=O)c2ccc(/C=C3/SC(=S)N(C)C3=O)cc2)s1;8,7
C[C@@]12C=CC(=O)C=C1CC[C@@H]1[C@@H]3CC[C@](O)(C(=O)COP(=O)([O-])[O-])[C@]3(C)C[C@@H](O)[C@H]12;8,7
NS(=O)(=O)Cc1ccc(NC(=O)Cc2ccc([N+](=O)[O-])cc2)cc1;8,7
COc1ccc(OC)c([C@H](C)NC(=O)C(=O)Nc2ccc3[nH]ccc3c2)c1;8,7
COC(=O)C[C@@H](NC(=O)c1cc(F)ccc1C)c1ccc(SC)cc1;8,7
COCc1ccc(C(=O)NCCc2cccc([N+](=O)[O-])c2)cc1;8,7
Cc1ccc(N2C(=O)CC[C@H](C(=O)Nc3sccc3C#N)[C@H]2c2cccs2)cc1;8,7
COc1ccc(C)cc1NC(=O)[C@H]1CCCN1c1cc(C)ccc1[N+](=O)[O-];8,7
COc1ccc2cc([C@H](C)OC(=O)CCc3cnn(C)c3)ccc2c1;8,7
COc1ccccc1CNC(=O)C(=O)Nc1ccc(-c2csc(C)n2)cc1;8,7
C/C(=N\NC(=O)[C@H]1C[C@@H]1c1ccccc1)c1ccccc1O;8,7
Cc1ccc(CNC(=O)c2ccc(C[S@](=O)c3ccccc3Cl)o2)cc1;8,7
Cc1ccc(NC(=O)Cc2nc(-c3cccc(Br)c3)cs2)cc1;8,7
O[C@H](CNc1ncnc2sc3c(c12)CCNC3)c1ccccc1;8,7
CC(=O)Nc1ccc(NC(=O)c2cc(-c3ccccn3)[nH]n2)cc1;8,7
CC(C)[NH+]1CCC(C(=O)Nc2ccc(N3CCOCC3)cc2C(N)=O)CC1;8,7
CCCn1ccc2cc(NC(=O)[C@H]3CC(=O)N(c4ccc(OC)cc4)C3)ccc21;8,7
O=C(/C=C/c1cccnc1)Nc1ccc(C(=O)Nc2nccs2)cc1;8,7
O=c1[nH]c2ccc(-c3csc(NC[C@H]4CCCO4)n3)cc2[nH]1;8,7
C[C@H](CNC(=O)C(=O)Nc1ccc2c(c1)oc(=O)n2C)c1ccsc1;8,7
COc1ccc(NC(=O)NCC[NH+]2CCCCC2)cc1N1CCCCC1=O;8,7
CCn1nc(-c2ccccc2Cl)nc2c(=O)n(C)c(=O)nc1-2;8,7
Cc1cccc([C@@H]2CCCN2Cn2c(CCC3CCCC3)n[nH]c2=S)c1;8,7
Cc1cnc(NC(=O)c2ccn(COc3c(Cl)cccc3Cl)n2)s1;8,7
C[C@H]1CCc2c(ccc3c4c(ccc23)C(=O)[C@H](C)CC4)C1=O;8,7
COc1ccc(/C=C2/SC(=O)N(CC(=O)Nc3ccc(F)cc3)C2=O)cc1OC;8,7
CCCn1nccc1C(=O)Nc1cnn(CCc2ccccc2)c1;8,7
O=C1N[C@@H](c2ccccc2)[C@@H](C(=O)c2cccnc2)[C@](O)(C(F)(F)F)N1;8,7
Cc1cc(N2CCC(C)CC2)n2nc(-c3cccnc3)nc2n1;8,7
COc1ccccc1N(C)S(=O)(=O)c1cccc2ccccc12;8,7
CC(=O)Nc1ccc([S@@](=O)Cc2nnc(Cc3ccccc3)o2)cc1;8,7
O=C(CCOc1ccccc1)NNC(=O)Nc1ccc(Cl)cc1;8,7
Nc1ccc2c(N[C@H](Cc3ccccc3)C3CC3)ncnc2n1;8,7
COc1cccc(-c2cn[nH]c2C2CCN(Cc3[nH+]ccn3C)CC2)c1;8,7
Cc1cccc(Oc2ccc(Cl)cc2NC(=O)Cn2cc[nH+]c2)c1;8,7
Cc1n[nH]c2cc(NC(=O)CCc3ccncc3)ccc12;8,7
Cc1c(C)n(Cc2ccccn2)c2[nH+]c3c(c(N)c12)CCCCCC3;8,7
CN(Cc1cnn(-c2ccccc2)n1)C(=O)NCc1ccncc1;8,7
Cc1ccccc1[C@H](NC(=O)N[C@H]1CCCC[C@@H]1CO)C1CC1;8,7
CNS(=O)(=O)c1ccc(CNC(=O)Nc2ccccc2C)s1;8,7
C[NH+]1CCC(NC(=O)[C@H]2CCN(c3ccc(Cl)c(Cl)c3)C2=O)CC1;8,7
Cc1ccc(S(=O)(=O)N(C)c2ccc(C(=O)N3C[C@@H](C)O[C@H](C)C3)cc2)cc1;8,7
O=C([C@H]1CSCN1C(=O)CCCc1cc(F)ccc1F)N1CCCC1;8,7
CC(C)c1ccc2c(c1)[C@]1(NC(=O)[C@H]3COCCN31)C(=O)N2;8,7
CCc1onc(C)c1NC(=O)N(Cc1ccc(Cl)c(Cl)c1)C1CC1;8,7
CC(=O)N1CCc2c(NCCCc3ccccc3)nc(N(C)C)[nH+]c2C1;8,7
C[C@@H]1CN(C(=O)OC(C)(C)C)[C@H](C)CN1C(=O)CCn1ccccc1=O;8,7
COc1ccnc(N2CC[C@]3(CCCN(C4CCOCC4)C3=O)C2)n1;8,7
COc1cc(OC)cc([C@H]2CCN(C(=O)NC[C@H]3CCO[C@H]3C(C)C)C2)c1;8,7
CC[C@H](NC(=O)/C=C/c1ccc(C)c(Cl)c1)c1nc(C)n[nH]1;8,7
COc1ccc(C[NH+]2CCN(c3cc(Cl)ncn3)CC2)c(Cl)c1;8,7
CC[NH+]1CCc2c(cccc2-n2nnc(C(=O)NC3CC3)c2C)C1;8,7
O=C(NCc1ccc(-n2cncn2)nc1)N(C[C@H]1CCOC1)C1CC1;8,7
Cc1nn(C)cc1[C@@H](C)NC(=O)[C@@H]1C[C@@H]2CCCC[C@@H]2N1C(=O)OC(C)(C)C;8,7
C[C@@H]1CCCC[NH+]1CC(=O)N(Cc1cccs1)c1ccc2c(c1)OCCO2;8,7
CC(C)C(=O)Nc1ccc(C(=O)NC(C)(C)c2cccc(F)c2)cc1;8,7
CCOc1ccc([C@@H]2CCCN2C(=O)N[C@H](C)c2c(C)noc2C)cc1;8,7
Cc1cc(NC(=O)N2CCSC(C)(C)C2)ccc1C(=O)NC(C)C;8,7
Cc1ccccc1CN(C)C(=O)CNC(=O)c1ccc(Cl)cc1Cl;8,7
CNC(=O)NCCn1c(C)nc2cc(C(=O)N3CCCCCC3)ccc21;8,7
C[C@@]1(c2ccccc2F)NC(=O)N(Cc2cccc(C#N)c2)C1=O;8,7
Cc1[nH]ncc1C(=O)N[C@H]1CCN(C(=O)C2CCCCC2)C1;8,7
CC[NH2+][C@@H](Cc1ccc2c(c1)CCC2)c1ccc(F)cn1;8,7
Cn1cnc(CNC(=O)N2CCN(Cc3cccc(Cl)c3)CC2)n1;8,7
O=C(NC1CCC(CO)CC1)c1nc(C2CC2)n2ccccc12;8,7
COc1ccc(C2=CC[NH+]([C@H](C)c3nnc(C)o3)CC2)cc1;8,7
Cc1ccc(C(=O)N[C@@H]2[C@H]3CCC[C@H]3[C@H]2c2ccccc2)cn1;8,7
O=C(Cc1ccc([N+](=O)[O-])cc1)NCCc1csc2nc(-c3cccs3)nn12;8,8
Cn1cc(/C=C/C(=O)OCC#Cc2ccccc2)c(=O)n(C)c1=O;8,8
O=C1C(=O)N(Cc2nnc(-c3ccccc3)o2)C(=O)N1CCc1cccs1;8,8
COc1ccc(-c2nc(COc3cccc(-n4cnnn4)c3)co2)cc1;8,8
Cc1ccc(S(=O)(=O)[N-]c2ccccc2/C=N/c2ccc(F)cc2)cc1;8,8
O=C(NCC1(CO)CC1)C(=O)Nc1ccc2c(c1)N(S(=O)(=O)c1cccs1)CCC2;8,8
O=C1C(NS(=O)(=O)c2ccccc2)=C[C@H](NS(=O)(=O)c2cccs2)c2ccccc21;8,8
C[C@@H]1CCC[NH+](CCNC(=O)NCc2cccc(C(N)=O)c2)C1;8,8
CCCNC(=O)NC(=O)C[NH+]1CCc2nn(C)c(=O)cc2C1;8,8
COc1ccc(CCN2C(=O)[C@@H]3CC(C)=C(C)C[C@H]3C2=O)cc1OC;8,8
C[NH+](Cc1ccccc1NC(=O)N[C@H]1CCCC[C@@H]1CO)C1CCCCC1;8,8
C=C(C)CN1C(=O)N[C@@](CC)(C2CCN(C(=O)c3cccc(F)c3)CC2)C1=O;8,8
O=S(=O)([N-]c1ccccc1OCC(F)(F)F)c1cccc(-n2cnnn2)c1;8,8
CCCn1nnnc1CS(=O)(=O)Cc1nc(-c2ccccc2)oc1C;8,8
Cn1c(CC(=O)NNC(=O)c2cc(Cl)c[nH]2)nc2ccccc21;8,8
CC(C)n1nnc2cc(S(=O)(=O)N(C)CC(=O)NCc3cccnc3)ccc21;8,8
Cc1nc2cc(NC(=O)N[C@@H]3CCC[NH+](Cc4cccnc4)C3)ccc2s1;8,8
Cc1cc(-c2nnc(CN(Cc3ccco3)C3CCCC3)o2)c(C)o1;8,8
Cc1ccccc1OCc1nc2cc(Cl)ccc2n1C[C@H]1CCCO1;8,8
O=C1S[C@@H](Nc2cccc([N+](=O)[O-])c2)C(=O)N1c1ccccc1;8,8
O=C(COC(=O)CC1=c2ccccc2=[NH+]C1)Nc1ccc(Cl)cn1;8,8
Cc1ccc(C[C@@H]2S/C(=N/N=C/c3ccco3)NC2=O)cc1;8,8
Cc1cccc(N2C(=O)C[C@@H](N(O)c3ccccc3)C2=O)c1C;8,8
C[C@@H](NC(=O)Nc1ccc(C(=O)NC2CC2)cc1)c1ccccc1C(F)(F)F;8,8
Cn1cc(S(=O)(=O)[N-]c2ncc(Cc3ccc(F)cc3)s2)cn1;8,8
O=C(CCCn1nc(-c2ccccc2)c2cc(Cl)ccc21)NC1CC1;8,8
Cc1cc(C(=O)NCCCn2nc(C)cc2C)c2c(C)nn(C)c2n1;8,8
Cc1noc([C@H](C)NC(=O)c2ccccc2-c2ccc(C(F)(F)F)cc2)n1;8,8
CC[C@H](C)NC(=O)C1(c2ccc(NS(=O)(=O)c3cc(C)ccc3C)cc2)CC1;8,8
CCn1nc(C(=O)Nc2sc(-c3ccccc3)cc2C(N)=O)cc1C;8,8
Cn1c(=O)n(C)c2cc(Cn3ccnc3[C@@H]3CCOC3)ccc21;8,8
COc1ccccc1CCC(=O)Nc1nc(-c2ccccn2)cs1;8,8
CNC(=O)c1cc(NC(=O)N[C@H](c2ccccc2)C2CC2)ccc1Cl;8,8
Cc1nnc(NC(=O)c2cnc3sc4c(n3c2=O)CCC4)s1;8,8
C[C@H]1C[C@H]([NH2+]Cc2ccn(-c3ccccc3)n2)CN1c1ccccc1;8,8
Cn1nc2c(cc1=O)CN(C(=O)CCSc1ccccc1Cl)CC2;8,8
Cc1nc(-c2cccc(C(=O)Nc3nccn(C)c3=O)c2)no1;8,8
OC[C@]1(O)CCC[NH+](Cc2cccc(-c3ccccn3)c2)CC1;8,8
CC(C)[C@@H](CNC(=O)C(=O)Nc1c(F)cc(F)cc1F)c1ccccc1;8,8
Cc1ccc(-c2ncco2)cc1NC(=O)N[C@@H]1CCC[C@@]1(C)CO;8,8
COCCN1C(=O)c2ccc(C(=O)N[C@@H](C)c3ccccc3)cc2C1=O;8,8
C[C@H]1CCCN(c2nc3c(c(=O)[nH]2)[C@@H](c2cccc(Cl)c2)[C@@H](C#N)C(=O)N3)C1;8,8
COC(=O)c1ccc(C(=O)O[C@H](C)C(=O)Nc2c(C)cc(C)cc2C)cc1;8,8
COc1ccc(C(=O)NCCc2ccc(S(N)(=O)=O)cc2)cc1F;8,8
COc1cccc(CN2CCC[C@@]3(CCN(C(=O)C4CCC4)C3)C2=O)c1;8,8
c1ccc(Cn2cccn2)c(CN2CCO[C@@]3(C[NH2+]CCOC3)C2)c1;8,8
COCCn1ccc2ccc(NC(=O)C(=O)N3CCCCCCC3)cc21;8,8
COc1ccc([C@@H](C)NC(=O)N(C)[C@H](C)c2ccccc2)cc1OC;8,8
O=C(C[C@H]1SC(N2CCCCC2)=NC1=O)Nc1ccc(Cl)c(Cl)c1;8,8
CC(C)[C@@H](NC(=O)NCc1ccccc1)C(=O)N1CCCCCCC1;8,8
O=C(NCC1(O)CCOCC1)C1=Cc2cc(F)ccc2OC1;8,8
CC[C@@H](CC(=O)Nc1ccc2c(c1)COC2)c1ccccc1;8,8
CN1C[C@]2(CCCN(C(=O)c3[nH]cnc3-c3ccccc3)CC2)OC1=O;8,8
CC[S@](=O)[C@@H]1CCCC[C@@H]1NC(=O)c1ccc2c(c1)COCO2;8,8
Cc1cncc(NC(=O)N2CCC[C@@H]2CN2C[C@@H](C)O[C@H](C)C2)c1;8,8
CN(Cc1ccncc1)C(=O)NCC1(C)Cc2ccccc2C1;8,8
NNC(=O)COc1ccc(-c2n[nH]c(C(F)(F)F)c2-c2ccc(Cl)cc2)c(O)c1;8,9
c1ccc(-n2c(SCc3nnc(-c4ccco4)o3)nnc2C2CC2)cc1;8,9
O=C(CSc1ccc(Cl)nn1)N1CCc2cc([N+](=O)[O-])ccc21;8,9
CN(C)c1ccc(Sc2nnc(NC(=O)/C=C/c3ccccc3)s2)cc1;8,9
CCCSc1nnc(NC(=O)c2cc(-c3ccc(C)cc3)on2)s1;8,9
Cc1csc(NC(=O)CSc2nnc(C[NH+]3CCCCC3)n2-c2ccc(Cl)cc2)n1;8,9
Cc1cc(N2C[C@@]34C=C[C@@H](O3)[C@@H](C(=O)NCCCN3CCOCC3)[C@@H]4C2=O)no1;8,9
CCN1C(=O)/C(=C2\Sc3ccccc3N2C2CCCCC2)SC1=S;8,9
O=C(N/N=C/c1cc(Br)c(O)c(Br)c1)[C@H]1COc2ccccc2O1;8,9
Nc1cc(C(=O)OCc2nc(-c3ccc(Cl)cc3)no2)ccc1Cl;8,9
CC[C@H]1S/C(=N\N=C\c2ccc(N(C)C)cc2)N(Cc2ccccc2)C1=O;8,9
Cc1ccccc1[C@@H](CC(=O)Nc1ccc2[nH]ncc2c1)NC(N)=O;8,9
O=[N+]([O-])c1cccnc1N1CCC[C@@H](c2nc3ccccc3[nH]2)C1;8,9
COc1ccccc1N1C(=O)/C(=C/C=C\c2ccco2)C([O-])=NC1=S;8,9
C[C@@H]1CCc2c(sc3nc(CSc4n[nH]c(N)n4)[nH]c(=O)c23)C1;8,9
CC1(C)CCCC[C@@H]1N1C(=O)c2ccc(N)cc2C1=O;8,9
O=S(=O)(Cc1cccc(C(F)(F)F)c1)NCc1csc(-c2cccs2)n1;8,9
C[C@@H](Nc1nc(NCCO)c2ccccc2[nH+]1)c1ccccc1;8,9
COC(=O)c1ccc(-c2nc3c(n2O)C(=O)CC(C)(C)C3)cc1;8,9
CC[C@H](NC(=O)C(=O)Nc1ccccc1-n1cccn1)c1ccc(C)cc1;8,9
Brc1ccc2c(c1)=C(c1cccnc1)NN=C(c1cccs1)[NH+]=2;8,9
CNC(=O)[C@@H]1C2=C(CCCC2)S[C@H]1NC(=O)C1=NN=C(c2cc(C)c(C)cc2O)C1;8,9
CC(=O)Nc1cc(NCc2cccc3cn[nH]c23)ccc1C;8,9
CCN(Cc1ccccc1NCC(=O)NC(=O)NC1CCCC1)C(C)=O;8,9
Cc1ccccc1Cn1cc(NS(=O)(=O)c2ccc(Br)cc2)cn1;8,9
Cc1cc(C(=O)N[C@H](C)c2nc[nH]n2)c(C)n1-c1cccc(Br)c1;8,9
CC(C)[C@@H](CO)NC(=O)N[C@H](Cc1ccccc1)c1ccccc1F;8,9
CC(C)[C@H](NC(=O)[C@@H]1CCOC1)c1nnc2n1CCN(C(=O)C#Cc1ccccc1)CC2;8,9
C[C@@H](NC(=O)Cc1cccc(F)c1F)c1nc(-c2cccnc2)cs1;8,9
CC(=O)Nc1ccc(NC(=O)c2ccc3c(c2)S(=O)(=O)N=C(C)N3CC(C)C)cc1;8,9
Cc1cccc(S(=O)(=O)NC[C@@H](c2ccc(F)cc2)N2CC[NH+](C)CC2)c1;8,9
Cc1cc2nc([C@@H](C)O)n(Cc3ccccc3Cl)c2cc1C;8,9
CC(=O)Nc1c(-c2cc(C)cc(C)c2)nc2cc(C)ccn12;8,9
C[C@H](c1ccco1)[NH+](C)CC(=O)Nc1ccc2c(c1)C(=O)N(C)C2=O;8,9
CC(=O)N1CCN(C(=O)[C@@H](Sc2cc(C)ccc2C)C(C)C)CC1;8,9
CN(C)c1ccc(NC(=O)C2=NN([C@@H]3CCS(=O)(=O)C3)C(=O)CC2)cn1;8,9
CCCC(=O)N1CCC[C@@H](c2nc3c(c(=O)[nH]2)C[NH+](C)CC3)C1;8,9
COc1ccc(CCNC(=O)N[C@@H]2CCCOc3ccccc32)cc1OC;8,9
CCN(CCO)C(=O)N[C@H](c1cccnc1)c1cccc(C(F)(F)F)c1;8,9
Cc1cc(C(=O)N2CCN(CCNC(=O)Nc3ccc(F)cc3)CC2)no1;8,9
CC(C)Cn1nc(C(=O)OC[C@@H]2CCC(=O)N2)c2ccccc2c1=O;8,9
CC[C@H](NC(=O)[C@@H]1CC(=O)N(Cc2ccc(C)cc2)C1)c1ccc(C)cc1;8,9
O=C(N[C@@H]1CC=CCC1)N1CCN(C(=O)c2ccccc2F)CC1;8,9
O=C([O-])c1cc(F)ccc1OCc1ccc2c(c1)OCO2;8,9
Cc1cc(Cl)cc2c1OCCC[C@@H]2NCCc1cccc(C(N)=O)c1;8,9
Cc1cc(N2CCN(C(=O)c3cc(C)oc3C)CC2)cc(C)[nH+]1;8,9
C[C@H](NC(=O)CN1C(=O)[C@H]2CCCC[C@@H]2C1=O)c1ccccc1;8,9
O[C@H]1C[NH2+][C@H](c2nc(-c3ccc(C(F)(F)F)cc3)no2)C1;8,9
CCN1C(N)=[NH+]C[C@@]1(C)c1ccc2cc(OC)ccc2c1;8,9
O=C(c1ccc(F)cc1)N1CC[NH+](CCCc2ccccc2)CC1;8,9
CC(C)c1ccc2c(c1)[C@@H]([NH2+][C@@H]1CCO[C@]3(CCSC3)C1)CCCO2;8,9
Cc1cc(C)c(S(=O)(=O)Nc2cc(C(=O)N(C)C)ccc2C)c(C)c1;8,9
Cc1ccccc1CC(C)(C)NC(=O)[C@@H]1CS[C@]2(C)CCC(=O)N12;8,9
CCC(=O)Nc1nc(-c2ccc3c(c2)NC(=O)CO3)c(C)s1;8,9
Cn1cccc(NC(=O)C2(c3ccc(Br)cc3)CCC2)c1=O;8,9
Cc1nn(C)c(Cl)c1[C@@H](O)Cc1ccc2c(c1)CCC2;8,9
Cc1cnc(C(=O)N2CCC([C@@H](O)c3ccccc3)CC2)cn1;8,9
COc1ccc(-c2ccnc3nc(CCc4ccc(OC)c(OC)c4)nn23)c(F)c1;9
Cc1c(C(=O)Nc2ccc3c(c2)CN(C(=O)c2cccs2)CC3)cnn1-c1ccccc1;9
COc1cc(-n2cc(C(=O)Nc3cnn(C)c3)c3ccccc3c2=O)cc(OC)c1OC;9
COc1ccc(C2=C(O)C(=O)N(Cc3ccc(SC)cc3)[C@@H]2c2ccccc2F)cc1;9
CC(=O)c1ccc(NC(=O)c2ccc([N+](=O)[O-])cc2Cl)cc1C;9
Cc1csc(Nc2cccc([N-]S(=O)(=O)c3ccccc3Br)c2)n1;9
c1ccc(Nc2nc(Nc3ccccc3)n3cnnc3n2)cc1;9
COc1ccc(-c2nnc(-c3cc4ccccc4[nH]3)s2)cc1;9
CCCCn1c(N)c(N(Cc2ccco2)C(=O)c2ccc(C)c(F)c2)c(=O)[nH]c1=O;9
O=c1c(=O)n(-c2ccc(Br)cc2)ccn1Cc1ccccc1Cl;9
COc1ccc(-c2nnc(S[C@H]3CCOC3=O)n2-c2ccccc2)cc1;9
COc1ccc(/C=N/c2ccc(Cc3ccncc3)cc2)cc1;9
CC(C)CCNC(=O)Cc1cn(Cc2ccc(F)cc2)c2ccccc12;9
O=S(=O)(Nc1ncn(Cc2ccc(Cl)c(Cl)c2)n1)c1ccc(Cl)cc1;9
Cc1cccc(N(Cc2ccccc2)S(=O)(=O)c2ccccc2C#N)c1;9
COc1ccc(S(=O)(=O)Nc2ccccc2C(=O)N2CCCC2)cc1C(=O)N1CCOCC1;9
Cc1ccc2nc([C@H]3CCCN3C(=O)NCCCC(C)(C)CO)[nH]c2c1;9
CC[C@H](C)NC(=O)[C@@H](C)NC(=O)Nc1cc(C(F)(F)F)ccc1-n1cccn1;9
Fc1ccc([C@H](NCc2cnc(-c3cccnc3)s2)[C@@H]2CCCO2)cc1;9
CN(C)C(=O)c1cc([C@H]2CN(S(=O)(=O)N3CCOCC3)CCO2)nc2ccccc12;9
Cc1cccc(COc2cccc(NC(=O)N[C@H](C(N)=O)C(C)(C)C)c2)c1;9
O=C(CCCN1C(=O)NC2(CCCC2)C1=O)Nc1cnc(-c2ccccc2)s1;9
Cc1oc(-c2ccccc2Cl)cc1C(=O)NCCc1ccccn1;9
COc1ccc(-c2nc(CNC(=O)c3ccccc3Cl)no2)cc1;9
CCN(C(=O)Nc1cccc(NC(=O)C2CC2)c1)[C@H](C)c1ccc(F)cc1;9
Fc1cc([C@H]2OCC[C@@H]2Nc2ncnc3[nH]cnc23)ccc1Cl;9
C[C@H](Nc1ncnc2nc(N)ccc12)c1ccc(F)c(F)c1;9
CCc1cccc(C(=O)Nc2ccccc2NC(=O)N2CCCC2)c1O;9
CC(=O)c1cc(CN2CCC3=NN=C(c4ccccc4F)[C@@H]3C2)cs1;9
O=C(Nc1cccc(-n2cccn2)c1)[C@H]1CCCN1C(=O)c1ccoc1;9
Cc1ccc(CC(=O)Nc2nnc(-c3ccno3)o2)cc1;9
Cc1cc(NC(=O)[C@@H](C)SCC(=O)Nc2cccc(C(F)(F)F)c2)no1;9
CC(C)[C@@H](C(=O)Nc1ccc(CNS(C)(=O)=O)cc1)c1ccccc1;9
COc1ccc(-c2ncc(C(=O)N3C[C@H]4CC=CC[C@@H]4C3)s2)cc1;9
Cc1ccc(S(=O)(=O)CCC(=O)N(C)Cc2cccc(C#N)c2)cc1;9
CC[NH+]1CCN([C@H](C)CNC(=O)c2cc(-c3ccc(C)c(C)c3)on2)CC1;9
COc1ccccc1-c1ncc(C[NH+]2CC[C@@](O)(C3CCOCC3)[C@H](C)C2)s1;9
N=C1NC(=O)/C(=C\c2ccc(OCc3cccc(Cl)c3)cc2)S1;9
Cc1cccc(S(=O)(=O)Nc2cc(C(=O)[O-])cnc2N2CCC[C@H](C)C2)c1;9
O=C([C@H]1CCC[NH+](CC2=CN=N[C@H]2c2cc3ccccc3o2)C1)N1CCOCC1;9
CC1(C)CN(C(=O)Nc2ccc3c(c2)COC3)CC[S@]1=O;9
C[C@@H](c1ccc(F)cc1)N(C)C(=O)NC[C@@H]1CCCN(c2ncccn2)C1;9
CCc1noc(CC)c1CNC(=O)N[C@H]1CCc2c(F)cccc21;9
Cc1ccnc(-c2ccc(NC(=O)N3CC[C@@H](C)[C@H](O)C3)cc2)n1;9
O=C(Nc1ccccc1OC[C@H]1CCCO1)N1CCc2n[nH]cc2C1;9
CCOC(=O)N[C@@H]1CCCN(C(=O)c2oc3c(c2C)C(=O)CCC3)C1;9
CN(C)c1cccc(C(=O)NC[C@@]2(O)CCc3ccccc3C2)c1;9
Cc1ccc(NC(=O)N2CCN(c3ncccc3F)CC2)cc1;9
O=C(COc1cccc2c1CCC2=O)Nc1cccc(F)c1;9
O=C1OC(c2ccc([N+](=O)[O-])cc2)=N/C1=C\c1ccc([N+](=O)[O-])cc1;9,1
Cc1nc(SCC(=O)N(C)CC(=O)NC2CC2)c2cc(-c3ccccc3)sc2n1;9,1
Cc1cc(C)n2c(SCC(=O)N[C@H](C)Cn3c(=O)oc4ccccc43)nnc2n1;9,1
COc1ccc(-c2cc(-c3cc(OC)ccc3OC)n3ncnc3n2)cc1;9,1
Cn1c(SCc2ccccc2Oc2ccccc2)nnc1[C@@H]1CCS(=O)(=O)C1;9,1
COc1cc(C(=O)Nc2ccnn2Cc2ccc(Br)cc2)ccc1OC(F)F;9,1
COc1ccccc1/C=C/C(=O)NCCc1c[nH]c2ccc(Cl)cc12;9,1
Cc1ccc(Cl)cc1NC(=O)CSc1nnc(C)n1-c1ccccc1C;9,1
O=C(NCCc1ccccc1F)c1ccc2c(c1)C[C@@H](c1ccccc1)OC2=O;9,1
Cc1ccc(F)c(-n2c(=C(C#N)C#N)s/c(=C\c3c(F)cccc3F)c2=O)c1;9,1
O=S(=O)(c1ccc(S(=O)(=O)N2CCC[NH+](Cc3ccc(F)cc3)CC2)cc1)N1CCCC1;9,1
Cc1c(C(=O)OCC(=O)N(C)C2(C#N)CCCCC2)oc2ccc(Br)cc12;9,1
C[C@H]1CC[C@@H](C)N(C(=O)c2n[nH]c3ccc([N+](=O)[O-])cc23)C1;9,1
O=c1nc(-c2ccc(N3CCOCC3)[nH+]c2)[nH]c2sc3c(c12)CCCCC3;9,1
O=C(Cn1c(Cl)nc2ccccc21)c1ccc2c(c1)OCCO2;9,1
Cc1cccc(CSc2nc(=O)n3cccc(C)c3n2)c1;9,1
COc1ccc(-c2nc(C(=O)N[C@H](C)c3ccc(F)c(F)c3)cs2)cc1;9,1
CCCCOc1ccc([C@@H]2NC(=O)c3oc4ccccc4c(=O)c32)cc1;9,1
COc1cccc(-c2nc3n(n2)C(=O)C[C@@H](c2cccc(F)c2)S3)c1;9,1
CC(C)C(=O)N1CC(C)(C)c2cc(S(=O)(=O)NCc3cccc(Br)c3)ccc21;9,1
O=C(NC[C@@H]1COCCO1)c1nnn(-c2ccccc2F)c1-c1ccccn1;9,1
COC(=O)C1CCN(C(=O)C[C@@H](c2ccccc2)c2ccccc2Cl)CC1;9,1
Cn1cccc(NS(=O)(=O)c2ccc3oc(=O)ccc3c2)c1=O;9,1
CN(Cc1ccc(F)cc1)C(=O)Cn1c(=S)[nH]c2ccccc2c1=O;9,1
COc1ncnc2ccc(-c3ccccc3CN3CCOCC3)cc12;9,1
C[C@@H](CNC(=O)Cc1cnn(-c2ccccc2)c1)c1ccccc1;9,1
CNC(=O)c1ccc(NC(=O)N(CCO)[C@@H]2CCCc3ccccc32)cc1;9,1
Cc1ccc([C@@H]2[C@@H](C(=O)C(C)(C)C)N2S(=O)(=O)c2ccc(C)cc2)cc1;9,1
CCn1c(C[NH+]2CCC(Cc3cccnc3)CC2)nc2c(F)cccc21;9,1
COCc1cccc(NC(=O)c2cc(C)nc3c2c(=O)[nH]n3C)c1;9,1
COc1ccc([C@H]2C[C@@H]2C(=O)Nc2ccc(-n3ccnc3C)nc2)cc1;9,1
CN(Cc1nc(-c2ccccn2)no1)C(=O)[C@@H]1Cc2ccccc2N1;9,1
O=C(N[C@@H]1C[C@@H]1c1cccc(Cl)c1)c1cccc(-n2ccnc2)c1;9,1
[NH-]C1=NC2=NC=N[C@H]2C(N2CCC(n3cc(-c4cccnc4)nn3)CC2)=[NH+]1;9,1
Cc1ccccc1[C@@H](NC(=O)NCC1CCN(c2cc[nH+]cc2)CC1)C1CC1;9,1
Cc1cc(C(=O)NC2CCCCC2)ccc1NCC(=O)N1C[C@H](C)O[C@@H](C)C1;9,1
Cc1ccccc1/N=C1\NC(=O)S\C1=C/c1ccc(Cl)cc1;9,1
C[C@@H]1[C@@H](OC(=O)c2ccc(CNC(N)=O)cc2)C[C@H]2C[C@@H]1C2(C)C;9,1
CN(C)[C@H](C(=O)N1C[C@H]2[C@H]3CC[C@H](O3)[C@H]2C1)c1ccc2c(c1)OCO2;9,1
C[C@@H]1C[C@@H](NC(=O)c2ccc(F)nc2)CC[NH+]1Cc1ccccc1;9,1
Cc1n[nH]c(SCC(=O)NC2(C)Cc3ccccc3C2)n1;9,1
O=C(C[C@@H]1C=CS(=O)(=O)C1)NN(c1ccccc1)c1ccccc1;9,1
COc1cccc2c1OCC/C2=N\NC(=O)COc1ccccc1C;9,1
O=C(NC[C@@]1(O)CCc2ccccc21)[C@@H]1CC(=O)N(c2ccc(Cl)cc2)C1;9,1
COc1ccc(F)cc1NC(=O)C(=O)N1CC[C@H](c2ccccc2)[C@@H]1C;9,1
CC(C)[NH+](C)C[C@H]1CN(C(=O)c2ccccc2)C[C@@H]1c1cccc(F)c1;9,1
Cc1ccc(C(=O)Nc2ccc([N-]S(C)(=O)=O)c(Cl)c2)cc1C;9,1
O=C(Cc1c(F)cccc1Cl)N[C@H]1CCS(=O)(=O)c2ccccc21;9,1
O=C1C[C@@H]([NH2+][C@@H]2CCCc3nc(-c4ccccc4)sc32)CN1C1CC1;9,1
CCc1ccc([C@@H](C)C(=O)N2CCC[C@H](N3CCNC3=O)C2)cc1;9,1
CC1CC[NH+](Cc2ccc(NC(=O)c3ccc(-n4ccnc4)c([N+](=O)[O-])c3)cc2)CC1;9,2
COc1ccc(-c2nc3c(C)cccc3cc2CN(C)Cc2cc[nH]n2)cc1OC;9,2
Cc1cc(C)cc(-n2c(C)cc(/C=C(\C#N)C(=O)NCc3cccs3)c2C)c1;9,2
Cc1sc2nc(S[C@H](C(=O)NC3CC3)c3ccc(F)cc3)nc(N)c2c1C;9,2
CC(=O)Cn1c(=O)c2c(nc3n(-c4ccc(F)cc4)c(C)cn23)n(C)c1=O;9,2
C=CC[n+]1c(-c2ccccc2)csc1Nc1cccc(C(=O)[O-])c1;9,2
COc1ccc(CNc2ncnc3c2cnn3-c2cc(Cl)ccc2C)cc1;9,2
CCOc1ccc([C@@H]2c3c(oc4ccc(C)cc4c3=O)C(=O)N2CCOC)cc1OC;9,2
CCN(CC)C(=O)C1CCN(C(=O)c2c(C)cc(C)c([N+](=O)[O-])c2C)CC1;9,2
O=C(NCCc1ccccc1)c1cccc(-c2ccc(S(=O)(=O)N3CCOCC3)s2)c1;9,2
CCNC(=O)[C@]1(Cc2ccc(-c3cccnc3)cc2)CCN(C(=O)Cc2cccc(C)c2)C1;9,2
COc1cccc(-c2nc3ccc(C(=O)N(C)CC[C@@H]4CCCCO4)cc3o2)c1;9,2
Cc1c(C(=O)Nc2cccc(NS(C)(=O)=O)c2)cnn1-c1ccc(Br)cc1;9,2
CCOc1ccc(N2C[C@@H](c3nnc(NC(=O)Cc4ccccc4C)o3)CC2=O)cc1;9,2
Cc1ccc(C)n1-c1c(C(=O)O[C@H]2CCS(=O)(=O)c3ccccc32)cnn1C;9,2
Cc1ccc([N+](=O)[O-])c(C)c1NC(=O)NC[C@H]1CCS(=O)(=O)C1;9,2
O=C(c1ccc([N+](=O)[O-])o1)N1CCC(Cc2ccccc2)CC1;9,2
Cc1cccc(C(=O)N[C@H](C)C(=O)NCCC[NH+]2CCC[C@H](C)C2)c1;9,2
CCOc1ccccc1-c1noc(CN2CCN(c3ncccn3)CC2)n1;9,2
Cc1cccc(S(=O)(=O)[N-]c2nc3ccccc3nc2NC[C@H]2CCCO2)c1;9,2
Cc1ccc(C)c(NC(=O)NCc2cccn2Cc2ccccc2)c1;9,2
COc1cc2cc(N)c(C3CCN(C(=O)c4ccn(C)n4)CC3)nc2cc1OC;9,2
O=C(NC[C@@H]1CN(c2cccc(Cl)c2)C(=O)O1)c1ccccc1S(=O)(=O)C(F)F;9,2
COc1cccc(/C=C2/SC(=O)N(CC(=O)Nc3ccccc3F)C2=O)c1O;9,2
CN(CC(=O)Nc1ccccc1Cl)C(=O)/C=C/c1cccc(Br)c1;9,2
COc1ccc(S(=O)(=O)CCCC(=O)Nc2nc3c(s2)C[C@@H](C)CC3)cc1;9,2
CC1=C(C(=O)Nc2cccnc2)[C@H](c2ccccc2)n2nnnc2N1;9,2
O=C(c1ccc(F)cc1)N1CCN(S(=O)(=O)c2ccc(Cl)c(Cl)c2)CC1;9,2
Cc1ccc(NC(=O)CCNC(=O)Nc2ccc3c(c2)COC3)nc1;9,2
C[C@H]1C[C@@H](C)CN(C(=O)CN2CCN(CC(=O)NCc3ccccc3F)CC2)C1;9,2
CC(=O)N1CCC(NC(=O)C[NH+]2CCC[C@H]2[C@@H](C#N)c2ccccc2)CC1;9,2
CCc1cccc(N2C[C@H](C(=O)NNC(=O)Cc3ccccc3)CC2=O)c1;9,2
Fc1ccc(-c2nnc(C3CCN(Cc4[nH]cc[nH+]4)CC3)o2)cc1;9,2
Cc1ccc(NC(=O)c2nnn(-c3ccc(F)cc3)c2C)c(C)c1;9,2
CN(Cc1cccc2ccccc12)C(=O)NCCNC(=O)C1CC1;9,2
CC(C)[C@@H](NC(=O)N1CCC(OCc2ccc(F)cc2)CC1)c1ccccn1;9,2
CC(=O)NCc1ccc(C(=O)Nc2ccc(C(=O)N3CCC(C)CC3)cc2)s1;9,2
COc1ccc([C@H]2[C@H](C(=O)NCCc3ncnn3C)CCC(=O)N2C)cc1;9,2
CC(C)(C)NC(=O)N1CCC(CNC(=O)c2cccc(Br)c2)CC1;9,2
C[C@H](NC(=O)C(=O)Nc1cccc2ccccc12)[C@@H]1CCCO1;9,2
CC(C)(C)n1nc2c(c1NC(=O)C13CC4CC(CC(C4)C1)C3)C[S@@](=O)C2;9,2
COCC(=O)N1CC[C@@H](c2nc(C)cc(Nc3nc(C)cc(C)n3)n2)C1;9,2
COc1ccc(C(=O)Nc2cccc(C[NH+]3C[C@H]4CC[C@@H]3C4)c2)cc1;9,2
COc1ccc(C)cc1NC(=O)CN1CCC(=O)Nc2cc(F)ccc21;9,2
C[C@@H]([C@@H](C)[NH2+][C@@H]1CCc2[nH]c3ccccc3c2C1)N1CCOCC1;9,2
C[C@H]1CCC[C@H](C)N(C(=O)c2ccc(S(N)(=O)=O)c(F)c2)C1;9,2
O=C1NCc2cc(OCc3ccc(C(F)(F)F)cc3)ccc21;9,2
CC(/C=N/NC(=O)c1nnn(-c2nonc2N)c1-c1ccc(C)cc1)=C\c1ccccc1;9,3
Cc1cc(=O)[nH]c(N/N=C/c2c(Cl)nc3ccccn3c2=O)n1;9,3
COc1ccc(CCn2c(=O)c3cccnc3n(Cc3ccc(F)cc3)c2=O)cc1OC;9,3
COc1ccc(NC(=O)Cn2c(=O)n(Cc3ccccc3F)c(=O)c3sccc32)cc1OC;9,3
Nn1c(SCc2ccccc2)nc2sc3c(c2c1=O)CCCC3;9,3
C/C(=N/NC(=O)COc1ccc([N+](=O)[O-])cc1)c1ccc([N+](=O)[O-])cc1;9,3
C[C@@H](c1ccc(-n2cncn2)cc1)N(C)C(=O)NCCCn1ccc2ccccc21;9,3
Cc1nc2nc(C)c3c(=O)n(-c4cccc(C(F)(F)F)c4)ccc3n2n1;9,3
C=CCc1ccccc1OCc1nnc(NC(=O)Nc2ccc(Cl)cc2)s1;9,3
Cn1c(=O)c2sccc2n2c(C[NH+](C)CCCc3ccccc3)nnc12;9,3
C[C@H](NC(=O)CSc1nnc(-c2ccc(Br)cc2)n1C)c1ccccc1;9,3
Cc1ccc([C@@H]2CSCCN2Cc2cc3cnn(C(C)C)c3nc2Cl)o1;9,3
CCOc1cccc2sc(NC(=O)[C@H]3CCCN(S(=O)(=O)c4ccc(C)cc4)C3)nc12;9,3
O=C(Cn1nc2ccc(SC3CCCCC3)nn2c1=O)NCCc1ccc(Cl)cc1;9,3
O=C(Cn1cc(C(F)(F)F)ccc1=O)Nc1ccc([N+](=O)[O-])cc1Br;9,3
O=C(Oc1ccc2c(c1)OCO2)C1CCN(c2ccc(Cl)cn2)CC1;9,3
COc1ccc(-c2cnc(SCC(=O)N3CCc4ccccc43)n2C)cc1;9,3
O=C([C@@H]1CCCN1S(=O)(=O)c1cccs1)N1CCC(COCc2ccccc2)CC1;9,3
Cc1ccc2c(c1C)NC(=O)/C2=N\NC(=O)[C@H](C)Sc1ccccn1;9,3
Cc1nnc(SCC(=O)Nc2cccc(C(F)(F)F)c2)n1-c1ccccc1;9,3
Cn1c(C(F)(F)F)nn(CCNC(=O)c2cc3ccccc3oc2=O)c1=O;9,3
CC(=O)O[C@@H]1CC[C@@]23C(=O)O[C@]4(CC[C@]2(O)C1)[C@H]1CC[C@@H](C(=O)[O-])[C@@]1(C)CC[C@@H]34;9,3
COCCNC(=O)c1sc2ccccc2c1[C@H]1CCN(C(=O)CN2CCCC2=O)C1;9,3
Cc1noc(C)c1COc1ccc(C(=O)NC[C@@H]2COc3ccccc3O2)cc1;9,3
Cc1cc(C)c2c(CNC(=O)c3ccccc3Br)cc(=O)oc2c1;9,3
CCc1ccc([C@@H](C)C(=O)Nc2ccc3[nH]c(=O)[nH]c3c2)cc1;9,3
CC1(C)C[C@@H]2C[C@@](C)(CN2c2ncnc(NNC(=O)c3ccncc3)c2N)C1;9,3
Cc1ccc(NC(=O)C[NH+]2CCC(C(=O)NCc3ccccc3)CC2)c(F)c1;9,3
CC(C)c1cc(C(=O)NCC#Cc2ccccc2)c2cnn(C(C)C)c2n1;9,3
Nc1ccc2c(N[C@H]3CCN(c4ncccc4F)C3)ncnc2n1;9,3
O=C1N[C@](Nc2nc3ccccc3s2)(C(F)(F)F)C(=O)N1C1CCCCC1;9,3
Cc1nc(C2(NC(=O)c3ccc4ccc(Cl)cc4n3)CCCC2)no1;9,3
Cc1c(C(=O)N2CCC(c3nc4ccccc4[nH]3)CC2)cnn1C(C)C;9,3
CC(=O)c1ccc(N2CCN(Cc3oc(CO)cc(=O)c3[O-])CC2)cc1;9,3
Cc1ccc(-n2nnnc2N2CCN(c3ccc(O)cc3)CC2)cc1;9,3
Cc1ccccc1Cn1cccc(C(=O)Nc2ccc(F)cc2)c1=O;9,3
CC(=O)Nc1cccc(NC(=O)/C=C/c2c(Cl)cccc2Cl)c1;9,3
C[C@H]1CCC[C@@H](NC(=O)Nc2cccc(N3CCNC3=O)c2)C1;9,3
CCOC(=O)C1(C)CCN(C(=O)c2ccc3nc(C)ccc3c2)CC1;9,3
CCN(CC)S(=O)(=O)c1cc(C(=O)N2c3ccccc3C[C@H]2C)n(C)c1;9,3
Cc1ccc(N2C(=O)S/C(=C/C3=c4ccccc4=[NH+]C3)C2=O)cc1;9,3
COC(=O)[C@@H](N[C@@H](C)c1ccc2c(c1)CCCC2)c1cccc(C#N)c1;9,3
CCc1c(C)sc(NC(=O)C2CCN(C(=O)c3ccc(F)cc3)CC2)c1C#N;9,3
Cc1cccc2c1CCN2C(=O)C(=O)NCc1ccnc(OC2CCC2)c1;9,3
O=C(NCc1ccccc1F)c1ccc(CN2C(=O)CCC2=O)cc1;9,3
O=C(Cc1c[nH]c2ccccc12)N1CC[NH+](C[C@H]2CCOC2)CC1;9,3
O=C(CN1CCc2[nH]ncc2C1)NCc1ccc(OC(F)(F)F)cc1;9,3
COc1cccc([C@@H]2CN(C(=O)NCC(C)(C)c3ccncc3)CCO2)c1;9,3
COc1ccc(O)c(C[NH2+][C@@H]2CCCOc3c(C)cc(Cl)cc32)c1;9,3
C[C@@H](NC(=O)c1scnc1C1CC1)c1ccc2c(c1)CCC(=O)N2;9,3
CCc1ccccc1NC(=O)CN1C(=O)C(C)(C)c2cc(C)ccc21;9,3
Cc1cc(C)c(-c2ccc([C@H](O)CN3CCOCC3)cc2)c(C)c1;9,3
O=C(CSc1nnc2ccc(-c3cccnc3)nn12)c1cccc([N+](=O)[O-])c1;9,4
CSc1cccc2sc(N(C[C@@H]3CCCO3)C(=O)c3cccc([N+](=O)[O-])c3)nc12;9,4
COc1ccc(CNC(=O)Cc2c(C)c3c(cc(C)c4c(C)c(C)oc43)oc2=O)cc1OC;9,4
N/C(N[C@H]1CCOc2ccccc21)=[NH+]\Cc1ccc(Cn2cncn2)cc1;9,4
O=c1c(-c2cccc(-n3cccn3)c2)cc2c(n1CC1CC1)CC[NH+](Cc1ccc(O)cc1)C2;9,4
C[C@@H]1CC[C@@H](C)N(C(=O)/C=C/c2ccc(F)cc2[N+](=O)[O-])C1;9,4
Cc1cc(N2CCC[C@@H](OC(=O)/C=C/c3nc4ccccc4s3)C2)nc(C)[nH+]1;9,4
O=C(C[n+]1cccc(Br)c1)c1ccc(F)c2ccccc12;9,4
Cc1ccc(/C=N/NC(=O)[C@@H]2[C@@H]3CCCC[C@@]32C)cc1[N+](=O)[O-];9,4
O=C(Nc1ccc(-c2cc[nH]n2)cc1)c1cc2ccccc2[nH]1;9,4
COc1cccc(CNn2c(-c3cccc(C)c3)nc3ccccc3c2=O)c1O;9,4
Cc1cc(C(=O)COC(=O)c2cc(Cl)c3c(c2)OCCCO3)c(C)n1C1CC1;9,4
COc1cccc(-c2nnc(NC(=O)c3ccc([N+](=O)[O-])cc3)o2)c1;9,4
CCN(CC)S(=O)(=O)c1ccc2c(c1)CCN2Cc1nc(-c2ccc(C)cc2)no1;9,4
Cc1ccc(NC(=O)CSc2nnc3c(Cl)cc(C(F)(F)F)cn23)c(Cl)c1;9,4
C[NH+]1CCN(CCCNc2ccc3nnnn3n2)[C@H](c2ccccc2)C1;9,4
C[C@H](Sc1nc(C(F)(F)F)nc2ccccc12)C(=O)N[C@H]1CCS(=O)(=O)C1;9,4
COc1cccc(N2C(=O)[C@H]3ON(c4ccccc4)[C@@H](c4cccs4)[C@@H]3C2=O)c1;9,4
Cc1cc([N+](=O)[O-])ccc1OCC(=O)Nc1ccc(C)c([N+](=O)[O-])c1;9,4
COc1ccc(/C=C2\NC(=S)N(Cc3ccccc3Cl)C2=O)cc1O;9,4
COc1ccc(CCNC(=O)Nc2cccc(-n3nc(C)cc3C)c2)cc1OC;9,4
CCc1ccc(C(=O)Nc2cccc(S(=O)(=O)NCc3ccco3)c2)cc1;9,4
Cc1cccc(C)c1NC(=O)CN(C)C(=O)[C@@H](NC(=O)Nc1ccccc1)C(C)C;9,4
COc1cccc([C@H](O)CNC(=O)NCc2cccc([N+]3=CCCC3)c2)c1;9,4
CC(=O)Nc1c(C)cc(NC(=O)c2cc(C)nc3c2c(=O)[nH]n3C)cc1C;9,4
O=C(NCC[C@H](O)c1cccc2ccccc12)c1ccc(Cl)cc1Cl;9,4
Cc1ccccc1-c1cc(N(C)C(=O)c2n[nH]c(=O)[nH]2)n[nH]1;9,4
O=C1N=C(N2CCN(Cc3ccccc3)CC2)S/C1=C\c1c[nH]c2ccccc12;9,4
Cc1ccc([C@H](C)NC(=O)Nc2ccc(Oc3cccnc3)nc2)cc1F;9,4
CCn1ccc2oc(C)c(C(=O)N3CCN(c4cccc[nH+]4)CC3)c2c1=O;9,4
Cc1cc(C)n(CC(=O)NNC(=O)N[C@@H]2C[C@@H](C)N(c3ccccc3)C2)n1;9,4
Cc1ccc(NC(=O)c2ccccc2NS(=O)(=O)c2ccccc2)cc1;9,4
O=C(Cc1cc(F)ccc1F)Nc1ccc(NC(=O)c2ccco2)cc1;9,4
O=C(/C=C/c1cccc(F)c1)Nc1cccc2cccnc12;9,4
C[C@H]([NH2+][C@H](C)c1ccc2c(c1)OCCO2)c1nc(-c2ccncc2)cs1;9,4
O=C(Nc1nnc([C@@H]2CCCO2)s1)c1ccc(-c2ccccc2)s1;9,4
Cc1c[nH]c(C[NH+]2CCCC[C@@H]2CCc2cccc(O)c2)c(C)c1=O;9,4
O=C([O-])[C@H]1CC=CC[C@H]1C(=O)N[C@@H]1CCCN(Cc2ccccc2)C1=O;9,4
Cc1cccc(NC(=O)c2cccn(Cc3ccccc3F)c2=O)c1;9,4
CNC(=O)c1cccc(NC(=O)N[C@@H](C)c2ccc(C)c(F)c2)c1C;9,4
CC(C)(C)OC(=O)N1CCC[C@H](C(=O)NCc2ccccc2C[NH+]2CCCC2)C1;9,4
C[C@H]1CCN(C(=O)CCCn2ccnn2)c2cc(C(F)(F)F)ccc2S1;9,4
CCC(=O)Nc1ccc(O)c(C(=O)N2C[C@@H](c3ccc(F)cc3)C[C@H]2C)c1;9,4
COc1cc(C(=O)N2Cc3ccccc3N(C)C[C@@H]2C)cc2c1OCCO2;9,4
O=C(C/C=C/c1ccc(F)cc1)NC[C@@H]1CC(=O)N(Cc2ccccc2)C1;9,4
CC(=O)c1cccc(NC(=O)N2CCC[C@@H]2c2c(C)n[nH]c2C)c1;9,4
Cc1ccc(Oc2ncnc(NC34CC5CC(CC(C5)C3)C4)c2N)cc1;9,4
CC(=O)c1ccccc1-c1ccc2c(c1)C[C@@H](CNC(=O)C(C)C)O2;9,4
Cc1ccc(N[C@@H]2CC(=O)N(c3cccc(O)c3)C2=O)c(C)c1;9,4
CC[C@H](CO)N1CCN(C(=O)c2nc([O-])c3ccccc3n2)CC1;9,4
O=C(Nc1ccc2c(c1)OCO2)C1CC[NH+](Cc2cccc(Cl)c2)CC1;9,4
O=C(CCN1C(=O)CSc2ccccc21)Nc1cccc(C(F)(F)F)c1;9,4
O=C(C[C@H]1CCCN1C(=O)c1[nH]nc2c1CCCC2)c1ccccc1;9,4
O=C(NC[C@H](O)c1ccc(F)cc1)c1ccc(N2CCCC2=O)cc1;9,4
C[C@@H]1C[C@@H]1C(=O)N1CCN(C(=O)c2cc3ccccc3cc2O)CC1;9,4
Cc1nnnn1-c1cccc(N[C@H]2CSCC(C)(C)C2)c1;9,4
Cc1ccc(/C=N/Nc2nnc(SCC(=O)Nc3cccc(F)c3C)n2N)cc1;9,5
Cc1cccc(-c2noc(-c3ccccc3OCC(=O)Nc3ccc([N+](=O)[O-])cc3)n2)c1;9,5
CN(C)c1ccc(/C=C2\N=C(c3cccc([N+](=O)[O-])c3)OC2=O)cc1;9,5
O=C(/C=C/c1ccc2c(c1)OCO2)Nc1c(F)c(F)c(F)c(F)c1F;9,5
O=C(CCc1nc2ccccc2[nH]1)Nc1ncc(Cc2ccc(Cl)cc2)s1;9,5
Cc1ccc([C@@H](CNc2nc3ccccn3c(=O)c2[N+](=O)[O-])N2CCOCC2)cc1;9,5
O=C(Cc1c([O-])c2ccccc2oc1=O)c1ccc2c(c1)OCCO2;9,5
COc1ccc(-c2nc3cc(C)ccn3c2NC(=O)c2ccccc2OC)cc1;9,5
Cc1ccc(NC(=O)CSc2nc(C)cc(C)c2C(=O)Nc2ccccc2)cc1;9,5
CC(=O)c1ccc(S(=O)(=O)N2CCN(CC(=O)c3cc(C)n(C4CC4)c3C)CC2)cc1;9,5
O=C(/C=C/c1cc(Cl)c2c(c1)OCCO2)c1ccc(F)cc1F;9,5
Cc1ccc2cccc(NC(=O)c3ccccc3SCC(=O)N(C)C)c2n1;9,5
Oc1ccc(-c2ccccc2)cc1C[NH+]1CCC[C@H](c2cn[nH]c2)C1;9,5
Cc1cc(NC(=O)[C@@H]2CCCN(c3nc4ccccc4s3)C2)ccc1N(C)C;9,5
C[C@@H](CCc1ccccc1)NC(=O)Nc1cc(-n2cnnn2)ccc1F;9,5
O=C(CNC(=O)c1cnc2c(c1)NC(=O)CO2)NCc1ccc(F)cc1;9,5
COc1ccc(C(=O)Nc2ccccc2C(=O)Nc2ccccn2)cc1;9,5
C[NH+]1CCC2(CC1)OCCN2C(=O)c1cc(=O)c2ccc(Br)cc2o1;9,5
Cc1ccsc1C(=O)N1CCN(S(=O)(=O)c2cccc(C(F)(F)F)c2)CC1;9,5
Cc1ccc2oc(C(=O)Nc3ccc(C)c(C)c3)cc(=O)c2c1;9,5
CC1CCC([NH+](Cc2ccc3c(c2)OCO3)Cc2ccc(C(=O)N(C)C)[nH]2)CC1;9,5
Cc1cccc(NC(=O)c2ccc(=O)n(Cc3ccccc3C)c2)c1;9,5
O=C(/C=C/c1cccc(Cl)c1)N[C@H](c1ccc2c(c1)OCCO2)C1CC1;9,5
O=S(=O)(/N=C1/CCCN1)c1cccc(/N=C/c2cc(Cl)ccc2O)c1;9,5
CC[C@@H](NC(=O)N1CCC(OCc2ccccc2F)CC1)c1c(C)noc1C;9,5
CN1C(=O)N=C([O-])/C(=C\NN2CCCC[C@@H]2c2cccnc2)C1=O;9,5
O=C(CN1CCN(S(=O)(=O)c2cccc(F)c2)CC1)Nc1ccc(F)cc1;9,5
C[C@@H]1C[C@H]1C(=O)N1CCN(C(=O)c2cccc(N3CCCNC3=O)c2)CC1;9,5
C[C@H]1CCC[C@H](C)N(C(=O)N[C@@H](C)c2noc(Cc3ccccc3)n2)C1;9,5
Cc1nccn1-c1cc(CNC(=O)N2CCC[C@H](C)C2)ccn1;9,5
COc1ccc(-c2ccc(/C=C3/C(=N)N4C(=NC3=O)SN=C4SC(C)C)o2)c([N+](=O)[O-])c1;9,6
CCc1ccc(N2C(=O)N=C([O-])/C(=C/c3ccc(-c4ccc(C(=O)OC)cc4)o3)C2=O)cc1;9,6
C[C@H]1C[C@H](C)C[NH+](CCCNC(=O)NNC(=O)c2ccccc2Cl)C1;9,6
CCc1cccc(NC(=O)[C@H](C)Sc2nnc(-n3nc(C)cc3C)n2N)c1;9,6
Cc1ccccc1Cn1c(CNC(=O)CCc2ccccc2)nc2ccccc21;9,6
NC(=O)c1ccc(NC(=O)Cn2c(-c3cscn3)nc3ccccc32)cc1Cl;9,6
CCc1nc(C)nc(N2CCN(C(=O)c3cccc(OC)c3)CC2)c1Cc1ccc(Cl)cc1;9,6
O=C1c2oc3ccccc3c(=O)c2[C@H](c2ccc(F)cc2)N1C[C@H](O)c1ccccc1;9,6
O=S(=O)([N-]c1cccc(-c2cn[nH]c2)c1)c1c[nH]c2ncccc12;9,6
C[C@H](Sc1nnc(-c2cccnc2)n1C1CC1)C(=O)Nc1ccc2c(c1)OCO2;9,6
COc1ccccc1NC(=O)c1sc(NC(=O)c2ccc(F)cc2)c(C#N)c1C;9,6
Cc1ccc(NC(=O)NC(=O)COC(=O)c2ccc(-n3cccc3)cc2)c(C)c1;9,6
COc1ccc(CNC(=O)c2c(N3CCCC3=O)c3cc(C)ccc3n2C)cc1OC;9,6
O=C(CN1CCN(c2cccc(Cl)c2)C1=O)Nc1nc(-c2cccnc2)cs1;9,6
Cc1c(CCC(=O)Nc2cccc(Cl)c2)c(=O)oc2cc(O)ccc12;9,6
C[C@@H]1CN(c2ncnc3c2cnn3CCNC(=O)c2cccnc2)C[C@@H](C)O1;9,6
CCc1ccccc1NC(=O)CN(C)C(=O)[C@@H](C)N1CCN(c2cccc(Cl)c2)CC1;9,6
CC1=C(c2ccc(C(C)C)cc2)S(=O)(=O)N=C1N1CCC(C(=O)N2CCOCC2)CC1;9,6
CCc1ccc(-c2[nH+]ccn2[C@H]2CCCN(c3ncccn3)C2)cc1;9,6
O=C(CNC(=O)c1ccc2c(n1)NC(=O)CS2)Nc1ccc2c(c1)CCC2;9,6
CC[C@@H](NC(=O)c1nc2ccccc2c(=O)[nH]1)c1nc(C)c(C)s1;9,6
Cc1ccc(NC(=O)c2cn(-c3ccc(C(F)(F)F)cn3)nn2)nc1;9,6
CC(=O)c1cccc(S(=O)(=O)Nc2ccc3c(c2)N(C(=O)C(C)(C)C)CC3)c1;9,6
Cc1cccc(C)c1NC(=O)[C@H](C)N1CCN(c2cc(Cl)ncn2)CC1;9,6
C[C@H]1CCC[C@@H](C(=O)N2CCc3c([nH]c4ccccc34)C2)C1;9,6
Cc1nccn1-c1ccc(CNC(=O)N2CC[C@@H](C)[C@@H](O)C2)cn1;9,6
CC1(C)[C@H]2CC[C@]1(C)[C@H](NC(=O)CCN1C(=O)COc3ccccc31)C2;9,6
c1cc(N2CCCCCC2)ncc1C[NH2+]Cc1ccc2c(c1)CCO2;9,6
C[C@H]1C[C@H]1NC(=O)c1ccc2c(=O)n3c(nc2c1)CCCCCC3;9,6
CCc1ccc2nc(C)cc(C(=O)N[C@H]3CCC(=O)N(C)C3)c2c1;9,6
O=C(CCCNC(=O)N1CC(O)=Nc2ccccc21)Nc1ccc(Oc2ccccc2)cc1;9,7
Cc1cccc(-c2nnc(SCC(=O)Nc3c(C)n(C)n(-c4ccccc4)c3=O)o2)c1;9,7
C[C@@H](NC(=O)c1ccccc1NC(=O)Cn1ccc([N+](=O)[O-])n1)c1ccccc1;9,7
Cc1ccc2nc(NC(=O)CCNS(=O)(=O)c3ccc4c(c3)C[C@H](C)N4C(=O)C3CC3)sc2c1;9,7
CC(C)Oc1cccc(C(=O)[C@H]2CCCN(C(=O)Cc3cnc4ncnn4c3)C2)c1;9,7
Cc1nc2ccccc2c(=O)n1NC(=O)c1ccc([N+](=O)[O-])cc1;9,7
Cc1ccc(N2C(=O)CS/C2=C(/C#N)C(=O)Nc2cccc(C(F)(F)F)c2)cc1;9,7
C[C@H](CCc1ccccc1)NC(=O)C1CN(C(=O)c2ccc([N+](=O)[O-])o2)C1;9,7
O=C(NC[C@@H](c1cccnc1)N1CCc2ccccc2C1)C(=O)Nc1ccccc1Cl;9,7
O=C(CN[C@H](c1ccc(F)cc1)c1cccs1)NN1C(=O)NC2(CCCCC2)C1=O;9,7
CCN(C(=O)CN1C(=O)CSc2ccc(S(=O)(=O)N3CCOCC3)cc21)c1cccc(C)c1;9,7
Cc1c(C(=O)NCc2cccnc2-n2cccn2)oc2ccccc12;9,7
Cc1ccc(Nc2scc(-c3ccc(F)cc3)[n+]2CCN2CCOCC2)cc1;9,7
COc1cc(C)ccc1NC(=O)NNc1nc2ccccc2s1;9,7
C[NH+](C)CC(=O)N1CCN(C(=O)CCc2nc3ccccc3n2-c2ccccc2)CC1;9,7
Cc1ccnc(NNC(=O)Nc2ccc(C(N)=O)c(Cl)c2)c1;9,7
COc1cccc(-c2cc(C(=O)N3CCC[C@@H]3c3cc(C(C)C)no3)on2)c1;9,7
CN1CC[C@@]2(CCC1=O)C[C@@H](NC(=O)C[NH+](C)[C@@H]1CCS(=O)(=O)C1)c1ccccc1O2;9,7
Nc1c(C(=O)CN2CC=C(c3ccc(O)cc3)CC2)c(=O)[nH]c(=O)n1C1CC1;9,7
CCc1nc(N2CCN(C(=O)COc3ccccc3)CC2)c2cnn(C)c2n1;9,7
Cc1ccc(C(=O)Nc2ccc(N3CCCC3=O)cc2)cc1[N+](=O)[O-];9,7
C[C@H](c1nnc(-c2ccccc2)o1)[NH+]1CCC(OCc2ccc(F)cc2)CC1;9,7
CCn1nc(C)c(NC(=O)N[C@H](C)c2oc3ccc(F)cc3c2C)c1C;9,7
O=C(c1cnsn1)N1CCOc2ccc([C@H](O)CCc3ccccc3)cc2C1;9,7
COc1ccc(/C=C/C(=O)N2CCC[C@H]2c2ccc3c(c2)OCCO3)c(OC)c1;9,7
CCOc1ccc([C@H]2[C@H]3[NH+]=c4ccccc4=C3CCN2C(=O)c2cccs2)cc1;9,7
CN(C)C(=O)[C@H]1CSCN1C(=O)/C=C/c1cc(C(F)(F)F)ccc1Cl;9,7
Cc1ccc(CC(=O)Nc2cc(-c3ccccc3C)nn2C)cc1O;9,7
COc1cccc(C(=O)NC2CCN(C(=S)Nc3cc(C)ccc3C)CC2)c1;9,7
Cc1ccc2ncc(C(=O)N[C@@H](C)c3nc(C4CCCCC4)no3)n2c1;9,7
Cc1ccc(N2C[C@H](C(=O)N3CCC[C@@H](C(=O)[O-])C3)CC2=O)cc1C;9,7
CN1CCN(C(=O)Cc2cccc3ccccc23)CC1;9,7
CCCc1cc(NC(=O)C(=O)N2C[C@H](c3ccc(F)cc3)C[C@H]2C)n(C)n1;9,7
O=C(NN=C1C2CC3CC(C2)CC1C3)[C@H]1C[C@@H]1c1ccccc1;9,7
C[C@H]1CCC[C@@H](NC(=O)c2ccc3c([O-])n(C)c(=S)nc3c2)[C@@H]1C;9,7
CC1(C)CN(C(=O)C2CCN(C(=O)Nc3ccccc3)CC2)C1(C)C;9,7
Cc1cccc(CNC(=O)Nc2ccnn2C2CCCCC2)c1;9,7
CNc1nc(C(=O)N2CC=C(c3cccc(C)c3)CC2)cs1;9,7
Cc1nn(-c2nc3ccccc3s2)c2c1[C@@H](c1ccc(O)c(O)c1)SCC(=O)N2;9,8
Cc1cc(C)c(-c2csc(NC(=O)CSc3nnc(-c4ccco4)n3C)n2)cc1C;9,8
COc1ccc(C)c2sc(NC(=O)c3cccc(NS(=O)(=O)c4ccccc4)c3)nc12;9,8
CC(C)(C)c1ccc(C(=O)Nc2ncc(S(=O)(=O)c3ccc([N+](=O)[O-])cc3)s2)cc1;9,8
Cc1ccc(O)c(-n2cc3c(c2-c2cccc(Br)c2)c(=O)n(C)c(=O)n3C)c1;9,8
O=C(NN1C(=O)/C(=C/c2ccc3nccnc3c2)SC1=S)c1cccnc1;9,8
COc1cc(/C=C2/C(=O)NN(c3ccccc3)C2=O)ccc1OCC(=O)N1CCOCC1;9,8
Cc1nnc(-c2cc(CC(C)C)n(-c3cccc(C(=O)N[C@@H]4C[C@@H](C)CC(C)(C)C4)c3)n2)o1;9,8
O=C(CCC(=O)Nc1ccc([N+](=O)[O-])cc1)NC[C@H]1OCCc2ccccc21;9,8
CC(=O)Nc1ccc(CCNC(=O)Nc2cnc3[nH]nc(C)c3c2)cc1;9,8
O=C(Nc1ccc(OCc2ccccc2)cc1)[C@H]1CC(=O)N(c2ccc(F)c(Cl)c2)C1;9,8
CCCNc1nc2c(-c3cccc(Cl)c3)nnn2c2ccccc12;9,8
Cc1ccc(S(=O)(=O)N2CCO[C@@H](c3cccc(F)c3)C2)cc1[N+](=O)[O-];9,8
O=C1C[C@H](c2ccc(OCc3ccc(Cl)cc3)cc2)[C@H]2C(=O)N=C(c3ccccc3)N=C2N1;9,8
CC(C)Oc1ccc(-c2cc(C(=O)NCCN3CCOCC3)c3ccccc3n2)cc1;9,8
C[C@]1(c2ccccc2)NC(=O)N(CC(=O)Nc2ccc(-n3cccn3)nc2)C1=O;9,8
COc1ccccc1NC(=O)[C@H]1Cc2ccccc2CN1S(=O)(=O)c1ccc(F)cc1;9,8
COc1ccc(C(C)C)cc1S(=O)(=O)N1CC[C@@H](c2cc3nc(C)cc(O)n3n2)C1;9,8
O=C(NCCC[NH+]1CCCC1)c1ccc2c(c1)NC(=O)[C@@H]1CCCCN21;9,8
C[C@@H](NC(=O)C(=O)Nc1ccc2c(c1)COC2)c1cccc(-n2cccn2)c1;9,8
O=C(Cn1ccccc1=O)Nc1ccccc1C(=O)Nc1ccc2c(c1)OCO2;9,8
Cc1ccc([C@H]2CN(c3ccc4nnc(C)n4n3)CCO2)c(C)c1;9,8
CC1(C)[C@@]2(C)CC[C@]1(C(=O)N1CCN(c3ccccc3)CC1)c1nc(C#N)c(C#N)nc12;9,8
CC(=O)N[C@H]1[C@H](O)[C@@H]2OC(C)(C)OC[C@H]2O[C@@H]1Oc1ccc(C(C)=O)cc1;9,8
C[C@H]([NH2+][C@@H]1CCCOc2c1ccc1ccccc21)c1nc(C(C)(C)C)no1;9,8
CN(Cc1nc2ccccc2c(=O)[nH]1)C(=O)Cc1ccc2c(c1)OCCO2;9,8
O=C(CN1CCN(c2ccccc2)C1=O)Nc1cccc2cccnc12;9,8
O=C(c1cc(Cl)c2c(c1)OCO2)N1CCCc2cc(F)ccc21;9,8
COc1ccc2c(c1)C[C@H](C(=O)N1CCN(c3[nH+]cccc3C)CC1)CO2;9,8
C[C@@H]1C[NH+](C)CC[C@@H]1N(C)C(=O)c1cc(Cc2ccccc2)ccc1O;9,8
C[C@@H]1CCN(C(=O)NCC(=O)N2CCc3ccccc3C2)[C@H](C)C1;9,8
N#Cc1ccccc1-c1ccc(CNC(=O)[C@H]2CCOC2)cc1;9,8
CC(=O)Nc1ccc(Sc2cc(C)nc(-c3cccc([N+](=O)[O-])c3)n2)cc1;9,9
O=S(=O)(c1cccc(-c2csc(N/N=C\c3c(F)cccc3Cl)n2)c1)N1CCCC1;9,9
CCc1cc2c(CSc3nc4ccccc4o3)cc(=O)oc2cc1O;9,9
COc1ccc(OC)c(N2C(=O)NC(=O)[C@@H](/C=N/C3CC[NH+](Cc4ccccc4)CC3)C2=O)c1;9,9
COc1ccc([C@H]2C/C(=C3\C(=O)NC(=O)N(c4ccccc4OC)C3=O)NN2C(C)=O)cc1;9,9
Cc1ccc(NC(=O)[C@H]2CCCN(S(=O)(=O)c3ccccc3)C2)c(OCc2ccccc2)c1;9,9
O=c1[nH]c2ccc(S(=O)(=O)[N-]c3cc(-c4ccccc4)no3)cc2[nH]1;9,9
C[C@@H](Sc1ncc(C(F)(F)F)cc1Cl)C(=O)N1CCN(S(=O)(=O)c2ccccc2)CC1;9,9
Cc1cc(NCc2ccc(N3CCO[C@H](C)C3)[nH+]c2)ccc1[N+](=O)[O-];9,9
Cc1ccc(CN2C(=O)[C@H]3CCCC[C@@H]3C2=O)cc1S(=O)(=O)Nc1cccc(Cl)c1C;9,9
COc1ccc2[nH]c(=O)c([C@H](c3nnnn3C3CCCCC3)N3CCOCC3)cc2c1;9,9
CCOc1cc(/C=C2/C(=O)N(c3cccc(C(=O)[O-])c3)N=C2C)cc(Cl)c1OC;9,9
Cc1ccc(OCC(=O)N2c3ccc(S(N)(=O)=O)cc3C[C@@H]2C)c(S(=O)(=O)N(C)C)c1;9,9
CC(C)c1noc2ncc(C(=O)Nc3cc(C(N)=O)ccc3N3CCCC3)cc12;9,9
Cc1nc2ccc(NC(=O)C(=O)NC[C@H]3Cc4ccccc4O3)cc2o1;9,9
CCC1(C)COC2(OC1)C(=O)N(CN1CCN(c3ccccc3F)CC1)c1ccccc12;9,9
Cc1ccc(C(N)=O)cc1NCc1c(C)nn(-c2ccc(F)cc2)c1C;9,9
COc1ccc(C[NH+]2CCCN(C(=O)c3ccsc3)CC2)c2ccccc12;9,9
O=C(NC[C@@H](O)c1ccc2c(c1)CCO2)c1cccc2ccccc12;9,9
Nc1c(Nc2cccnc2)nc[nH+]c1N1CCc2ccccc21;9,9
COc1cc2ccccc2cc1C(=O)Nc1nnc([C@@H]2CCCO2)o1;9,9
O=C(Nc1ccc(C2(C(=O)NC3CCCCC3)CC2)cc1)c1ccc(F)cc1;9,9
O=C(Cn1cnc(S(=O)(=O)N2CCCC2)c1)Nc1cccc2c1CCCC2;9,9
O=C(OCc1ccccc1)N1CCC[C@H]2c3ccccc3N[C@@H]2C1;9,9
CC(C)NC(=O)C1CCN(c2ccc3nnc(C(F)(F)F)n3n2)CC1;9,9
COC(=O)c1ccc(-c2ccc(/C=N\Nc3ccc([N+](=O)[O-])cn3)o2)cc1;10
Cc1ccc2c(=O)c(S(=O)(=O)c3ccccc3)cn(CC(=O)N(C)c3ccccc3)c2n1;10
Cc1cc(-c2cc(C(=O)N3CCCN(C(=O)OCC(C)C)CC3)c3cnn(C(C)C)c3n2)c(C)s1;10
O=C(CN1C(=O)N[C@H](CC2=c3ccccc3=[NH+]C2)C1=O)NCc1cccc(Cl)c1;10
CC(=O)Nc1cccc(-n2cc3c(c2-c2ccccc2Cl)c(=O)n(C)c(=O)n3C)c1;10
O=C(CN(C1CCCCC1)S(=O)(=O)c1ccc(Cl)cc1)N1CCN(c2ccccc2F)CC1;10
Cc1cccc(-n2ccnc(SCc3cccc(C(F)(F)F)c3)c2=O)c1;10
Cc1cc(C)cc(OCC(=O)Nc2ccc(S(=O)(=O)Nc3ncccn3)cc2)c1;10
CC1(C)[C@H]2CC[C@]1(C)/C(=N\N=C1\NC(=O)[C@H](CC(=O)Nc3cccc(C(F)(F)F)c3)S1)C2;10
O=C(NCCC1=c2ccccc2=[NH+]C1)Nc1nc2ccccc2s1;10
COc1ccccc1[C@@H]1CCN(C(=O)/C=C/c2cn(C)c3ccccc23)C1;10
CCCN1CC(=O)N2[C@@H](CC3=c4ccccc4=[NH+][C@H]3[C@@H]2c2ccc(OC(C)C)c(OC)c2)C1=O;10
COc1cc([C@H]2CC(O)=Nc3c(C(=O)[O-])cn(-c4cccc(Cl)c4)c32)ccc1O;10
Nc1c(C(=O)Nc2cccc(Cl)c2)sc2nc3c(cc12)C(=O)CCC3;10
CC1=C(C(=O)Nc2ccc(C)cc2C)[C@@H](c2cn(C)nc2C)n2ncnc2N1;10
O=C(Cc1c[nH]c2ccccc12)NC1(C(=O)NC2CCCCC2)CCCCC1;10
O=C(N[C@@H]1CCSc2ccccc21)C1CCN(S(=O)(=O)c2ccc(Cl)cc2)CC1;10
Cn1nc(C2CCN(C(=O)c3ccc4[nH]cnc4c3)CC2)n(C2CC2)c1=O;10
Cc1ccccc1NC(=O)C(=O)N1CCC[C@H](C(=O)Nc2ccccc2)C1;10
Cc1ccc2nc(C)cc(C(=O)NCC3([NH+]4CCCC4)CCCCC3)c2c1;10
COc1ccc(-c2ccc(OCCNC(=O)c3cc4ccccc4oc3=O)nn2)cc1;10,1
CCCOc1cccc([C@H]2c3c(-c4cc(Cl)ccc4O)n[nH]c3C(=O)N2Cc2cccnc2)c1;10,1
Cc1cc(OCC(=O)c2ccccc2)cc2c1C(=O)/C(=C/c1cccc(F)c1)O2;10,1
COC(=O)c1sc2[nH]c(C[NH+]3CCN(c4ccc(C(C)=O)cc4)CC3)nc(=O)c2c1C;10,1
CC1=C(C(=O)Nc2ccccc2)[C@H](c2ccc(OCc3ccccc3)cc2)n2nnnc2N1;10,1
CCOC(=O)c1ccccc1NC(=O)Cn1ccn2nc(-c3ccc(C)cc3)cc2c1=O;10,1
C[C@@H](NC(=O)c1sc2ccccc2c1C[S@@](C)=O)c1ccc2ccccc2c1;10,1
COc1ccc(-c2nc(C(=O)N[C@H](C)c3cc4ccccc4o3)cs2)cc1OC;10,1
Cc1n[nH]c2ncc(C(=O)Nc3ccc(Nc4ccccc4)cc3)cc12;10,1
Cc1nc(NC(=O)c2ccccc2)sc1Cc1ccc([N+](=O)[O-])cc1;10,1
CC(=O)c1sc(NC(=O)c2ccccc2NS(=O)(=O)c2ccc(C)cc2)nc1C;10,1
CC(=O)Oc1c(C2=NN(C(C)=O)[C@H](c3ccc(Cl)cc3)C2)c(=O)n(C)c2ccccc12;10,1
Cc1nc(N2CCC[C@@H]2C(=O)NCCC2=CC[C@@H]3C[C@H]2C3(C)C)nc2cc(S(C)(=O)=O)ccc12;10,1
O=C(CCc1nnc(-c2ccsc2)o1)N1CC=C(c2ccc(F)cc2)CC1;10,1
COc1ccccc1/C=C/CN1CCNC(=O)[C@H]1CC(=O)N1CCN(c2cnccn2)CC1;10,1
O=C(Nc1ccc2ncccc2c1)[C@@H]1CSCN1C(=O)c1ccc(Cl)cc1;10,1
CC1CCN(S(=O)(=O)c2ccc3c(c2)[C@H]2C=CC[C@@H]2[C@H](c2cccnc2)N3)CC1;10,1
O=C(NC[C@@H]1CN(Cc2ccccc2)CCO1)C1=NN(c2ccccc2)C(=O)CC1;10,1
O=C1NC2(CC[NH2+]CC2)C(=O)N1CCc1cccc(C(F)(F)F)c1;10,1
C[C@H]1CCC[C@H](NC(=O)C(=O)Nc2cccc(C(=O)N3CCCC3)c2)[C@@H]1C;10,1
Cc1ccc(NC(=O)C2CCN(C(=O)c3ccccc3Cl)CC2)c(C)c1;10,1
Cc1ccc(NC(=O)Nc2cc(N3CCC(C)CC3)ncn2)cc1F;10,1
O=C(NC1CCCCCC1)c1cccc(-c2cnn(-c3nccc4nc(C(F)(F)F)ccc34)c2)n1;10,2
COc1ccc(S(=O)(=O)Nc2ccccc2C(=O)N2CCC(c3c[nH]c4ccccc34)CC2)cc1;10,2
O=C1/C(=C/c2cn(-c3ccccc3)nc2-c2ccccc2)SC(=S)N1C[C@H]1CCCO1;10,2
COc1ccc([C@@H]2Oc3ccc(C)cc3C3=Nc4ncnn4[C@@H](c4cccs4)[C@@H]32)cc1OC;10,2
CC(C)CCOc1cccc([C@H]2c3c(-c4ccccc4O)n[nH]c3C(=O)N2[C@@H]2CCS(=O)(=O)C2)c1;10,2
O=C(Cn1sc2cc([N+](=O)[O-])ccc2c1=O)Nc1cccc(C(F)(F)F)c1;10,2
Cc1ccc(N2C(=O)/C(=C3\C(=O)N(CC(=O)[O-])c4ccccc43)SC2=S)c(C)c1;10,2
Cc1cn(CC(=O)Nc2cccc(-c3ccc(=O)[nH]n3)c2)c2ccccc12;10,2
C[C@]1(c2ccccc2OCc2ccccc2)Nc2ccccc2C(=O)N1C[C@H]1CCCO1;10,2
O=C(Nc1cccnc1)c1cc(-c2ccccc2)nc2ccccc12;10,2
Cc1nccn1-c1ccc(NC(=O)Cc2c[nH]c3ccccc23)cn1;10,2
COc1cc2c(cc1OC)[C@H](c1cc3cccc(C)c3[nH]c1=O)N(C(=O)N1CCOCC1)CC2;10,2
CCOc1ccc(CNC(=O)[C@@H]2CCCN(c3[nH]c4cc(C)ccc4[nH+]3)C2)cc1;10,2
Cn1c(-c2ccc3c(c2)OCO3)cnc1NCc1ccc(Cl)c(Cl)c1;10,2
COc1ccc(-c2cc(C(=O)N3CCC3)c3ccccc3n2)cc1OC;10,2
Cc1ccccc1N1C(=O)S[C@@H](Nc2cccc3ccccc23)C1=O;10,2
CN(C(=O)/C=C/c1ccc(C(N)=O)cc1)c1ccc2ccccc2c1;10,2
Cc1ccc([C@@H](NC(=O)Cc2n[nH]c(=O)c3ccccc23)C2CC2)cc1;10,2
Cc1cc(C)cc(C2(C(=O)OCC(=O)N3CCO[C@@H]4CCCC[C@@H]43)CCC2)c1;10,2
NC(=O)[C@H]1CCCN1c1nc(-c2ccccc2)c2ccccc2n1;10,2
O=C1C[C@H]([NH+]2CCC(c3ccc(O)cc3)CC2)C(=O)N1Cc1ccccc1;10,2
O=C(COc1ccccc1F)Nc1c(C(=O)Nc2ccccc2F)oc2ccccc12;10,3
O=C(c1ccc(F)cc1)N1CCC[C@H](c2nc(N3CCOCC3)ncc2-c2cccnc2)C1;10,3
CCc1nnc2n1N[C@@H](c1ccc(Cl)cc1)[C@H](C(=O)Nc1cc(C)cc(C)c1)S2;10,3
Cc1cc(C)c2nc3c(cc2c1)CN(Cc1cccnc1)/C(=[NH+]/C[C@@H]1CCCO1)S3;10,3
O=C1Nc2ccccc2[C@@]12Oc1ccccc1[C@H]1CC(c3ccco3)=NN12;10,3
O=C(NCc1cnn(-c2ccccc2)c1)N[C@H]1CCCc2ccccc21;10,3
O=c1[nH]c(-c2cccnc2)nc2c1CCN(Cc1cccc(F)c1F)CC2;10,3
O=C1N[C@@]2(CCOc3ccccc32)C(=O)N1Cc1cccc(C(F)(F)F)c1;10,3
FC(F)(F)c1ccc(N2CCC([NH2+]Cc3cccc4c3OCCCO4)CC2)nc1;10,3
O=C(N[C@@H]1CC[NH+]2CCCC[C@H]12)c1cc2ccccc2cc1OC(F)F;10,3
COc1ncnc(N)c1CN1CCC(C(=O)N2CCc3ccccc32)CC1;10,3
CN1CCc2ccc(NC(=O)[C@@H]3COc4ccc(F)cc4C3)cc2C1=O;10,3
CCN1C=Cc2ccccc2/C1=C\C1=C/C(=C/c2sc3ccc(C)cc3[n+]2CC)CC(C)(C)C1;10,4
COc1cccc(-c2nc(S(=O)(=O)c3ccc4c(c3)OCCO4)c(NCc3cccnc3)o2)c1;10,4
O=C([O-])c1ccc(NC(=O)[C@@H]2CC=CC[C@H]2C(=O)Nc2cccc([N+](=O)[O-])c2)cc1;10,4
CCS(=O)(=O)c1ccc(C(=O)N(Cc2ccccc2)c2nc3ccccc3s2)cc1;10,4
C[C@]12CCC[C@]3(CO3)[C@@H]1C[C@@H]1[C@@H](C[NH+]3CCC(c4cccnc4)CC3)C(=O)O[C@@H]1C2;10,4
O=C([C@H]1CCCN(c2nc(Cl)nc3[nH]cnc23)C1)N1CCN(c2ccc(F)cc2)CC1;10,4
Cc1ccc(-n2nc(C(=O)NC[C@@H]3CCCO3)c(=O)n(Cc3ccccc3F)c2=O)cc1;10,4
O=C([O-])C1CCN(C(=O)CCN2C(=O)[C@H]3Cc4ccccc4CN3C2=O)CC1;10,4
Cc1cc(NC(=O)[C@@]2(C)Sc3ccccc3NC2=O)c2ccccc2n1;10,4
O=C(c1nn(-c2cccc(Br)c2)c2c1CCCC2)N1CCC[C@@H]2COCC[C@H]21;10,4
CCCN1CC(=O)N2[C@@H](Cc3c([nH]c4ccccc34)[C@H]2c2ccc(Cl)cc2)C1=O;10,4
Cc1ccccc1-c1noc(C[NH+]2CCN(Cc3ccc4c(c3)CCO4)CC2)n1;10,4
Cc1ccc2c(c1)C(=O)N([C@@H](C)C(=O)N[C@@H]1CCC[C@H](C(F)(F)F)C1)C2=O;10,4
O=C(CSc1nnc(-c2c[nH]c3ccccc23)o1)N1CCC[C@H](c2nc3ccccc3s2)C1;10,5
O=C(CCc1ncc(-c2ccccc2Cl)o1)Nc1nc2ccc(F)cc2s1;10,5
CS(=O)(=O)c1ccccc1C(=O)Nc1ccc(Cc2nc3ccccc3s2)cc1;10,5
CCn1nc(C(=O)O[C@@H](C)c2nc3ccccc3c(=O)[nH]2)c2ccccc2c1=O;10,5
Cc1ccc(S(=O)(=O)N2CCN(C(=O)CNC(=O)c3sc4ccccc4c3Cl)CC2)cc1;10,5
O=C(NCCN1CCOCC1)c1nn2c(c1Cl)N[C@@H](c1ccc(F)cc1)C[C@H]2C(F)(F)F;10,5
Cc1nc2ccccc2c(=O)n1-c1ccc(C(=O)N2CCCC2(C)C)cc1;10,5
O=C1C[C@@H](c2cccc(Oc3ccccc3)c2)c2cc3c(cc2N1)OCO3;10,5
O=S(=O)(c1ccc2c(c1)[C@H]1C=CC[C@@H]1[C@@H](c1cccnc1)N2)N1CCOCC1;10,5
Cc1nc(SCc2nnc(-c3ccc(Cl)cc3)o2)c2c3c(sc2n1)CCC3;10,6
Cc1ccc(S(=O)(=O)N2CCC(C(=O)Nc3nc(-c4cc5ccccc5o4)cs3)CC2)cc1;10,6
CN1C(=O)c2sccc2N2[C@@H](CCCC(=O)NCCc3c[nH]c4ccccc34)NN[C@@H]12;10,6
COc1ccccc1-n1c(=O)n(CC(=O)Nc2ccc3c(c2)OCCO3)c(=O)c2c(C)cc(C)nc21;10,6
COc1ccc2[nH]c(=O)c([C@H](c3nnnn3C[C@H]3CCCO3)N3CCCc4ccccc43)cc2c1;10,6
O=C(NCCNc1ncccn1)Nc1ccc2c(c1)Cc1ccccc1-2;10,6
CC(C)n1nc(CC(=O)Nc2cccc3c2ccn3C(C)C)c2ccccc2c1=O;10,6
C[C@H](C(=O)Nc1cccc2ccccc12)[NH+](C)CC(=O)N1CCN(Cc2ccccc2)CC1;10,6
Cc1ccccc1C(=O)N[C@H](C(=O)N1CCC(c2nc3ccccc3s2)CC1)C(C)C;10,6
O=C([C@@H]1CCC[NH+](C2CCN(c3nnnn3-c3ccccc3)CC2)C1)N1CCCC1;10,6
COc1ccccc1N(C(=O)c1ccc(=O)[nH]c1)c1nc(-c2ccc([N+](=O)[O-])cc2)cs1;10,7
Cc1ccc(NC(=O)[C@H](Cc2ccccc2)NS(=O)(=O)c2cccc3nsnc23)c(C)c1;10,7
CC(=O)c1cccc(NC(=O)[C@@H](C)n2c(=O)cc(C)c3c(C)nn(-c4ccccc4)c32)c1;10,7
Cc1cccn2c(=O)c3cc(C(=O)N4CCN(C)CC4)n(Cc4ccccc4)c3nc12;10,7
Cc1nc(-c2ccccc2Br)cc([C@H]2C[NH+]3CC[C@@H]2C[C@@H]3CNC(=O)c2ccco2)n1;10,7
CCOC(=O)C1CCN(C(=O)[C@@H]2CCCc3sc(NC(=O)c4ccc5c(c4)OCO5)nc32)CC1;10,7
Cc1nn([C@H](C)C(=O)NCCc2ccc(S(N)(=O)=O)cc2)c(=O)c2c(C)n(-c3ccccc3)nc12;10,8
O=C(Nc1cccc(OCc2cc(=O)n3cc(Cl)ccc3n2)c1)Nc1ccc2c(c1)OCCO2;10,8
COc1ccc(C[C@@H]2c3cc(OC)c(OC)cc3CCN2C(=O)Nc2c(F)cccc2F)cc1OC;10,8
Cc1nc(NC(=O)[C@H](C)Sc2nnc3cc(C)c4ccccc4n23)sc1C;10,8
[O-]/C(=N\c1nc(C2CCCCC2)n[nH]1)N1CCCC[C@@H]1c1ccccc1;10,8
C[NH+]1CCN(c2ccc(NC(=O)c3cc(=O)c4ccccc4o3)nc2)CC1;10,8
Cc1ccc([C@H]2CC(=O)Nc3c2cnn3-c2ccc(C)cc2)cc1;10,8
C[C@H]1Cc2ccccc2N1C(=O)CN1C(=O)N[C@]2(CCCCc3ccccc32)C1=O;10,8
C(=C/c1ccccc1)\CN1CCC2=NN=C(c3ccc4c(c3)OCO4)[C@@H]2C1;10,8
Cc1coc2cc3c(cc12)[C@@H](C)[C@H](CCC(=O)N[C@@H](Cc1c[nH]c2ccccc12)C(=O)[O-])C(=O)O3;10,9
O=C(NCc1ccc2c(c1)OCO2)c1cn(C[C@H]2CCCO2)cc2c(=O)n(-c3ccccc3)nc1-2;10,9
CC1=CC(C)=N[C@@H]1C(=O)N1CCc2c(c(C(=O)NCc3ccccn3)nn2CCc2ccccc2)C1;10,9
COc1cc([C@H]2C3=C(CC(C)(C)CC3=O)Nc3nnnn32)ccc1OCc1ccc(C)cc1;10,9
O=C(C[C@@H]1CSc2nc3c(c(=O)n21)CCCC3)N1CCN(C(=O)c2ccco2)CC1;10,9
Cc1cc(C)c(C)c(S(=O)(=O)N2CCC(C(=O)NN3CC(=O)NC3=O)CC2)c1C;10,9
CC(=O)N1CCc2cc(C(=O)[C@H](C)Nc3cccc4c3CCCC4)ccc21;10,9
O=C(/C=C/c1cn(-c2ccccc2)nc1-c1cccs1)N1CCC[C@H](c2nnc3n2CCCCC3)C1;11
O=C(Nc1ccc2c(c1)Cc1ccccc1-2)c1csc(-c2cnccn2)n1;11
CC(C)n1cc([C@@H]2[C@H]3[NH+]=c4ccccc4=C3CCN2Cc2ccc3nsnc3c2)cn1;11
COc1cc(OC)nc(N2CCN(C(=O)c3ccccc3NC(=O)Nc3ccc(F)cc3F)CC2)n1;11
Cc1cc(C)nc(-n2nc(C)cc2NC(=O)c2cccc3ccccc23)n1;11
CC(C)c1ccc([C@H]2[C@H]3[NH+]=c4ccccc4=C3C[C@H]3C(=O)N(CCN4CCOCC4)CC(=O)N32)cc1;11
CC(C)C(=O)Nc1ccc(N2CCN(C(=O)c3cccc(F)c3)CC2)c(C(=O)N2CCCC2)c1;11
C[C@H]1CCCCN1C(=O)c1cnn2c(-c3ccccc3)cc(-c3ccccc3)nc12;11,1
O=C(c1ccc2c(c1)OCO2)[C@H]1CCC[NH+](Cc2c[nH]nc2-c2cccc(F)c2)C1;11,2
O=C(Nc1nc2c(ccc3ccccc32)s1)C1CCN(C(=O)N2CCCC2)CC1;11,2
C[C@H]1CN(C(=O)C2CC[NH+](Cc3cccc(-c4ccccc4)c3)CC2)C[C@H](C)O1;11,2
C[C@@H](OC(=O)c1ccc2c(c1N)C(=O)c1ccccc1C2=O)C(=O)Nc1ccc(Cl)cn1;11,3
Cc1ccccc1N(C(=O)Cn1nnc2ccccc21)[C@H](C(=O)NC1CCCCC1)c1ccc(O)cc1;11,3
COc1cccc(N2C[C@H](C(=O)N3CCC(c4nc5ccccc5[nH]4)CC3)CC2=O)c1;11,3
C[C@H]1C=[N+]2C(=N)/C(=C/c3ccc(OC(=O)c4ccc(F)cc4)c(Br)c3)C(=O)N=C2S1;11,4
Cc1ccc2c(CN3C(=O)N[C@](C)(c4ccc(C(C)C)cc4)C3=O)cc(=O)oc2c1C;11,4
N=C1/C(=C\c2ccc(-c3cccc([N+](=O)[O-])c3)o2)C(=O)N=C2SC(c3cccnc3)=NN12;11,6
O=C(Nc1cccc(Br)c1)c1nc(N2CCCCC2)c2oc3ccccc3c2n1;11,6
COc1cc(C)cc2oc(=O)c(CC(=O)N3CCCC4=C[C@@H]5C[C@@H](C[NH+]6CCCC[C@@H]56)[C@H]43)c(C)c12;11,6
Cc1nn(-c2ccc(F)c(F)c2)c2ncc3c(c12)C(=O)N(c1cccc2ccccc12)C3=O;12
Cc1ccc(S(=O)(=O)[C@H]2c3nc4ccccc4nc3N(/N=C/C3=c4ccccc4=[NH+]C3)[C@H]2N)cc1;12,9
