smiles,value
O=C(O)C=CC(=O)Nc1ccc2c(c1)-c1ccccc1C2,9.9
CC(=O)N1CC(NS(=O)(=O)N2CCCC2)C(c2ccc(C)o2)C1,6.6
CCc1nn(CC(=O)N2CCC3(CC2)OCCO3)c(=O)c2cc3ccccc3n12,9.6
Cc1ncnc(C)c1C(=O)N1CCC(C)(N2CCC(N3C(=O)N(C4CCOCC4)CC3c3ccccc3)CC2)CC1,8.0
CN1c2ccccc2C(n2nnc3ccccc32)c2ccccc21,8.6
CCOc1ccccc1NC(=O)C1=C(C)N=C(C)C(C(=O)Nc2ccccc2OCC)C1c1cccc([N+](=O)[O-])c1,7.9
Cc1c(F)cccc1N1CCN(Cc2ccc(F)cc2Cl)C(=O)C1=O,8.5
Cc1ccc2c(N3CCNCC3)nc(-c3cccs3)cc2c1,8.4
CC(=O)c1cccc(NC(=O)C(CC(C)C)NS(=O)(=O)c2ccc3c(c2)CCN3C(C)=O)c1,9.9
Cc1ccc(C(=O)c2cc3cc(O)ccc3[nH]2)cc1,9.6
CC(C)CC(NC(=O)C(C=O)NC(=O)C(Cc1ccccc1)NC(=O)c1ccc(-c2ccccc2)cc1)C(O)OCCCl,8.9
O=C(Nc1ccc(Br)cc1F)c1cc(CN2CCOCC2)on1,7.6
CC(C1CC1)N(CC(=O)NCC(F)(F)F)C1CC1,7.1
N=C1NC2(c3cc(-c4cncnc4)ccc3OCC23CC3)c2cccc(F)c21,8.7
COc1ccc(Br)c(C=O)c1OC(C)=O,6.1
CCN(CC(=O)Nc1c(F)cccc1F)C(=O)CCOc1ccc(C)cc1,8.4
C(=NCC1CCCO1)c1ccco1,6.4
COc1ccc(-c2cc3ncccc3c(OCc3n[nH]c(=O)o3)n2)cc1OC,9.4
CC(=O)NC1CCCCC1OC(C)=O,5.6
COC(=O)c1cccc(N=c2cc(C)[nH]c(-c3ccccc3O)n2)c1,9.7
CCN1CC(C)n2c(c(O)c3c(=O)n(Cc4ccc(F)cc4)nc(C)c32)C1=O,8.7
O=C(NC1CC1)C1CCCN1C(=O)NC1CCCCC1,7.3
N=c1[nH]cnc(N2CCN(C(CN)c3ccc(C(F)(F)F)cc3)CC2)c1F,8.4
CN1CCC2(CC1)Oc1ccc(Br)cc1C1CC(c3ccccc3Cl)=NN12,8.6
Cc1ccc(S(=O)(=O)N2CCN(C(=O)c3ccccc3)CC2)c(C)c1NS(C)(=O)=O,8.5
COc1ccc(C2CC(c3ccccc3Cl)=NN2C(=O)CNC(=O)C2CCCC2)cc1,9.7
COc1cccc(Cn2ccc(C(=O)NCc3cn(-c4ccccc4)c4cc(Cl)ccc4c3=O)cc2=O)c1,10.1
COc1ccc2c(c1)NC(=O)Cc1c-2[nH]c2ccc(C#N)cc12,9.4
CN(C)C(=O)CCCCCCCCNC(=O)C(C)(Cc1ccccc1)NC(=O)C(Cc1ccccc1)NC(=O)OC(C)(C)C,8.4
Cc1ccc(-c2csc3ncn(CC(=O)N4CCOCC4)c(=O)c23)cc1,9.7
COC=CCC(=O)Nc1ccc2[nH]cnc(=Nc3cccc(Br)c3)c2c1,8.6
CC(C)C(=O)NCc1ccc(Cl)c(-c2nc(=O)c3cc(N4CCOCC4)c(Cl)cc3[nH]2)c1,10.1
C#Cc1cccc(Nc2ccc3c(c2)nc(C(=O)O)c2cccn23)c1,9.1
NCCCCC(NC(=O)C(Cc1ccccc1)NC(=O)C(Cc1ccc2ccccc2c1)NC(=O)c1cc(CN)cs1)C(N)=O,9.2
CCc1nc(-c2cccc(C)c2)c(-c2cc[nH]c(=NC(=O)C3CCCCC3)c2)s1,9.9
N=c1nc(N2CCCC(c3nnc4ccccn34)C2)c2c([nH]1)CNCC2,9.1
COc1ccc(-n2ccn(CC(=O)Nc3ccc(OC)cc3OC)c(=O)c2=O)cc1,8.3
CN(C(=O)Cc1ccc(N=C=S)cc1)C1CCCCC1N1CCCC1,8.1
Cn1c(=O)c2ncn(CC(=O)Nc3cc(C(F)(F)F)ccc3N3CCOCC3)c2n(C)c1=O,9.3
CCN1CCc2[nH]ccc2C1,5.9
CCC1(C)Cc2c(sc3[nH]c(=S)n(Cc4ccccc4)c(=O)c23)CO1,8.4
Fc1cncc(-c2cccnc2Oc2ccc(N=c3cccc[nH]3)cc2)c1,10.0
CC(NC(=O)OC(C)(C)C)C(=O)NCC#N,5.9
NC(=O)NC(=O)C(c1ccccc1)N1CCN(Cc2ccc(Cl)s2)CC1,7.5
Cc1cccc(N2CCN(c3ncnc4c3nc3n4CCCCC3)CC2C)c1,9.5
O=C(O)CCN1C(=O)SC(=Cc2ccc(-c3ccc(O)c(C(=O)O)c3)o2)C1=O,9.1
CC(NC(=O)NC(C(=O)N1CCCC1C(=O)NC(C(=O)c1nc2ccccc2o1)C(C)C)C(C)C)C(=O)O,8.8
N=C(N)NCCCC1NC(CNC(=O)c2ccc(Cl)c(Cl)c2)CCN(CC(c2ccccc2)c2ccccc2)C1=O,11.0
N=C(N)NCCCCc1[nH]c(=O)n(CC(=O)NCC(NC(=O)OCc2ccccc2)C(=O)O)c1O,8.5
Cc1nnc(C(=O)Nc2ccc(F)c(C3(C)N=C(N)C(C)(F)CC3(F)F)c2)o1,9.8
CC(CNCCOc1ccc(OCc2ccccc2)cc1)c1ccccc1,9.4
N#CC(C(=O)NCCc1ccc(N)cc1)c1nc2ccccc2nc1N1CCCCCC1,9.3
C=Cc1c(C)c(O)cc2c1ccc1c(C)c(O)ccc12,9.8
CCN(C(=O)c1cc(Cl)ccc1Cl)C1CCS(=O)(=O)C1,6.2
Cc1cc(=O)oc2cc(OCc3n[nH]c(=Nc4ccc(Cl)cc4)s3)ccc12,9.0
N#CC1(NC(=O)C2CC(S(=O)(=O)c3ccccc3Cl)CN2C(=O)C2CCN2C2CCN(CC(F)(F)F)CC2)CC1,9.2
Cn1cc(-c2ncnc3c2CCN(C(=O)c2cccc(Cl)c2Cl)C3)cn1,9.5
N=c1c(C(=O)NC2CCCCC2)cc2c(=O)n3ccccc3nc2n1CC1CCCO1,10.1
COc1ccc(S(=O)(=O)N2CC3CCCN3C(=O)CC2C(O)=NO)cc1,7.7
CN1CCc2cc(Cn3cc(C(=O)O)c(=O)c4c(F)cccc43)ccc21,9.1
Cc1ccc(O)c(C(=O)c2c[nH]c(-c3nc4ccccc4[nH]3)c2)c1,9.9
CCCNC(=O)c1nc(C)n(-c2cc(Cl)cc(Cl)c2)n1,7.9
Nc1sc2c(c1C(=O)NCc1cccc(C(F)(F)F)c1)CCN(Cc1ccccc1)C2,10.0
Cn1cnc2ccc(-c3nc(=NCC(O)CN4CCc5ccccc5C4)cc[nH]3)cc21,9.7
CNC(=O)c1ccc2c(C(=Nc3cccc(CN(C)C)c3)c3ccccc3)c(O)[nH]c2c1,9.2
Fc1ccccc1N=c1[nH]c2c(s1)CCc1ccccc1-2,9.3
Cc1cncc(C2CCN(C(=O)c3ccc(-n4cccn4)nc3)CC2)n1,9.4
O=C(Oc1ccccc1)N1CCC2(CC1)CN(c1ccncc1)C2,8.3
CC1(O)CCC2C(CCC3C2CCC2(C)C(C(=O)Cn4cc5ccncc5n4)CCC32)C1,8.9
CN(c1cc(=O)[nH]c2ccccc12)C1CCN(C(=O)c2cnn(C)c2Cl)CC1,9.0
O=C(NCc1cccnc1)c1cc2nc(-c3ccc4c(c3)OCO4)cc(C(F)(F)F)n2n1,10.9
CN(C)CCn1cnnc1-c1cc(Oc2ccc(NC(=O)NN=Cc3ccc(O)cc3)cc2F)ccn1,9.4
CCCOC(=O)N=c1[nH]c2ccc(OC(F)(F)F)cc2s1,7.8
COC(C(=O)N=c1[nH]nc(CCCCc2ccc(=NC(=O)Cc3cccc(CNC(=O)CC(O)C(F)(F)F)c3)[nH]n2)s1)c1ccccc1,9.1
Cc1cc(Cl)ccc1NC(=O)CN1C(=O)COc2ccc(S(=O)(=O)Nc3ccccc3)cc21,9.9
COc1ccc(NC(=O)c2ccccc2NC(=O)c2ccccc2C(=O)O)c(OC)c1,9.3
CC(NC(=O)c1cccc(-c2cnc3[nH]c(=O)n(C)c3c2)c1)C(=O)O,9.8
CCc1ncnc(-c2cc(F)c(C(=O)N3CCN4CCCC4C3)c(F)c2)c1C#Cc1ccc(=NC)[nH]c1,11.1
Cc1cc(-c2cccc(Cl)c2C=CC2CC(O)CC(=O)O2)ccc1F,10.9
CCC(=O)C(CCCCCCOc1ccc(C(C)=O)cc1OC)C(=O)CC,7.3
CCCN1CCc2cccc3c2C1Cc1ccc(OC(=O)CCC(=O)Oc2cccc4c2-c2cccc5c2C(C4)N(CCC)CC5)cc1-3,11.4
CC(C(=O)N1CCN(CCOc2ccccc2)CC1)n1cncn1,7.4
COc1ccccc1SC(=O)c1cccc(C=O)n1,7.0
c1ccc2c(N3CCN(CCc4ccc5[nH]cnc5c4)CC3)cccc2c1,9.4
Cc1cccc2c1CCN2C(=O)Cc1nc(N2CCOCC2)cc(=O)n1C,9.3
Cc1cc(C(=O)c2ccccc2)nc2ccccc12,10.4
CC(=O)N1CCc2nc3sc(C(=O)c4ccc(F)cc4)c(N)c3c(C(F)(F)F)c2C1,9.6
CNC(Cc1ccc2c(c1)OCO2)c1ccc2ccccc2c1,9.7
CC(C)C(=O)Nc1cnn2ccc(N3CCCC3c3cc(F)ccc3F)nc12,6.9
CCOc1cc2ncc3c(=N)[nH]c(-c4cccnc4)cc3c2cc1OCC,8.7
Cn1cc(CCNC(=O)CC2C(=O)NCCN2CC(c2ccccc2)c2ccccc2)cn1,9.8
Cc1ccc(-c2onc(C)c2C)cc1S(=O)(=O)Nc1cccc(Cl)c1C,9.5
CCCCCC=CC=CCCCCCCCCC(=O)Oc1ccc2c(c1)C(=O)C(=Cc1ccc(F)cc1)O2,8.0
COc1ccc(-n2c(O)cc(=O)nc2SCC(=O)N2CCCCC2)cc1,8.3
CC(C)Oc1ccc(-c2nc(-c3cccc4c3OCCNC4CCC(=O)O)no2)cc1Cl,9.2
O=C1CCC(COc2ccc3c(c2)C(O)(C(F)(F)F)c2ccccc2-3)N1,10.9
CCN(CC)S(=O)(=O)c1ccc(NC(=O)COc2nc3ccccc3nc2N2CCOCC2)cc1,8.9
CN(C)CCNC(=O)c1ccccc1NC(=O)c1ccc2cc3n(c2c1)CCCNC3=O,9.4
COc1ccc2ccc(=NCCCN3CCN(c4ccccc4OC)CC3)[nH]c2c1,8.8
Cc1cccc2sc(C3(NC(=O)CC(N)Cc4ccccc4F)CCS(=O)(=O)CC3)nc12,10.0
Cc1nn(-c2cc(N3CCCCC3)ccc2N)c(=O)c2ccccc12,10.1
CCCCOC(=O)C1CC2COc3ccc(N=Nc4ccccc4)cc3C2N1Cc1ccccc1,6.5
CCCOc1ccc(-c2c(=O)n(OCc3ccc([N+](=O)[O-])cc3)c3ccccc3[n+]2[O-])cc1,9.3
N=c1[nH]c2c(c(=O)[nH]1)-c1cc(Br)c(N)cc1CC2,8.7
CN(c1ccccc1C(=O)O)S(=O)(=O)c1ccc2c3c(cccc13)C(=O)N2,8.9
CCc1nc(C)c(C(=O)N=c2[nH][nH]c3c2CN(C(=O)N2CC(C)N(CC4CCOCC4)CC2C)C3(C)C)o1,10.8
CC(C)c1cc2c(cc1Br)C1(C)CCCC(C)(C(=O)O)C1CC2=NOCCCNC(=O)c1ccc(C(F)(F)F)cc1,9.6
Fc1ccc(-c2nccnc2C2CN(c3ccc4ccccc4n3)C2)cc1F,10.6
Cc1cc(C)c(CNC(=O)NCc2ccc3c(c2)OCCO3)c(=O)[nH]1,9.6
Cn1c2ccccc2c(=O)c2ccc(NCCc3cccs3)cc21,8.8
CC(C)(C)NC(=O)c1cn(C2CCCCC2)cc(C(=O)NC2CCN(Cc3ccccc3)C2)c1=O,9.3
CC(C)(C)CCOc1cccc2occ(CN(CCO)C(=O)Cc3ccccc3)c(=O)c12,8.5
O=C(c1[nH]nc2ncccc12)N1CCc2nc(COc3ccccc3)oc2C1,9.4
CC(C)(C)NS(=O)(=O)c1ccccc1-c1ccc(-c2c[nH]c(=NS(C)(=O)=O)cn2)c(F)c1,8.8
O=C(Nc1ccc(-n2cccn2)cc1)C1CCCCN1Cc1cccc2cccnc12,10.1
CC(C)(CO)N1CCN(C(=O)OC2(C3CCCC(C4CC4)N3S(=O)(=O)c3ccc(Cl)cc3)CC2)CC1,7.2
O=C(Cl)c1ccccc1F,6.4
Cc1cc2nc(C3CCN(Cc4nnnn4Cc4cccs4)CC3)[nH]c2cc1C,9.1
O=C1C(=Nc2ccc([N+](=O)[O-])cc2)C(c2ccccc2)C(=O)c2ccccc21,8.1
CC(=O)NCc1ccc(C(=O)N2CCCC2c2cnn(C)c2)o1,8.6
COC(=O)c1sccc1NC(=O)C1CC1,6.0
CC(=O)Nc1ccc(NC(=O)COC(=O)c2ccc(C)s2)cc1,8.0
COc1ccc(S(=O)(=O)N2Cc3ccccc3CC2C(=O)Nc2ccc3c(c2)OCO3)cc1,10.4
Cc1ccc(N2CCN(C(=O)c3ccccc3NC(=O)c3ccccc3C(=O)O)CC2)cc1,10.6
CNC(=O)c1cccc(N=c2nc(N3CC(Oc4ccc(C)cc4)C3)cc[nH]2)c1,8.6
CC(CCC(=O)NCCC(=O)N=c1[nH]nc(S(N)(=O)=O)s1)C1CCC2C3C(O)CC4CC(O)CCC4(C)C3CC(O)C12C,7.0
COc1ccc(Br)cc1CCN,5.9
NC1CCCC(c2ccncc2NC(=O)c2ccc(F)c(-c3cccc(F)c3F)n2)C1,10.3
COc1ccc(C2N=C(N=c3[nH]c4ccccc4o3)N=C3CCCC(=O)C32)cc1,10.1
CC(C)OC(=O)c1c(-c2ccc3ccccc3c2)csc1NC(=O)CCC(=O)O,8.6
CN(Cc1ccc(Cl)nc1)C1CCN(c2ccc(-c3ccccc3)nn2)C1,9.3
COc1ccccc1-c1c(C(=O)C(C)(C)C)c(O)c(O)n1-c1ccc(-c2cc[nH]c2)cc1,9.7
O=C(OCc1nnc(-c2ccc(Cl)cc2)o1)C12CC3CC(CC(O)(C3)C1)C2,9.4
CCN1CCOCC2(CCCN(C(=O)c3ccncc3F)C2)C1,7.4
CSCCC(N=c1nc(C)cc(C)[nH]1)C(=O)NCC1CCOCC1,7.5
O=C(O)CN1CCN(C(c2ccccc2)c2ccccc2)CC1,7.4
Cc1cccc(-c2ccc3c(c2C)NC(=O)CO3)c1,9.2
COc1cccc(N2CCN(C(=O)c3c(C)oc4ncnc(N5CCCCC5)c34)CC2)c1,8.9
CN(C)C(=O)c1cc2c[nH]c(=Nc3ccc(C(=O)N4CC5CNCC5C4)cn3)nc2n1C1CCCC1,9.7
Cc1[nH]nc(-c2ccc(O)c(C)c2O)c1-c1cnn(-c2ccccc2)c1,9.5
O=S(=O)(c1ccc(F)c(Cl)c1)c1cnc2c(F)cccc2c1N1CCOCC1,8.5
O=c1sc(=Nc2cccc(F)c2)[nH]c2c1[nH]c1ccccc12,10.0
Cc1ccc(N2CCCC3(COCCN(c4ccccn4)C3)C2)nn1,7.6
CCc1ccc(OCC(=O)c2c(O)c3ccccc3oc2=O)cc1,9.2
CCCCCCCN1C(=O)c2cc(OC)cc(OC)c2C1=O,7.2
CCc1cc(C(C)=O)c(O)cc1OCc1cccc(C(=O)NCCCCCCCCCC(=O)O)n1,8.2
CCCCCCCCC1OC1CCCCCCCC(=O)O,6.0
C#Cc1ccnc2[nH]c3ccc(-c4ccc(N5CCN(C)CC5)cc4)cc3c12,9.7
O=C(O)c1cc(CCn2cnc3c2N=CNCC3O)cc(-c2ccc(Cl)cc2)c1,10.9
CC(C)(C)N(NC(=O)c1ccc(Cl)cc1)C(=O)c1ccccc1Cl,8.3
CC(C)c1cccc(C2=CC(=O)CC(c3ccc(F)cc3)C2)c1,9.4
COc1ccc2ncc(S(=O)(=O)c3cccc(Cl)c3)c(N3CCC(C)CC3)c2c1,8.4
C=CCn1ncc2cnc(C)n2c1=O,6.3
O=C(Nc1cc(Cl)cc2c1[nH]c1cnccc12)N1CCOCC1,8.7
CN1CCC(=NNC(=O)CN(c2cccc(Cl)c2)S(C)(=O)=O)CC1,8.2
CCc1noc(-c2cc3c(s2)C(=O)c2c(Cl)cccc2C3=O)n1,9.6
CCCCCNC(=O)CCc1c[nH]c2ccccc12,7.2
Cc1nc(-c2ccc(F)cc2)c(C(=O)N2CCCN(c3cc(Cl)cc(Cl)c3)CC2)o1,9.4
CC(C)(C)n1nnnc1C(c1ccccc1O)N1CCc2ccccc2C1,8.1
CC1CC(Nc2cc(=O)[nH]c3ccccc23)CCN1C(=O)c1cnn(C)c1Cl,9.1
CC(C)(C)NC(=O)N1CCN(c2ncccc2C(F)(F)F)CC1,7.4
Cc1cccc([N+](=O)[O-])c1O,5.9
CC(C)c1[nH][nH]c(=O)c1Cc1ccc2ccccc2c1,9.3
O=C(C=Cc1ccc(Cl)c(Cl)c1)N1CCC2CC(N3CCC(c4c[nH]c5ccccc45)CC3)CCC2C1,8.2
COc1c(O)c(OC)c2c(=O)cc(-c3ccc(O)cc3)oc2c1OC,8.1
CCOCC(COc1ccc(NC(=O)CC[S+](C)C)cc1)OCC,7.1
CCOC(=O)c1cn(CC)c2cc(N3CCN(C)CC3)c(F)cc2c1=O,8.3
CCCCCCCCCCCCCCCCNC(=O)C(N)CSC,6.3
Cc1cccc(N(C)CC2CCCC(=Cc3ccccc3)C2=O)c1,9.6
NCCNCCSc1ccc(Cl)cc1,6.4
[O-][n+]1nc(N2CCCCC2)[n+]([O-])c2cc3c(cc21)CCC3,9.2
Cc1cc(C)c2[nH]c(CN3CCC(N4CCOC4=O)CC3)cc(=O)c2c1,9.1
C#Cc1cccc(N=c2[nH]cnc3ccc(-c4ccc(CO)o4)cc23)c1,9.8
FC(F)(F)c1cccc(-c2csc(Cn3cc(-c4nn[nH]n4)cn3)n2)c1,10.2
N=c1[nH]c(=O)n(C2CCC(NS(=O)(=O)c3cccc(-c4ccccc4)c3)C2)cc1F,10.6
O=C(C1CCC(Cn2c(=O)[nH]c3ccccc3c2=O)CC1)N1CCN(Cc2ccccc2)CC1,10.2
CCOC(=O)N1CCC(CN(Cc2ccc(Cl)cc2)Cc2ccc([N+](=O)[O-])s2)C1,8.0
CCCCN1C=CN(C)C1,5.0
O=c1[nH]sc(C2CCNCC2)c1CC(c1ccccc1)c1ccccc1,10.8
COc1ccc(C2C(C#N)C(=N)OC3(OC)CCN(Cc4ccccc4)CC23)cc1,9.6
CCOc1ccc(NC(=O)CN(C)C(=O)c2ccc(NC3CC3)c([N+](=O)[O-])c2)cc1OCC,7.9
CCOC(=O)CN(C(=O)CSc1nnc(COc2ccc(OC)cc2)n1C)c1ccccc1,7.6
CCCc1cc(=O)[nH]c(SCC(=O)c2ccc(Cl)c(S(N)(=O)=O)c2)n1,7.9
O=c1c2cc(Cl)ccc2nc(C=Cc2ccccc2)n1-c1ncccn1,10.5
COc1cc2ncc3c(c(-c4ccc(C#N)cc4)nn3C)c2cc1OCc1nccs1,8.6
O=C(N=c1[nH]c(-c2ccccc2)nc2ccccc12)Nc1ccc(Cl)cc1,10.9
CC(N)C(=O)N1CCC(Nc2ccc3[nH]ncc3c2)CC1,8.3
Cc1cn(Cc2ccc(O)c(C3CCCCC3)c2)c2ccc(OCC(=O)O)cc12,10.0
COc1ccc(-c2[nH]c(-c3ccc(SC)cc3)nc2SCC(=O)N=c2[nH]ccs2)cc1,9.2
CC(C)c1csc(C=Cc2cccc(NC(=O)C(O)c3ccccc3C(=O)O)c2)n1,9.7
CC(C)CC(C)(O)C#CC(C)(O)CC(C)C,6.5
Nc1cccc(-c2ccc(-c3ccc4c(c3)COC4=O)s2)c1,9.8
Cc1c(C(=O)Nc2ccc(F)c(Cl)c2)oc2ccc(S(=O)(=O)N(C)C3CCCCC3)cc12,10.4
O=C(Nc1cc2cc[nH]c(=O)c2cc1Cl)C(NC1CC1)c1ccccc1,8.7
CC(C)CC1(C(=O)O)CC(C(=O)O)C(c2ccc(Cl)cc2)N1C(=O)c1ccc(C(F)(F)F)cc1,8.2
CC#CCOc1c(OC)cc2c3c1-c1cc4c(cc1CC3N(C)CC2)OCO4,8.9
COc1ccc2[nH]c(C)c(CC(=O)NC(CCCCCC(=O)O)C(=O)NCCc3c(-c4ccccc4)[nH]c4ccccc34)c2c1,9.9
CCCc1c(C(=O)NC2CCCC2)nnn1-c1ccc(OC)cc1,8.0
CC(NC(=O)C(C)(Cc1ccc(O)cn1)NC(=O)c1ccccc1)c1ccccc1,8.9
Cc1c2c(=O)n(-c3nc(-c4ccccc4)cs3)[nH]c2cc(=O)n1C,9.5
Oc1cc(-c2ccc(Cl)cc2)c(O)n1CN1CCN(c2ncccn2)CC1,9.3
Cc1ccc2cc(CN(Cc3nnnn3C3CCCCC3)CC3CCCO3)c(=O)[nH]c2c1,10.5
CCCCCCCCc1ccc(CNC(=O)C2CCCN2C(=N)N)cc1,9.5
CSc1ccccc1NC(=O)CN(C)CC(=O)Nc1cccc(Br)c1,8.2
Oc1ccc(C2=COc3cc(O)c(CNCCc4ccccc4)cc3C2)cc1,10.5
O=C(Cc1ccc(S(=O)(=O)N2CCOCC2)s1)Nc1ccc(N2CCOCC2)cc1,8.6
CCOC1N=C(c2ccccc2)c2cc(Cl)ccc2N(CCO)C1=O,7.2
COc1cc(N=c2c(C#N)c[nH]c3cc(-c4ccc(C(=O)N5CCN(C)CC5)cc4)sc23)c(Cl)cc1Cl,9.5
CCN(CC)CC(O)COCc1ccccc1,7.5
COC(=O)c1nc(C(=O)OC)c(C(=O)OC)nc1C(=O)OC,5.0
C=c1c(=Cc2c(N)n3nc(CCC)sc3nc2=O)cc(C)n1-c1cccc(C)c1,9.6
OCCC1CC(O)C(O)C2(OCc3cc(C(F)(F)F)ccc32)O1,7.8
CN(CCCN)c1cc2c(cc1F)C(=O)c1nc3ccccc3c(=O)n1-2,9.0
OCCN1CCN(C2=Nc3cc(F)ccc3Nc3ccsc32)CC1,7.9
Cc1cc(=NCc2ccc(-c3ccccc3-c3nn[nH]n3)cc2)c(Cl)c(C)[nH]1,10.3
O=C(Nc1cccc(OCc2cccc(F)c2)c1)C1CCN(c2ccncc2)CC1,10.1
Cc1cccn2c(=O)c(C(=O)NC3CC(C)CC(C)(C)C3)c(O)nc12,8.1
CCC(=O)N1CCc2cc(S(=O)(=O)N3CCN(C(=O)c4ccco4)CC3)ccc21,8.8
O=S(=O)(N=c1nccc[nH]1)c1ccc(N=c2[nH]cnc3ccccc23)cc1,10.5
COC(=O)N=c1[nH]c2ccc(C3(O)c4ccccc4C(=O)N3c3cccc(OCCN(C)C)c3)cc2[nH]1,8.6
Cc1cc(C)cc(NC(=O)CSc2nc3ccccc3nc2N2CCCC2)c1,8.6
COC1CN(C2CCC(n3cc(C(N)=O)c(=Nc4ccc(C(F)(F)F)cc4)[nH]3)C(C#N)C2)C1,9.6
O=C(Cn1cnc([N+](=O)[O-])n1)N1CCN(c2ccccn2)CC1,8.2
CC(C)(C)OC(=O)N1CCN(C(=O)C(Cc2ccc(O)cc2)NC(=O)OCc2ccccc2)CC1,8.8
CCC(COC(N)=O)CC(C)C,6.0
O=C(O)C=CC1CC=NCC1,6.2
COc1ccc2c3c1OC1C4OCC4(C(O)c4ccccc4)CC4C(C2)N(C)CCC341,8.9
CC(=O)C1CCC2C3CC=C4CC(=O)CCC4(C)C3C(NCC3COC(C)(C)N3C(=O)OC(C)(C)C)CC12C,8.1
CCOC(=O)C(C)CC(=NC(=O)C(=NC(=O)C(Cc1ccc(Br)cc1)NC(C)=O)C(C)(C)C)C(C)C,7.3
CN(C)C1CCCN(C(=O)CCc2csc(=N)[nH]2)CC1,6.9
COc1ccc(CCNC(=O)COC(=O)CCC(=O)c2cccs2)cc1OC,7.8
CCCOc1cccc2c1nc(C(F)F)n2-c1nc(N2CCOCC2)nc(N2CCOCC2)n1,9.1
N=c1[nH]nnn1N=Cc1cc(Cl)cc(Cl)c1OCc1ccc(Cl)cc1Cl,9.1
COCc1cc(-c2cccc(C3=Nc4cc(C)c(C(F)(F)F)cc4NC(=O)C3)c2)cc(C)n1,10.9
C=CCOC(=O)NC(Cc1ccc(N(C(=O)C(=O)O)c2ccccc2C(=O)O)cc1)C(=O)NC(C)c1ccc([N+](=O)[O-])cc1,8.3
COc1ccc(Cl)cc1S(=O)(=O)N1COc2c(C)cc(C(=O)N=c3[nH]c(CC(=O)O)cs3)cc21,9.2
NC(=O)c1cc(-c2ccc(F)cc2)c2ccc(Cc3ccnc(CO)c3)cc2n1,10.4
CCOc1ccc(NC(=O)Cc2c(C(=O)O)n(C)c3ccccc23)cc1,8.2
O=C(c1c[nH]c2ccc(S(=O)(=O)N3CCC4(CC3)OCCO4)cc2c1=O)N1CCOCC1,8.5
Cc1cc(C)c(C)c(S(=O)(=O)N2CCC(C(=O)N3CCN(c4ccc(F)cc4)CC3)CC2)c1C,8.9
Cc1noc(C)c1Cn1cc(NC(=O)c2cccc3c2OCCO3)cn1,8.1
Cn1cc(C(=O)Nc2ccc(Oc3ccc4nc(NC(=O)C5CC5)cn4n3)c(F)c2)c(=O)n1-c1ccccc1,9.0
CC1CCN(S(=O)(=O)c2cn(CC(=O)Nc3ccc(F)c(Cl)c3)c(=O)c3ccccc23)CC1,10.4
CCN(CC)C(=S)SC(NC=O)C(Cl)(Cl)Cl,4.7
Cc1c(-c2cccc(C(F)(F)F)c2)c(=O)c(C(=O)NCc2cnn(C)c2)cn1C(C)C,9.6
Cn1cc(NC(=O)c2cc(NC(=O)c3cc(-c4ccncc4)cn3C)cn2C)cc1C(=O)NCCN1CCOCC1,7.9
N#Cc1ccc(N2CCc3c(sc(NC(=O)c4cc(S(=O)(=O)N5CCOCC5)c(Cl)cc4Cl)c3C#N)C2)cc1,7.1
CCNC(=O)Cc1ccc(Cl)c(CN(C(=O)C2CNCCC2c2ccc(OCCOc3c(Cl)cc(C)cc3Cl)cc2)C2CC2)c1,8.3
Cc1ccc(O)c(C(=O)c2cnc3c(c2)COc2ccccc2-3)c1,9.8
COc1ccc(Cc2n[nH]c(=S)n2NC(=O)Nc2ccc(Cl)c(Cl)c2)cc1,8.8
Cc1ccc(C)c(NC(=O)N2CCc3ccccc3C2)c1,10.2
Cc1ccc(S(=O)(=O)NC(=O)CNC(=O)C(CC(C)C)NC(=O)CCC(N)C(=O)O)cc1,7.7
CC(C)C(N)C(=O)NC(Cc1ccccc1)C(O)CN(Cc1ccccc1)NC(=O)C(N)C(C)C,9.1
Cc1nn(-c2cccc(S(C)(=O)=O)c2)c2cc(=NC(C)c3ccccc3)[nH]cc12,10.1
COCc1c(C(=O)N=c2[nH]nc(C3CC3)s2)oc2ccccc12,8.1
O=C(O)COc1ccc(CCNS(=O)(=O)c2ccccc2)s1,7.4
O=C1C=NC(c2ccccc2F)c2c(ccc3ccccc23)N1,8.5
COc1ccc(CN2CCNC(=O)C2CC(=O)O)cc1OC,7.2
N#Cc1cn(CC(=O)N2CCc3ccccc3C2)c2ccccc12,8.8
COCCCN(C)c1cc(C(F)(F)F)nc(-c2cccnc2)n1,8.4
CC(O)Nc1cc(Cl)ccc1C=NN=C(N)NN=Cc1ccc(Cl)cc1NC(C)O,8.5
N=c1[nH]cc(-c2ccncc2)[nH]1,6.4
Cc1cc(=NC(=O)CN2CCN(c3nccs3)C(C)C2)[nH]o1,7.5
Cc1cccc(NN=C(C(N)=O)C2=NC(C)(C)Cc3ccccc32)c1,9.7
Oc1cccc(C2NN=C3c4ccccc4OC(c4ccccc4)C32)c1,10.0
COc1ccc(CN=Cc2c(=O)[nH]c(O)c3cccc(Br)c23)cc1O,8.5
O=C1C(N2CCC(c3ccc(O)cc3)C(F)C2)CCN1Cc1ccc(F)c(F)c1,9.3
Cc1ccc2c(OCCN3CCC(Cc4ccc5c(c4)NC(=O)CO5)CC3)ccc(Cl)c2n1,10.6
COc1ccc(C)cc1NC(=O)C1CCCN(S(=O)(=O)c2cccc3nonc23)C1,9.4
CC(C)N(C)C(=O)Cn1c(-c2ccccc2)c(C2CCCC2)c2ccc(C(=O)O)cc21,8.1
COc1ccc(C(=O)Cn2c(=NCCCO)[nH]c3ccccc32)cc1OC,8.1
Cc1csc(=O)n1CCC(=O)OCC(=O)NCc1ccc(Cl)cc1Cl,7.8
N#Cc1ccc(C(=O)N=C2NC(c3ccccc3)c3ccccc3NC2=O)cc1,8.8
COC(=O)C1CC(OC(C)=O)C(=O)C2C1(C)CCC1C(=O)OC(c3ccoc3-c3ccc(F)cc3)CC12C,8.7
O=C(O)CN(C(=O)c1cc(Cl)ccc1S)C1CCCC1,6.0
Cc1[nH]c(-n2[nH]c3c(c2=O)CCCC3)nc(=O)c1Cc1ccccc1,10.1
O=C1C(=O)N(C2CCN(C(=O)c3ccc(Cl)cc3)CC2)CCN1Cc1ccc(F)cc1,8.8
COc1cc2c(cc1OCCc1ccncc1)Cc1c(-c3ccc(-c4ccc(O)cc4)cc3)n[nH]c1-2,10.7
CN1C(C)(C)CCCC1(C)C,5.5
CCC(=O)N1CCC2(CC1)CN(Cc1cc(F)ccc1F)C(CO)c1[nH]c3cc(OC)ccc3c12,8.7
CCn1ccnc1CN1CCCN(C(=O)c2cc(C)nn2CC)CC1,6.7
CN(C(=O)CN1C(=O)NC(C)(c2cccc(Br)c2)C1=O)C1CCCCC1,9.4
Cc1cccc(C(=O)OCC(=O)Nc2c(C)nn(-c3ccccc3)c2C)c1O,9.2
Cn1ccc2c3oc(=O)c(C#N)c(-c4cccc(Br)c4)c3ccc21,9.1
Oc1cc(Cc2ccccc2)c(Br)c(Br)c1O,8.6
CC1(c2cccc(NC(=O)c3ccc(Cl)cn3)c2)COCC(=N)N1,9.7
CNC(=O)c1ccccc1N=c1[nH]c(=Nc2cccc3c2OCCO3)[nH]c2c1CCN2,9.8
CCc1c(C)[nH]c(=O)c(N(C)C)c1Cc1ccc(-c2ccccc2)cc1,10.2
Cc1ccc(N)c([N+](=O)[O-])c1,6.0
CC(=O)c1cccc(NCC(=O)NC(N)=O)c1,8.1
O=C(C=Cc1cccnc1)Nc1ccc(S(=O)(=O)c2ccccc2)cc1,10.5
Cc1ccc(-n2nnc3c2CCN(C(=O)c2cccc(C(F)(F)F)c2Cl)C3C)nc1,10.4
Fc1ccc(Cc2nnc(N3CCN(c4ccc(C(F)(F)F)cn4)CC3)c3c2CCC3)cc1,9.7
Cc1nc(-c2ccc(Cl)cc2)cc(=NC(C)c2cccc(-c3cnn(C)c3)c2)[nH]1,10.3
Cc1ccc(-c2nc3ccccn3c2Nc2ccc(F)cc2)o1,10.2
CN(CCO)CCCCCC1CCC(N(C)S(=O)(=O)c2ccc(C(F)(F)F)cc2)CC1,8.4
O=C(Nc1ccc(Cl)cc1Cl)c1cc(S(=O)(=O)N2CCc3ccccc32)ccc1F,10.8
CN(CCn1cnc2cc(C(=O)N3CCC(N4C(=O)OCc5ccccc54)CC3)ccc21)S(C)(=O)=O,9.2
O=C1CCC(N(Cc2ccc3ccccc3c2)C2CCCC2)c2ccccc21,10.8
COc1ccc(C2Sc3ccccc3-n3c(CNc4ccc(F)cc4)ccc32)c(OC)c1,8.4
COc1cccc(-c2nccnc2C2CN(c3nccc(-c4ccccc4)n3)C2)c1,9.8
CCn1c(-c2ccc(NS(=O)(=O)CC)cc2)c(C#N)c2ccc(CO)cc21,8.9
CCn1nc(-c2cc[nH]c(=Nc3ccc(S(N)(=O)=O)cc3)n2)c2ccccc21,10.1
CCN(CC)C(=O)c1cccc2c1-c1ccccc1C2=O,8.9
CCN(CC(=O)Nc1ccccc1C(F)(F)F)C(=O)c1ccc(N2CCCC2=O)cc1,10.4
Cc1nnc(-c2cc3c(s2)C(=O)c2ccccc2C3=O)s1,9.4
O=C(COC(=O)C=Cc1cccc(Br)c1)NCc1cccs1,8.2
O=C(NCCN1CCOCC1)c1sc2cc(Cl)ccc2c1Cl,7.8
Cc1nnc(C(C)N2CCc3[nH]c4ccc(Cl)cc4c3C2)o1,8.9
O=C(CCC(=O)NN=Cc1ccc(Br)s1)NCc1ccccc1,8.3
CN1CCN(Cc2ccc(NC(=O)c3cc(-c4ccc5c(c4)OCO5)cnc3Cl)cc2)CC1,9.4
O=C(NC1CCN2CCc3c([nH]c4ccccc34)C2C1)c1ccc(Cl)cc1,8.5
CCC(C)C(N)C(=O)OCC1CC23CCC1(OC)C1Oc4c(O)ccc5c4C12CCN(CC1CC1)C3C5,6.2
COCCOc1nc(-c2ccc(Cl)c(Cl)c2)n(-c2ccc(NC(=O)CCl)cc2)n1,7.6
COc1ccc(C(=O)OCc2ccc3[nH]c(=N)[nH]c(=N)c3c2)cc1OC,9.3
CC(C)(C)c1n[nH]c(=NC(=O)c2cccc(S(=O)(=O)N3CCCCCC3)c2)o1,9.5
CCc1nn(C(C)C(O)(Cn2cncn2)c2ccc(F)cc2F)c2ccc(F)cc12,8.9
O=S(=O)(NCCSCc1ccc(Cl)cc1Cl)c1ccc2c(c1)OCCO2,7.9
CC(=O)c1ccc(N2CCN(C(=O)CNS(=O)(=O)c3cccc4cnccc34)CC2)cc1,9.5
COc1ccc(C2=NN(C(N)=S)C(c3ccc4ccccc4c3)C2)cc1,8.8
CC(C)(C#N)C(C)(C)c1nn[nH]n1,5.0
CCOC(=O)C(C(C)=O)C1CC=CC1,6.4
CC(N=c1nc(N2C(=O)OC3(COC3)C2c2ccccc2)cc[nH]1)c1ccccc1,7.4
CCC(=O)CCC(O)C=CC1C(OC(C)=O)CC(O)C1CC=CCCCC(=O)OC,8.1
Cn1c(=O)[nH]c2cc(N3CCCC(C)(N)C3)n(Cc3ccccc3)c2c1=O,8.0
Cc1c[nH]c(-c2ccccc2C(F)F)nc1=NCC1CN(c2cnccn2)C1,9.2
CC(C)CC1C(=O)NC(C2Cc3ccccc3C2)C(=O)N1C(C(=O)O)c1ccc(F)cc1F,9.8
CCOC(=O)CS(=O)(=O)c1ncc(Cl)cc1Cl,5.5
CC(C)N=c1cc(-n2ncc3cc(C#N)cnc32)[nH]cc1C(=O)NCCc1ccc(S(N)(=O)=O)cc1,9.5
CCNC(=O)C1=C(C)N=C2CC(C)(C)CC(=O)C2C1c1ccc(-c2ccccc2)cc1,9.0
Cc1occc1C(=O)N1CCN(S(=O)(=O)c2ccccc2)CC1,8.1
Cc1nc(C)c(CNc2cc(Cl)c3[nH]cc(C#N)c(=Nc4ccc(F)c(Cl)c4)c3c2)[nH]1,9.0
CCCCOC(=O)Nc1ccc2cc(C)n(Cc3ccc(C(=O)O)cc3OC)c2c1,9.4
CC(C)(C)Oc1ccc(CC(NC(=O)C2(C)CCCN2S(=O)(=O)c2cc(Cl)cc(Cl)c2)C(=O)O)cc1,10.2
Cc1ccc(S(=O)(=O)NCC(=O)N2Cc3ccccc3C(OCc3ccccc3)C2CO)cc1,9.1
O=c1[nH]c2ncc(-c3ccc(-n4cccn4)cc3)nc2n1CC1CCOCC1,9.7
COc1cccc(NC(=O)C2CCCN(c3ncnc4c3nc3n4CCCCC3)C2)c1,10.2
CC1CCCCC12NC(=O)N(CC(=O)NC(=O)Nc1ccc3c(c1)OCCO3)C2=O,9.8
Cc1[nH]c2c(Cl)cccc2c(=O)c1CN1CCCCC1C,8.4
Cc1cc(=O)n2c3ccccc3n(CC(O)Nc3ccccc3)c2c1C#N,7.9
CN(C(=N)Nc1cccc2ccccc12)c1cc(F)cc(Cl)c1,10.1
CC(C)=C(C(=O)OCc1ccccc1)N1C(=O)C(NC(c2ccccc2)(c2ccccc2)c2ccccc2)C1[S+]([O-])CC(=O)OC(C)(C)C,8.6
COc1cc(OC)c2c3c1-c1c(O)cccc1C1Oc4ccccc4C(CC2OC)C31,9.5
Cn1cnc(S(=O)(=O)NCc2ccc3c(c2)C(C2(c4ccc(Cl)cc4)CCC2)NCC3)c1,9.1
CCNC(=O)NC1CCC2(C)C(=CCC3C2CCC2(C)C(c4cncc(OC)c4)=CCC32)C1,8.8
COc1ccc(-c2ccc(S(=O)(=O)NC(C(=O)O)C3CCN(C(=O)C(C)C)CC3)s2)cc1,8.5
CON=C1c2cc(OC)ccc2-c2cnc3ccccc3c21,9.5
COc1cc(N2Cc3cn(-c4ccc(Cl)cc4)nc3C2=O)ccc1OCC(C)(C)O,9.0
CCC1(O)CC(=O)OCc2c1cc1n(c2=O)Cc2c-1nc1ccc(OC)cc1c2C,10.2
O=C(CN(C(=O)c1ccc(N2CCCC2)nc1)C1CCCCC1)Nc1cc(F)cc(F)c1,8.9
CCCNC(=O)c1sc2c(c1C(=O)N=c1cccc[nH]1)CCCC2,8.5
COC(=O)CCCC1C2CCCN3CCCC(CN1Cc1cccc(Cl)c1)C23,7.7
COc1nn(Cc2ccccc2NC(=O)c2ccccc2)c(=O)o1,8.8
Cc1nn(C)c(C)c1-c1nc(N2CCOCC2C)c2ccc(-c3cccc(CO)c3)nc2n1,11.1
CSc1ccc(-c2ccc(C(=O)NCC3CCCO3)c(N3CCC(O)CC3)n2)cc1,8.7
CNC(=O)NC(C)c1ccc(OC2CCN(c3ccnc(OCC(F)F)c3)C2)cc1,8.4
O=C1C=C(c2ccc(C(=O)O)c(Cl)c2)CC(c2ccc3c(c2)OCO3)C1,10.0
Cc1nn(C(C)C(=O)NC(C)CCc2ccccc2)c(=O)c2cc3occc3n12,9.8
CC(C)(C)C(=O)N=c1cc[nH]c(-c2cccnc2)n1,7.8
COc1ccc2[nH]c3cc(Cl)ccc3c(=NCCCNCCCNCCn3cnc4c(=N)[nH]c(=N)[nH]c43)c2c1,9.3
O=C(COc1ccc(C23CC4CC(CC(C4)C2)C3)cc1)N=c1cc(C(=O)O)cc[nH]1,11.1
COc1ccc(-c2csc(=NC(=O)C3CCCCN3S(=O)(=O)c3ccc4c(c3)OCO4)[nH]2)cc1,10.6
Cc1ccc(Cn2c(=O)n(Cc3ccc(Cl)cc3)c(=O)c3cccnc32)cc1,9.4
CC(C)S(=O)(=O)c1ccn(C(CC2CCCC2)C(=O)N=c2[nH]ccs2)c(=O)c1,8.0
O=C(C1CCC2C(CCN2C2CCCC2)O1)N1CCOCC1,8.3
Cc1c(Cc2c[nH]n3c(=O)cc(-c4ccncc4)nc23)cccc1C(F)(F)F,11.0
COc1cccc2c1OCC(CO)C2N(C)C(=O)Nc1ccc(Cl)cc1Cl,7.6
O=C(Cc1cc(=O)[nH]c(=O)[nH]1)N1CCC(Cc2ccccc2)CC1,8.4
Cc1[nH]nc2c1C(c1cc(-c3ccncn3)cc(C(F)(F)F)c1)(C(C)C)C(C#N)C(=N)O2,11.0
C=CCn1c(=O)c(C(=O)NCCc2ccc(Cl)cc2)c(O)c2cc(OC)c(OC)cc21,8.2
NCC1CCC(N=c2cc(-c3cccc(=NCc4ccc(F)c(F)c4)[nH]3)c(Cl)c[nH]2)CC1,10.3
Clc1ccc(-c2[nH]c(-c3ccc(Cl)cc3)c3c2CCCC3)cc1,10.9
Cc1ccc(C2(c3ccccc3)NC(=O)N(CC(=O)NC3CCS(=O)(=O)C3)C2=O)cc1C,10.0
Nc1ccc(-n2ccc(=O)c3c(=O)n(Cc4ccccc4)ccc32)cc1C(F)(F)F,10.0
CN1CCN(c2nc(-c3ccc(Cl)cc3)cc(-c3c[nH]c4ccccc34)n2)CC1,9.9
COc1cc(C=C(C#N)C#N)cc(OC)c1,6.7
COc1cccc2c1C13CCN(CC4CCC4)C(C2)C1CCC(O)C3,6.9
CC(c1nnc(Cn2c(SCc3ccc(F)cc3)nc(=O)c3c2CCC3)n1Cc1ccc(-c2ccc(C(F)(F)F)cc2)cc1)N(C)CCCN(C)C,10.8
Cc1c(C=O)c2ccccc2n1Cc1ccc([N+](=O)[O-])cc1,8.7
Fc1c[nH]c(-c2ccccc2C(F)F)nc1=NCc1ccc(-c2cc[nH]n2)cc1,10.3
C[N+](C)(C)CCCCCNCC12CC3CC(CC(C3)C1)C2,6.9
Cc1cc2c(=O)cc(-c3ccc(C(=O)O)cc3)oc2c(C(N)=O)c1C,10.3
CSc1ccc(SC2=C(Sc3ccc(SC)cc3)C(=O)c3ccccc3C2=O)cc1,8.1
COCc1ccccc1C(=O)N1CCC(CNC(=O)OC(C)(C)C)C1,7.8
CCc1nn(C)c(C(=O)NCc2ccc(Oc3ccc(C(F)(F)F)cc3)cc2)c1Br,9.9
CC(C)C(CO)N=c1[nH]c(=Nc2ccc(-c3ccccn3)cc2)c2ncn(C(C)C)c2[nH]1,9.3
COc1ccc(S(=O)(=O)N(C)CC(=O)N2CCOCC2)cc1,7.3
CN1CC=C(CCc2cccc3ccccc23)CC1,9.2
Cc1ccc(NN)cc1,6.2
Cc1nn(-c2ccccc2)c2c1c(=O)oc1ccccc12,9.3
CC(N=c1c(-c2c(F)cc(F)cc2F)c(F)[nH]c2nccnc12)C(F)(F)F,8.6
COc1ccc(COC(C)=O)cc1,6.8
COc1ccccc1-n1c(CSCc2cc(C(C)(C)C)c(O)c(C(C)(C)C)c2)n[nH]c1=S,9.3
CN(C(=O)Nc1ccc(-c2cc(F)cc(F)c2)cc1)C1CCN(S(C)(=O)=O)CC1,8.5
CCN(Cc1nc(COC)no1)C(=O)CCn1c(C)cc2ccccc21,7.7
Cc1cnc(CN=c2[nH]c(-c3ccc(N(C)C)cc3)nc3ccccc23)cn1,9.4
Cc1nc2c(=N)cc(N3CCOCC3)[nH]n2c1Cc1cccc(C(F)(F)F)c1C,10.6
CC(C)(NS(=O)(=O)c1ccc(NN2CCCCC2)cc1C(F)(F)F)C1CC1,8.9
CNS(=O)(=O)c1ccc(-c2c[nH]c(=N)c(-c3ccc(OC)nc3)c2)cc1,9.4
COCC(C)NCc1ccc(-c2ccccc2S(=O)(=O)N2CCCC2)cc1,8.4
O=C(c1c(-c2ccc3[nH]ncc3c2)nnn1Cc1ccccc1)N1CCCCC1,9.1
c1ccc(OCc2nn3c(-c4cc(-c5ccccc5)[nH]n4)nnc3s2)cc1,9.7
CCC(C)C(N)C(=O)NC(C(=O)O)C(C)C,6.0
C=Cc1cc(C)cc2c(=O)oc3c(C)c(O)ccc3c12,9.8
Cc1ccc(C(=O)NC2CC2)cc1Oc1cc(=O)n(C)c2c1cnn2-c1cccc(F)c1,10.8
COC(=O)CCCCNC(=O)C(C)C1CCC2C3CC=C4CC(OC(C)=O)CCC4(C)C3CCC12C,7.8
O=C(NCc1ccco1)c1ccc2c(c1)C(=O)c1ccccc1-2,10.0
CC(CCCn1ccnn1)N(c1cc(Cl)ccc1CO)S(=O)(=O)c1ccc(Cl)cc1,7.7
O=S(=O)(c1ccc(Cl)cc1)N1CCC(n2cnc3cc(C(F)(F)F)ccc32)CC1,9.8
O=C(C1CC(N2CCC(c3cc(C(F)(F)F)nn3-c3ccccc3)CC2)CN1)N1CCSC1,10.2
Cc1ncc(NC(=O)C2CCOCC2)cc1-c1ccc2cc(=NC(=O)C3CC3)[nH]cc2c1,10.4
CCc1ncnc(-c2ccc(C(=O)N3CC4(CNC4)C3)c(F)c2)c1C#Cc1ccc(=N)[nH]c1,10.7
COc1ccc(N2CCN(C(CNC(=O)C(=O)NCCCN(C)C)c3cccnc3)CC2)cc1,7.6
COc1cc(OC)c2ccc(=O)oc2c1C(CCN1CCOCC1)c1ccc(N(C)C)cc1,8.5
Cn1ccnc1C=NN=c1cc[nH]c2cc(Cl)ccc12,7.9
CC1CCCC(C)N1CCCNC(=O)Cn1ncc2c3ccccc3n(C)c2c1=O,8.6
Cc1cc(C)oc(=O)c1,5.6
Nc1sc(-c2c(F)cccc2F)nc1C(=O)Nc1c[nH]nc1N1CCCC(N)C1,9.2
CC1(C)C=Cc2c(cc3oc4ccc(O)cc4c(=O)c3c2O)O1,9.6
Cc1c(NS(C)(=O)=O)cccc1N(Cc1ccccc1)Cc1ccccc1Br,8.4
CC(C)COC(=O)N1CCC(n2cc(C(N)=O)c(=Nc3ccc(F)cc3)[nH]2)C(C#N)C1,10.0
CCCN1CCN(CCNC(=O)Nc2ccc(OC)cc2OC)CC1,7.0
CCc1nc(=Nc2cccc(O)c2)c2oc3ccccc3c2[nH]1,9.3
CCOC(=O)C12C(=C(c3ccccc3)OC3C=CCCC31)C(=O)C(=O)N2c1ccccc1,6.8
Cc1ccccc1CNC(C)Cn1ccc2ccc3ncccc3c21,9.2
Cc1nc(-c2ccc(Cl)cc2)sc1COc1ccc2c(c1)OCC2CC(=O)O,8.7
CS(=O)(=O)c1cncc(-c2cc(C(F)(F)F)c3nc(=N)[nH]n3c2)c1,9.3
COc1ccc2c(c1O)C13CCN(C)C(C2)C1CC(=O)C(=O)C3,6.8
COc1cc2c(cc1OS(N)(=O)=O)NC(=O)N(Cc1cccc(Cl)c1)C2,8.7
O=C(O)CCCCN=C=S,5.0
CCC(c1nnnn1C1CCCC1)N1CCN(c2ccccc2F)CC1,7.7
Cc1ccccc1CCN(Cc1cc2ccc(C)c(C)c2[nH]c1=O)C(=O)c1cnccn1,9.6
Cc1ccc(C(=O)N2CCC(C(N)=O)CC2)cc1NC(=O)c1nsc2ccccc12,10.7
Cc1ccc2scc(N3CCc4ccccc4C3)c(=O)c2c1,8.6
CCOC(=O)CCC(=O)OCC1OC2C(Oc3nc(=N)ccn32)C1OC(=O)CCC(=O)OCC,7.7
CC1(C)CCC2(C(=O)O)CCC3(C)C(=CCC4C5(C)CCC(OC(=O)CCN6CCOCC6)C(C)(C)C5CCC43C)C2C1,7.2
Cc1csc(C2(NCCC(=O)N3CCOCC3)CCCC2)n1,7.4
Oc1ccc2c(c1)C13CCN(CCF)C(C2)C1(O)Cc1cc2ccccc2nc1C3,8.2
CC(=O)CSc1nc(=O)cc(C)[nH]1,6.0
COc1cccc(N2CC(NC(=O)c3cccc4ccccc34)CC2=O)c1,10.1
CN1c2ccccc2Sc2cc(C(=O)c3ccccc3)ccc21,9.2
CCC1(O)C(=O)C(O)OCc2c1cc1n(c2=O)Cc2cc3cc(OC)ccc3nc2-1,10.5
COc1cc(Cc2c[nH]c(N=C3C(=O)N(CN4CCN(Cc5ccccc5)CC4)c4ccc(Br)cc43)nc2=N)cc(OC)c1OC,6.5
CCCCCCCCc1ccc(-c2nc(C(C)(N)CO)no2)cc1,9.0
N#Cc1nonc1C(=O)N1CC(=O)N2CCc3ccccc3C2C1,8.1
O=C1N=c2ccc(C(=O)c3cccs3)cc2=C1Cc1ccccc1,9.1
Cc1nc(N2CCC(C)CC2)c2c(C)c(C(=O)Nc3ccccc3C(F)(F)F)sc2n1,9.4
N=c1[nH]c(-c2cccc([N+](=O)[O-])c2)c(Cl)c(=O)[nH]1,8.4
CCCN1CCC2(CC1)Oc1ccc(Br)cc1C1CC(c3ccc(Br)cc3)=NN12,7.9
NCC1(C(=O)O)CC12CCCCC2,5.4
Cn1ccc(CNC(=O)c2cc(C3CCNCC3COc3ccc4c(c3)OCO4)ccc2F)n1,10.7
O=[N+]([O-])c1ccc(F)cc1,5.8
COc1c(CNC(C)C(=O)NC2CCCC2)c(C(C)C)nn1C,7.5
Nc1c(C(=O)NCc2ccccc2)sc2nc3c(cc12)C(=O)CCC3,8.7
CC(C)=CCCC(C)=CCCC(=CCCC(C)=CCO)CO,7.5
Cc1nc(CN=c2[nH]cnc3ccc(-c4ccoc4C)cc23)cs1,9.2
NC1CCN(c2nc3c(cc2F)c(=O)c(C(=O)O)cn3-c2nccs2)CC1,9.0
COc1ccc(C(=O)c2nc(-c3ccc4c(c3)CCC(=O)N4)cs2)cc1OC,9.2
COC(=O)CN1C(=O)C(Nc2ccccc2)CCc2ccccc21,7.8
N#Cc1ccc(C2C3=C(CCC3=O)N(c3cccc(C(F)(F)F)c3)C(=O)N2C(=O)NCc2ncco2)cc1,9.4
CNC(=O)Oc1ccc2cc(NC(=O)c3ccc(OC)c(-c4cccc(OC)c4)c3)c(=O)oc2c1C,9.6
O=C(NCCc1nc(-c2ccccc2)cs1)c1cccs1,8.4
COc1cc2c(CO)cc3c4cc5c(cc4ncc3c2cc1OC)OCO5,9.5
CC(=O)NC1C(O)CC(Oc2ccc(-n3cc(Cn4nnc5ccccc54)nn3)cc2C(F)F)(C(=O)O)OC1C(O)C(O)CO,8.1
CCN1CCN(C2C(=O)c3ccccc3C(=O)C2=NS(=O)(=O)c2ccc(C)cc2)CC1,10.4
CC(C)(C)c1ccc(S(=O)(=O)N2CCC3=Cc4c(cnn4-c4ccc(F)cc4)CC3(CN3CCCC3)C2)cc1,10.4
CCOC(=O)c1cc(-c2ccccc2)n(-c2ccc(S(C)(=O)=O)cc2)n1,8.7
O=C(NCc1ccco1)c1ccc(N2CCOCC2)cc1,8.7
COc1ccc(CNC(=O)c2ccc3c(c2)N=C(C)c2c(C)ccc(C)c2S3)cc1,9.4
O=C(c1cc2nc(-c3ccccc3)cc(-c3ccccc3)n2n1)N1CCCC1,11.0
Cc1c(C(=O)NCCCCN)nn(-c2ccc(Cl)cc2Cl)c1-c1ccc(Cl)cc1,8.1
CN(C)CCSc1nncc(-c2cnnc(SCCN(C)C)n2)n1,6.4
N=c1cc(OC(=O)c2ccc(F)cc2)[nH]n1S(=O)(=O)c1ccc(F)cc1,10.0
Cc1ccc2[nH]c3c(c2c1)CC(=O)Nc1ccccc1-3,9.5
O=[N+]([O-])c1ccc(S)cc1,5.6
CN(C)C(=O)n1nnnc1Cc1ccc(-c2ccc(CO)cc2)cc1,10.4
N=c1nc(N2CC3CC2CN3)c2oc3ccc(C(F)(F)F)cc3c2[nH]1,10.6
CCCCCCCCC=CCCCCCCCC(=O)N1CC(=Cc2ccco2)C(=O)C(=Cc2ccco2)C1,8.2
CCCc1cc(-c2nc(OCC)cs2)ccc1OCCCOc1ccc2c(c1)CCC2CC(=O)O,8.3
CCN1CCN(C(=O)C=CC(=O)O)CC1,5.2
CCNC(=S)NN=C(c1ccccc1)c1cccc(C)n1,8.9
CCc1nc(C)c(COc2c(Cl)cc(-c3ccnc(N4CCNCC4)c3)cc2Cl)s1,8.2
O=C(CCCCCCCCCCCc1ccccc1)NC1CCOC1=O,8.0
CCn1c(=NC(=O)c2ccc3cc4n(c3c2)C(C)CCNC4=O)[nH]c2ccccc21,9.5
CCCSc1cc(Cl)[nH]c(=N)n1,6.1
CCOC(=O)CC(=O)Nc1cccc(Cc2c(C)c3cc(Cl)c(OC(=O)N(C)C)cc3oc2=O)c1,9.8
Clc1cccc(-c2nnc(-c3ccc4ccccc4c3)o2)c1,10.5
CC1CCC2CCOC3OC4(CCC(=O)O)CCC1C23OO4,7.2
OC1(C(F)(F)F)CC(c2ccc3ccccc3c2)=NO1,10.6
O=C(NC1CCS(=O)(=O)C1)c1ccc2cc(Oc3ccc(Cl)nn3)ccc2n1,9.5
Cc1nnc(-c2ccc(Cl)cc2)c2cn(-c3ccccc3)nc12,9.3
Cc1c(C(=O)NCCCN2CCN(c3cccc(Cl)c3)CC2)cc(-c2ccccc2)n1C,9.7
N=C(N)c1ccc2cc(C3CC3c3ccccc3)ccc2c1,9.8
CCC(c1nnnn1-c1ccc(OC)cc1)N1CCC2(CC1)C(=O)NCN2c1ccccc1,8.6
CC(C(=O)O)c1ccc(CC2CCCC2=O)cc1-c1ccc(F)cc1,10.6
Cn1cc(C2=NCC3(CN4CCC3CC4)O2)c2cc(N)ccc21,8.4
CC(C)[N+](C)(C)NCCC(=O)[O-],5.1
CSc1nc(-c2ccc(S(C)(=O)=O)cc2)c(-c2ccccc2)[nH]1,10.0
Cc1cc(O)cc(C)c1CC(N)C(=O)NC1CCNc2ccc(CC3CCCCC3)cc21,10.9
NCCCCC(NC(=O)N1CCCC1)C(=O)c1noc(Cc2ccc(OCCc3ccc(Cl)c(Cl)c3)cc2)n1,9.4
CN(c1ccc(C(F)(F)F)cn1)C1CCN(c2ncnc3[nH]ccc23)C1,8.7
C=CCSC(=S)NC1CCS(=O)(=O)C1,4.8
O=C1C(=Cc2ccccc2Br)Cc2cc(O)ccc21,9.2
CN(CCCCCCCN1C(=O)c2ccccc2C1=O)Cc1ccccc1,8.0
O=C1NC(Cc2ccccc2)c2nc3ccc(Cl)cc3c(=O)n2-c2ncccc21,10.1
CC(O)c1nccc(N2CCN(c3nc4cccnc4o3)CC2)n1,8.2
O=C(c1cc(-c2ccc(Cl)cc2)on1)N1CCN(c2ccc(F)cc2)CC1,9.4
COc1ccc(CNC(=S)Nc2ccccc2)cc1Cl,7.5
CC(F)(F)c1ccc(Cc2cc(C3OC(CO)C(O)C(O)C3O)c3c(c2Cl)OCC3)cc1,9.9
CC(NC(=O)N=c1cc2[nH]nc(N3CC4C5CCC(C)(O5)C4C3)c2c[nH]1)c1ccc(F)cc1,10.2
COc1ccc(-c2c[nH]c3ncc(-c4ccc(C#N)cc4)cc23)cc1OC,9.0
O=C(Nc1cccnc1)N1CCN(C(c2ccccc2)c2ccccc2)CC1,7.5
CC(NC(=O)C(N)CN)C(=O)O,5.1
COc1ccc2cc(C(=O)C3CCCN(C(=O)c4cnccn4)C3)ccc2c1,9.5
Cc1cccc(N2CCN(C(=O)c3cccc(-n4c(O)c5c(c4O)C4C=CC5C4)c3)CC2C)c1,11.0
O=C(CNc1ccc(F)cc1)NN=C1CCCc2ccccc21,9.6
O=c1cc(Cn2c(C3CCC3)nc3nccnc32)c2ccc(F)c(F)c2[nH]1,10.0
Cc1c(C(=O)Nc2ccc(F)c(C3(CF)N=C(N)OC4CC43)c2)nc2ccc(Cl)cn12,8.7
O=C1C(O)=C(c2cccc3ccccc23)C(=O)C(O)=C1c1ccccc1,9.3
O=S(=O)(O)c1cc(O)c(N=Cc2ccc(Cl)cc2Cl)c2ccccc12,10.5
Cc1cccc(NC(=O)CCn2nc(-c3ccccc3)c3ccccc3c2=O)c1,10.4
Cc1nc(CCNC(=O)C(N)Cc2ccc(O)cc2)c(=O)[nH]c1CCNC(=O)C(N)Cc1ccc(O)cc1,9.3
Clc1ccc(Oc2nc(=NCc3ccco3)c3ccccc3[nH]2)cc1Cl,10.3
CC(=O)Nc1cccc(-c2ccnc3c2CC(C)(C(=O)Nc2ccc(Cl)cc2)O3)c1,9.3
CC1CCc2ccccc2N1S(=O)(=O)c1ccc(O)cc1,7.6
Cc1ccc(-c2csc(=NC(=O)C3CCCCN3S(=O)(=O)c3ccc(C)cc3)[nH]2)cc1,9.4
COc1cc(CN2CCN(C)CC2)c2cc3[n+](cc2c1O)CCc1cc2c(cc1-3)OCO2,9.5
COc1cc(-c2oc3c(OC)c(OC)c(OC)c(O)c3c(=O)c2OC)cc(O)c1OC,6.5
COc1ccc(NC(=O)COC(=O)Cc2ccc(Br)cc2)cc1,8.4
COc1ccc2c(c1)C1(C)CCN(C(=O)C3CCCC3)C(C2)C1C,6.8
O=c1[nH]ccc2[nH]c(C3=CC(c4ccccc4Cl)=NCC3)cc12,10.8
O=C1c2c(ccc3ccccc23)OCC1c1ccccc1,10.9
COc1ccc(F)cc1C(=O)C=Cc1ccnc2ccccc12,9.4
c1nc(N2CCOC(Cn3cncn3)C2)c2cc[nH]c2n1,7.1
O=C1C(c2ccccc2)=C(c2ccccc2)C2C3CCC(C3)C12N1CCOCC1,9.7
O=c1[nH]c(N2CCOCC2)nc(NC2CC3CNC2C3)c1-c1nc2ccccc2s1,9.3
O=C(C1=COc2ccc(O)cc2O1)N1CCN(C(c2ccc(F)cc2)c2ccc(F)cc2)CC1,9.6
N=c1[nH]cnc(N2CCN(C(CN3CCCCC3)c3ccc(C(F)(F)F)cc3)CC2)c1Br,9.7
NC(=O)c1sc(N2CCOCC2)nc1CC(=O)N1CCc2cc(Br)ccc21,8.8
CCC12CCCN3CCC4(C(=Nc5ccccc54)CC1)C32,8.7
c1csc(CN2CCC3c4ccccc4CCC3C2)c1,8.7
O=C(O)c1cn(CC=Cc2cccc(F)c2)c2c(F)cccc2c1=O,9.6
Cc1ccccc1CS(=O)(=O)CC(=O)NCc1ccccc1F,8.3
N=c1cc[nH]n1C1CCN(Cc2ccccc2)C1,7.8
O=C(c1ccc(O)cc1O)N1CCCc2cc(OC(F)(F)F)ccc21,8.2
CCCCn1ccc(-c2ccc(Oc3ccnc(C)c3)c(F)c2)c(C#N)c1=O,9.3
CS(=O)(=O)c1ccc(-c2cnc3ccc(-c4ccc(C(F)(F)F)nc4)nn23)cc1,9.9
CCOC(=O)C1CCN(C(=O)CCCOc2ccc3nc4[nH]c(=O)[nH]c4cc3c2)CC1,9.2
C=c1[nH]c(=Cc2[nH]c(-c3ccc[nH]3)cc2OC)c(C)c1C(=O)OCC,8.3
Cn1c2ccccc2c2n[nH]c(=O)c(-c3ccccc3)c21,8.8
CCC(=O)NC1(C(F)(F)F)C(=O)N=C(C)C1C#N,6.6
C=CC(CC(O)c1ccc(OC)cc1)c1cccc(OC)c1,8.4
COc1ccc(C(C(=O)NC2CCCCC2)N(C(=O)c2snc(C(N)=O)c2N)c2ccccc2OC)cc1,8.2
CC1(C)Cc2n[nH]c(=O)c3cccc4c3c2c(n4Cc2ccccc2)C1,10.0
CN1CCC(NCc2ccc(-c3ccc(S(=O)(=O)NCc4ccccc4)c(F)c3)cc2)CC1,9.2
Cc1ccc(-c2nnn(CC(=O)N(Cc3cccs3)C(C(=O)NC3CCCC3)c3ccncc3)n2)cc1,8.9
Cc1cc(-c2cc(F)c(F)cc2-c2ccc(S(C)(=O)=O)cc2)ccc1Cl,11.7
c1ccc(CN2CCC3OC(COCC4CCOCC4)CCC32)nc1,8.0
CCCCCc1cc(=O)[nH]c(=S)[nH]1,6.3
CCN(CC)S(=O)(=O)CCNC(=O)c1cc2cccc(F)c2o1,7.2
Cc1ccc(C)c(SC2=CS(=O)(=O)c3ccccc32)c1,8.5
Cc1cc(=NN=Cc2ccc(NS(C)(=O)=O)cc2)c2cc3c(cc2[nH]1)OCO3,9.3
CC(=N)NCC[S+]([O-])CC(N)C(=O)O,5.4
CC1OC(=O)C2CC3CCCCC3C(C=Cc3ccc(-c4cccc(S(N)(=O)=O)c4)cn3)C12,9.8
CC1=C(CC(=O)OCCOc2no[n+]([O-])c2S(=O)(=O)c2ccccc2)c2cc(F)ccc2C1=Cc1ccc([S+](C)[O-])cc1,10.7
COc1cc(OS(=O)(=O)c2ccc(N3CCCNC3=O)cc2)cc(OC)c1OC,9.1
Cc1c(-c2ccc(N3CCC3C(=O)NC(C)(C)C)cc2)[nH]c2cc(F)cc(F)c2c1=O,9.8
COC(=O)CCC(C)C1CCC2C3C(OC(C)=O)CC4CC5(CCC4(C)C3CC(OC(C)=O)C12C)OOC1(CCCCC1)OO5,6.2
COc1ccc(NC(=O)C2CCN(c3nc4ccccc4nc3C(F)(F)F)CC2)cc1,9.1
S=C1COc2ccccc2CN1c1ccccc1,8.0
CCCCN=c1[nH]c2c(c3ccccc13)Cc1ccccc1-2,9.9
OCC1(n2cc(-c3cc(F)cc4c3-c3ccccc3C4(O)C(F)(F)F)cn2)CCCCC1,10.8
Cc1ccc2cc(C#N)c(N3CCCN(C(=O)C4CCCO4)CC3)nc2c1,8.8
CN1C(=O)C(C)(C)c2cc(S(=O)(=O)N3CCCC(C(=O)NCc4ccccc4Cl)C3)ccc21,9.8
CCCCOC(=O)CSSCC(=O)OCCCC,5.5
COc1cccc(C2(O)CCCCC2N2CCC3(CC2)C(=O)NCC3c2ccccc2)c1,9.4
O=C(Nc1cccc(S(=O)(=O)N2CCOCC2)c1)c1c2c(nc3ccccc13)CCC2,9.5
Cc1nc(NCc2cccnc2)c(C#N)c(=O)n1CC(=O)O,7.8
CNC1CCN(c2nc3c(c(C)c2F)c(=O)c(C(=O)O)cn3-c2ccc(F)cc2F)C1,9.7
FC(F)(F)C1CCN(c2nccnc2C2CN(c3ccc4ccccc4n3)C2)CC1,10.5
CCOc1ccc(NC(=O)N2CCN(C(=O)c3nsc4ccccc34)CC2)cc1,9.4
C=CCc1cc(C=C2SC(=O)N(CCCC)C2=O)c(OC)cc1O,7.4
CCc1cccc(NC(=O)CN2C(=O)COc3ccc(S(=O)(=O)N4CCC(C)CC4)cc32)c1,10.2
C=Cn1cc[n+](CC(=O)c2cc(C(C)(C)C)c(O)c(C(C)(C)C)c2)c1,8.8
Cc1cc(=O)n2[nH]c(-c3ccccc3)cc2n1,9.1
CC(C)(N)C(=O)NC(CCc1ccccc1)C(=O)N1CCC2(CC1)CSc1ccccc12,9.5
Cc1cc(C)nc(-n2nc(C)c3c(C(=O)O)cc(-c4cccc(Br)c4)nc32)n1,10.2
N=c1c2c(=O)[nH]c(C3CCNCC3)cc2[nH]n1-c1ccccc1,9.5
CC=c1[nH]c(=NN=Cc2ccco2)[nH]c1=Cc1ccco1,7.9
NC(CS)C(=O)Nc1ccc(NC(=O)Cc2cccc(Cl)c2Cl)c(C(=O)c2ccccc2)c1,9.6
Cc1nn(C)c2c1CN(c1ncnn3c(C)nc(-c4ccc(F)cc4Cl)c13)CC2,2.8
C=C1C(=O)OC2C1CCC(C)C1(O)C=C(C(O)c3ccc4c(c3)OCO4)C(=O)C21C,9.0
COc1c(N2CC3CCCNC3C2)c(F)cc2c(=O)[nH]c(=O)n(C3CC3)c12,9.9
CC(C)c1cc(-c2cccn3[nH]c(=Nc4ccc(C(=O)O)cc4)nc23)ccn1,10.2
Cc1ccc2cc(CN(CCN3CCCC3)C(=O)Nc3ccc(F)cc3)c(=O)[nH]c2c1C,10.2
O=C(O)C1CCN(c2nc(=O)c3cc(C(F)(F)F)cc([N+](=O)[O-])c3s2)CC1,8.6
CCn1c(CCNS(=O)(=O)c2ccccc2Br)nnc1SC,6.1
O=C(NC(=O)c1ccccc1Cl)OCc1ccc(-c2cccc(Cl)c2)o1,9.7
O=C(NCc1ccnc(-n2[nH]cc(-c3cccnc3)c2=O)c1)c1ccccc1,10.4
CC1CN(C(=O)c2csc(Br)n2)CCN1S(=O)(=O)c1c[nH]c2ncccc12,8.1
CN(C)C(=O)Cc1ccc(NC(=O)NC2CCCCC2)cc1,8.7
CC(=O)N1c2ccc(S(=O)(=O)N3CCCCC3)cc2CC1C(=O)Nc1ccc(C)cc1,9.2
CN(Cc1cnc2[nH]c(=N)[nH]c(=N)c2c1)c1cc(Cl)c(Cl)c(Cl)c1,9.0
Nc1c[nH]ccc1=NC(=O)c1ccc2ncsc2c1,8.4
COc1cccc(CNC(=O)C2CCN(S(=O)(=O)c3ccc4c(ccn4C)c3)CC2)c1,9.5
CCC(C)C(COC(N)=O)C(C)C,6.5
N=c1ccc2cc(-c3ccc(Cl)cc3)ccc2[nH]1,10.0
CN(C)c1ccc(C=c2sc3n[nH]c(=Cc4ccccc4)n3c2=O)cc1,9.3
CC1CCC(c2cc(-c3cc(-c4ccccc4)sc3C(=O)O)on2)CC1,9.2
O=C(CN1C(=O)c2ccccc2C1=O)NCCc1c[nH]c2ccc(Cl)cc12,9.1
Cc1cccc(NC(=O)c2oc(=O)c3ccccc3c2-c2ccccc2)c1C,9.8
O=C(Nc1ccc(C(=O)N2CCCc3ccccc32)cc1)c1cccs1,9.1
COCCC1CC1c1cncc(OCC2CCN2)c1,7.2
COc1ccc(C(c2nnnn2C2CCCCC2)N2CCC3(CC2)C(=O)NCN3c2ccccc2)cc1,7.7
CC(O)(c1cncc(-n2nc(C(F)(F)F)c3ccccc32)c1)C(F)(F)F,9.8
C#CCn1nnc(C2CCCNC2)n1,6.6
CCC1CC2CN3CCc4c([nH]c5cc(OC)c(OC)cc45)C(C(=O)OC)(C2)C13,7.0
COc1ccc(C=O)cc1,5.7
COc1ccc(CC2NCCc3c2[nH]c2c(Br)c(C)ccc32)cc1OC,9.0
CC1Cc2ccccc2N1C(=O)NC1CC2CCC(C1)N2C,9.3
CN1CCCC(COc2cc(=NC(=O)N3CCCc4cc(CO)c(C=O)nc43)[nH]cc2C#N)C1,8.8
CC(NC(=O)c1cc(C(=O)NC(C)c2ncccn2)c2n1CCCC2)c1ccc(F)cc1,9.5
O=C(Cc1ccc(-c2ccc3nccn3c2)cc1)Nc1cccc(Cl)c1,10.7
O=C1CCCN1c1ccc(Cc2n[nH]c(=O)c3c2CCCC3)cn1,9.0
CCOCCCNC(=O)Cn1c(O)c(Cc2c[nH]c3ccccc23)[nH]c1=O,8.0
CCN(CCC#N)c1ccc(N=Nc2ccc([N+](=O)[O-])cc2)cc1,7.6
CCCN1CCC(=C2c3ccc(Cl)cc3CCc3cccnc32)CC1,9.0
COCc1cc(=O)n2[nH]c(Cc3ccccc3)c(-c3ccc(Cl)cc3)c2n1,9.6
CCOC(=O)c1c(-c2ccccc2)oc(-c2ccccc2)c1C(=O)OCC,7.9
CC1(C)CC(O)(c2cncc(-c3cnc4c(c3)CCCN4C(N)=O)c2)CCO1,10.4
Cc1cc2c(c(C(N)=O)c1C)-c1cccc(F)c1C2=O,9.8
N=c1[nH]c2cc(-c3ccc4ncc(C(=O)N5CCOCC5)n4c3)ccc2o1,10.5
COC(=O)C12CCCN1C(=O)C(Cc1ccc3ccccc3c1)(NC(=O)OC(C)(C)C)CC2,10.1
CCN1C(=O)SC(=Cc2ccc(-c3cc(=O)c4ccccc4o3)cc2)C1=O,10.1
CCC(=O)OC1=CN(Cc2ccccc2)S(=O)(=O)c2ccccc21,9.2
O=C1CC2(C(=O)N1)C(=O)N(Cc1ccc(Cl)c(Cl)c1)C(=O)c1cccn12,8.6
O=C(CCc1c[nH]nn1)NC1CCN(C(=O)OCc2cc(Cl)cc(Cl)c2)CC1,7.8
CC(=O)N=C1C(=O)c2c(NC(C)=O)cccc2C(=O)C1Br,7.7
COc1cc(C2c3c(oc4ccccc4c3=O)C(=O)N2Cc2ccc(C)cc2)ccc1O,9.8
O=C(O)CCCCCCCn1ncc(-c2ccccc2)c1-c1ccccc1,8.4
O=C(CC1N(CC2CC2)C23CCC1(O)C1Oc4c(O)ccc5c4C12CCN(CC1CC1)C3C5)Nc1ccccc1,8.2
CSCCC(NC(=O)C(Cc1ccccc1)NC(=O)CNC(=O)C(NC(=O)C(N)Cc1ccc(O)cc1)C1C2CC3CC(C2)CC1C3)C(=O)O,8.7
COc1ccc(C(=O)Oc2ccc(C(O)CNC(C)(C)C)cc2OC(=O)c2ccc(OC)cc2)cc1,9.0
O=C(NCCc1nc2ccccc2n1Cc1ccc(Cl)cc1)c1ccccc1,9.3
COc1ccccc1CNS(=O)(=O)c1ccc(-n2cccn2)cc1,8.8
O=C1NCN(CCC2CCCCC2)C12CCN(C1CCCCC1c1ccccc1)CC2,9.1
CC(C(=O)NCc1ccc(C(C)(C)C)cc1N1CCCCCC1)c1ccc(NS(C)(=O)=O)c(F)c1,9.5
CN1C(=O)CC(c2ccccc2)C1C(O)c1ccc2c(c1)OCO2,8.6
O=C(NCCCN1CCOCC1)c1ccc2c(=O)n(-c3ccc(F)cc3)c(=O)[nH]c2c1,9.4
N=c1[nH]c(O)c(CC(=O)Nc2sc3c(c2C(=O)O)CCCC3)s1,8.0
Cc1ccc(C)c(C(=O)CN2C(=O)NC3(CCCCCCC3)C2=O)c1,8.9
O=C(CCS(=O)(=O)c1ccc(Cl)cc1)OCC(=O)N1CCCCC1,7.9
COc1cc2[nH]c(N3CCC(N4CCCC4)CC3)nc(=Nc3ccc(F)cc3)c2cc1OC,8.4
CCc1ccccc1C(C)NC(=O)c1c[nH]c2c(cnn2CC)c1=NC1CCN(C(N)=O)CC1,10.0
CCCC(C)C(=O)C1c2ccccc2-c2ccccc2N1C(=O)c1ccco1,9.9
Cc1ccc(NC(=O)C2CCCN2S(=O)(=O)c2cccc3nsnc23)cc1Cl,9.3
Cc1ncc2c(c1CNC(=O)c1ccccc1F)CCN(C(=O)c1ccc3c(c1)OCCO3)C2,9.4
O=C(c1ccc2cc(Oc3ccc(C(F)(F)F)cn3)ccc2n1)N1CCC(N2CC3CC2CO3)CC1,10.3
Cc1cc(=NC(=O)c2ccc3c(c2)CCNCC3)[nH]n1Cc1cc(Cl)ccc1OCC(C)C,9.2
NC(=O)Cc1ccc(Br)cc1,6.6
O=C(O)c1cn(-c2ccc(F)cc2)c2cc(Cl)c(F)cc2c1=O,8.9
COc1cc(N=C(NC(C)=O)Nc2cccc(C)c2)ccc1-c1cnco1,9.3
O=C(O)c1ccc2c(c1)[nH]c(=Nc1ccc(Cl)cc1)c1ccsc12,8.4
CC1CCCCN1c1nc(N2CCOCC2)c2ccccc2n1,7.9
Cc1cc(F)ccc1NC(=O)C1CCCN(S(=O)(=O)c2ccc3c(c2)CCCC(=O)N3)C1,10.4
O=c1[nH]c(O)c(C=c2cnn3c(=NC4CC4)[nH]c(=NCc4nc5c(s4)CCCCC5)nc23)[nH]1,9.9
COC1CCc2ccc(OCc3ccc4ccccc4c3)cc21,10.2
CCCCC=CCCCCCCCCNC(=O)Cc1ccc(O)c(OC)c1,7.2
CC(C)c1nccn1-c1cccc(C2CCCN(S(=O)(=O)N(C)C)C2)n1,8.1
CC[N+]1(CC)CC2=Cc3c(ccc4ccccc34)CC2C1,9.3
COc1cc(CNC(=S)NCC(COC(=O)C(C)(C)C)Cc2ccc(C(C)(C)C)cc2)cc(Cl)c1O,8.1
CC1(C(=O)NCCc2ccc(S(=O)(=O)N3CCN(C4CCCCC4)C3=N)cc2)CC=CCC1,9.7
CC(C)Cn1c2cc(C(F)(F)F)ccc2c2oc(C(=O)N3CCOCC3)cc21,10.3
CC1CCCCN1c1ccc2[nH]nnc(=Nc3cccc(OC(F)(F)F)c3)c2n1,8.8
O=c1c(Cl)c(-c2ccc(N3CCCCC3)cc2)[nH]c2ccccc12,9.5
Cc1ccc2c(c1)C(=NN=c1[nH]c(-c3ccccc3)cs1)CC2,9.9
Cc1cccc(-c2cccc(C(=O)N3CCc4c([nH]c5ccccc45)C3)c2)c1,12.4
Cc1cc(C=Cc2ccc(CO)cc2)c2c(C)ccc(C(C)C)cc1-2,9.6
COc1ccc(CCN=c2[nH]cc(C)n(CC(=O)NCCON=C(N)N)c2=O)cc1OC,7.8
Cc1ccccc1-n1ccc(CN2CCN(c3noc4ccccc34)CC2)c1,9.6
Oc1cc(C(O)NN=Cc2cccs2)cn1-c1ccccc1,8.2
C#Cc1ccc2c(c1)C(=O)N(C)Cc1c(C(=O)OC(C)(C)C)ncn1-2,7.8
O=c1cc(C(F)(F)F)[nH]c(SCc2cccc3ccccc23)n1,9.1
Cc1cc(C2CCN(C(=O)C3CC3)CC2)ccc1NC1CCc2cccc(-c3cccc(-n4ncc(C(=O)O)c4C)n3)c21,10.4
Cc1nc2c(cnn2-c2ccccc2)c(=O)n1-c1ccc(Cl)c(F)c1,9.1
CC(C)=CCc1cc(-c2cc(=O)c3cc4c(cc3o2)OC(C)(C)C=C4)ccc1O,10.5
CN(C)c1ccc2[nH]c(Cl)c(C=C3C(=O)Nc4ccc(Cl)cc43)c2c1,9.4
CC(C)CN1CCCn2nc(CNC(=O)Cc3cccc(O)c3)cc2C1,8.6
CNC1C(O)C(OC2C(N)CC(N)C(OC3OC(C(C)O)C(O)C(O)C3N)C2O)OCC1(C)O,6.9
N#Cc1ccc(-c2[nH]nc3c2Cc2cc(OCCN4CCOCC4)ccc2-3)cn1,8.7
COc1cc(OC)cc(-c2n[nH]c(SCC(=O)Nc3ccccc3F)n2)c1,8.8
CSC1=Nc2ccccc2C2=NC(CN3CCN(c4ccccc4Cl)CC3)CN12,8.7
CC1=Nc2nc(-c3cccc(C)c3)nn2C(c2cccnc2)C1C(N)=O,9.0
O=Cc1ccccc1-n1cncn1,6.6
CCOc1ccc(S(=O)(=O)N2CCN(c3c(C)cccc3C)CC2)c2ccccc12,9.3
Cc1cnc(-c2cc(N3CCn4cc(C(=O)Nc5ccccc5)nc4C3)ncc2Cl)c(C)c1,9.8
NC1(C(=O)O)C(OCc2ccc3ccccc3c2)CC2C1C2(F)C(=O)O,8.9
COc1ccc2c(=O)n(Cc3ccccc3)ccc2c1,8.7
O=c1nc(N2CCOCC2)oc2ccc(-c3cccc(-c4ccccc4)c3)cc12,11.9
COCc1cc(N2CCN(S(=O)(=O)NC3(C(=O)O)C(C)C3c3ccccc3)CC2C)no1,8.7
CCC(CC)CNC(=O)c1ccc2c(c1)c(Cc1ccc(C(=O)NS(=O)(=O)c3ccccc3C)cc1OC)cn2C1CCCC1,8.1
CN1Cc2ccccc2CC2(CCN(c3ncc(F)cn3)CC2)C1=O,8.9
C1=C(c2ccc(CN3CCCC3)cc2)N2CCN=C2c2ccccc21,9.6
COC(=O)CC(CC(=O)Oc1ccc([N+](=O)[O-])cc1)c1ccccc1,9.2
CCN=C(NCCCCCCN=C(NCC)NCc1ccccc1)NCc1ccccc1,8.7
Cc1nc(-c2cc(C(=O)N3CC(c4ccc(C#N)cc4)C3)c(C)cc2C)c(C)[nH]1,10.2
Cc1cc(CCC(=O)O)ccc1-c1noc(-c2ccc(OC(C)C)c(F)c2)n1,9.0
COc1ccc(NC(=O)c2c(-c3ccccc3)oc(C(O)OC)cc2=O)cc1,8.3
O=C1CC2(CCN(C(=O)Nc3ccc(C(F)(F)F)cc3)CC2)Oc2c(Br)cccc21,10.0
COc1cc(OC)c(Cl)c(-c2ccc(C(=O)N=c3ccc(CN(C)CCN(C)C)c[nH]3)c3ncccc23)c1Cl,7.1
CN1C(N)=NC2(c3cc(NC(=O)c4ccc(C(F)(F)F)cn4)ccc3F)COCC2S1(=O)=O,10.3
CCN(CC)Cc1c(O)ccc2cc(-c3nc4ccccc4n3C)c(=O)oc12,9.1
O=C1C(c2c(O)[nH]c3c(F)cccc23)=Nc2ccccc21,9.9
CN(c1cccc(Cl)c1)S(=O)(=O)c1ccc2[nH]c(=N)[nH]c(=N)c2c1,8.9
N=C1Sc2cc(-c3ccc(C(F)(F)F)cc3)ccc2C2=NCCCN12,10.9
COc1cc(C#Cc2[nH]nc3c2Cc2cc(OC)c(OC)cc2-3)ccc1O,9.6
COc1cc(CNC(=O)CSCc2nc3cccnc3n2C2CCCCC2)cc(OC)c1OC,9.2
CS(=O)(=O)N1CCN(C(CNC(=O)c2ccc(OCc3ccncc3)cc2)C(O)=NO)CC1,8.8
COc1cc(C2c3cc4c(cc3C(OCNCCN(C)C)C3COC(=O)C23)OCO4)cc(OC)c1O,6.9
O=C1c2cccc3c2C2(O)c4c1cccc4C(=O)c1cccc(c12)C3=O,10.5
Cc1cccc2c3c(ccc12)-c1occ(CN2CCC(N(C)C)CC2)c1C(=O)C3=O,10.3
CC(C)(CNC(=O)c1ncc2cc(-c3ccc(F)cc3)ccc2c1O)C(=O)O,10.0
O=C(c1ccc(F)cc1)N1CCN2C(=O)c3ccncc3C12c1ccc(Cl)cc1,9.1
CC(=O)CCC(=O)NC(Cc1ccccc1)C(=O)NC(C(=O)NC(C)C(=O)NC(CC(C)C)C(N)=O)C(C)C,7.6
O=C(c1cccc(-c2cc(=Nc3ccc(OC(F)(F)F)cc3)[nH]cn2)c1)N1CCOCC1,10.5
Cc1cc(C)c2c(c1)CC1(Cc3c(ccc(C)c3C)C1=O)C2=O,9.2
Cc1noc(C)c1-c1ccc2[nH]cnc(=NCc3ccoc3)c2c1,9.3
CCCCCCCCCCCCCC1CC(O)CC2(CCC3(CCC(=O)CC3)O2)O1,8.8
C=c1[nH]n(C(=O)Nc2ccc(OC)cc2)c(=C)[nH]n1C(=O)Nc1ccc(OC)cc1,9.0
CN(C)c1cccc2c(S(=O)(=O)NCCNC(=O)CCCCCN3CC(O)C(O)C(O)C3CO)cccc12,9.1
N=c1[nH]nc(-c2ccc3[nH]cc(-c4cnc(N5CCCC5=O)cn4)c3c2)s1,9.2
CC1(O)C(c2cc(-c3ncc[nH]3)c3c(=N)[nH]cnn23)OC(CO)C1O,8.2
O=C(c1cccc(F)c1)N1CCC2(CC1)CN(c1ccc(-c3ccccc3)cc1)C2,8.9
CN(CC(=O)Nc1cccc(F)c1)CC(=O)Nc1ccccc1-c1ccccc1,9.7
Cc1cncc(Cc2ccc(S(=O)(=O)c3ccccc3F)nc2)c1,10.5
COc1ccc2[nH]c(=NN=Cc3ccc(C)s3)cc(C)c2c1,8.1
O=C(c1ccc(F)cc1)N1CCN2C(=O)c3cccnc3C12c1ccc(Cl)cc1,8.9
N#Cc1cc(-c2[nH]c(=Nc3cc[nH]c(=NC(=O)CN4CCOCC4)c3)ncc2F)cnc1N1CCC(F)C1,8.4
O=C(O)Cc1sc(=NN=CC2CC=CCC2)[nH]c1O,6.9
Cc1cc(NS(C)(=O)=O)ccc1N=c1c2ccccc2[nH]c2c(C)cccc12,9.9
Cc1ccc(C)c(CN2C(=O)COc3ccc(C(=O)c4ccccc4C(=O)O)cc32)c1,9.9
CN1CCN(C(=O)c2cc3c(ccc4ccccc43)oc2=O)CC1,9.8
O=C(C1OC2(c3ccccc3)CN(C(c3ccccc3)c3ccccc3)CC1O2)N1CCCCC1,11.1
COc1cc(C(=O)NS(=O)(=O)c2ccccc2Cl)ccc1Cc1nn(C)c2ccc(NC(=O)CC3CCCCC3)cc12,10.0
Cc1ccc([S+]([O-])c2ccc(C)cc2)cc1,7.2
NC(=O)C1CCC(CN=c2[nH]c(-c3ccccc3)cc(=NCc3ccc(Cl)cc3)[nH]2)CC1,9.4
COc1cc(Cl)c2nc3ccccc3c(-n3[nH]c(C)cc3=O)c2c1,9.0
CCCCCCCCCCC1C(=O)OC1CCCS(=O)(=O)CCCN(C)C,7.2
CS(=O)(=O)c1cccc(COc2c(C3CCC3)ccc(-c3cnc4c(c3)OCCN4)c2F)c1,11.6
Cc1ccc(C)c(N2CCN(C3C(=O)Nc4ccccc4-n4nnnc43)CC2)c1,9.7
CCCN(CCC)CCc1ccc(C=O)c(O)c1,7.2
O=C(Nc1ccc(F)cc1F)c1ccccc1NC(=O)C1C=CCCC1C(=O)O,10.1
CC(C)CCCCC(=O)C12CC3C(C)CCC3C3(C=O)CC1C=C(C(C)C)C32C(=O)O,8.7
CNC(=O)N1CCC2N(C)CCC2(C(=O)N2CCOCC2)CC1,6.7
CCCCC(CC)C(=O)OCC1(CO)CC(=Cc2ccc(F)c(Cl)c2)C(=O)O1,8.6
O=C(CCN1CCCCC1)N1CCc2c([nH]c3ccccc23)C1c1cccnc1,8.8
Cc1ccc(C(=O)Nc2sc3c(c2C#N)CCCCCC3)o1,8.7
CC(N)C(=O)NC(C(=O)N1CCCC1C(=O)NC(Cc1cccc2ccccc12)C(=O)NC(Cc1ccc(O)cc1)C(=O)O)C(C)C,9.3
O=C(O)c1nc2n(c1C(=O)N1CCOCC1)-c1ccccc1OC2,7.7
Cc1onc(-c2ccccc2)c1C(=O)Oc1cccnc1,8.6
CN(C)Cc1cccc(-c2cccc(Oc3nc(Oc4cc(N(C)C)ccc4C(=O)O)c(F)cc3F)c2)c1,8.9
O=C(NCC1CN(c2ccc(N3CC4(COC4)C3)c(F)c2)C(=O)O1)c1ccccc1F,10.3
CC(C)(C)c1cccc(-c2cc(=NC(O)c3c[nH]c(O)c3)[nH]n2C2CCOCC2)c1,10.9
COCCNC(=O)C1(C)C=CCN1C(C)=O,5.2
CCC1(O)CC2CCC(C1)N2c1ccc(C#N)c2ccccc12,7.8
Cc1ccc(NC(=O)c2cccc3c2Cc2ccccc2-3)c(C)c1,11.2
CC(C)N1CCN(C(=O)OC2CCN(c3cc(F)ccn3)CC2)CC1,8.0
Cn1c(-c2ccc3nccnc3c2)c(-c2ccc(N)cc2)c(=O)n1C,10.5
O=[N+]([O-])c1ccc(C=C2CCCC3C2=NNC3c2ccc([N+](=O)[O-])cc2)cc1,9.6
Clc1ccc(C=Cc2nccc3c2[nH]c2ccccc23)cc1,9.4
N#CCn1nnnc1CNC(=O)c1ccc(-c2ccccc2)cc1,9.3
COC(=O)c1ccc(C(=O)NC2CC(C)(C)Cc3c2cnn3-c2ccc(F)cc2)nc1,8.1
COc1cc2[nH]cnc(=Nc3ccc(-c4nc5ccccc5s4)c(OC)c3)c2cc1OCCCN1CCN(C)CC1,7.5
CC(C)Cn1cnc2c(=N)[nH]c3ccccc3c21,8.7
Cc1cccc(OCc2n[nH]c(=N)s2)c1,8.0
Cc1cc(C(CN2CCC2)N2CCN(c3[nH]cnc(=N)c3-c3cn[nH]c3)CC2)ccc1Cl,8.7
CC#CCCC(=O)N1C=Cc2ccccc2C1C#N,8.4
Cn1cnnc1-c1nc(C2(c3ccc(-c4cnc(=N)[nH]c4)nc3)CCC2)no1,9.8
O=C(O)Cc1nn(Cc2cc3cc(Cl)ccc3o2)c(=O)c2ccccc12,10.0
O=C(CN1C(=O)CSc2ccc(S(=O)(=O)N3CCOCC3)cc21)NCc1ccc(F)cc1,9.5
CC(C)CC(NC(=O)c1ccc(O)[nH]1)C(=O)NCC(O)N(C)C,7.5
COC(=O)c1nc2n(n1)C(c1cccc(Cl)c1)C1C(=O)CC(C)(C)CC1=N2,10.5
CC(C)(C)NC(=O)N1Cc2c(-c3ccc(F)cc3)ncn2-c2ccccc21,9.6
Cc1cc(-c2cnc(CC(=O)NC(C)C)nc2N2CCC(c3[nH]cnc3C)CC2)ccc1F,9.6
Cc1c(N=c2[nH]cc(S(C)(=O)=O)cc2C)ncnc1OC1CCN(C(=O)OC(C)C)CC1,7.5
COc1cc2c(c(OC)c1OC)-c1c(cc3c(c1OC)OCO3)C(OC(=O)c1ccccc1)C(C)(O)C(C)C2,5.5
O=c1c2ccccc2nc(-c2ccccc2)n1-c1ccc(F)c(Cl)c1,10.0
CN(C(=O)C(C)(C)c1ccc(F)cc1)C1CCc2c(CC(=O)O)c3cccnc3n2C1,9.2
CCC(=O)N1CCCc2cc(S(=O)(=O)N3CCC(C(=O)Nc4cccc(Cl)c4)CC3)ccc21,9.3
C=c1c(=Cc2oc3cc(O)cc(O)c3c2O)c2cc(OC)ccc2n1C,8.9
NS(=O)(=O)c1ccc(-n2nc(C(=O)NC3CCCCC3)nc2-c2ccccc2)cc1,10.5
COc1ccc(C=CC(=O)c2ccc3c4c(cccc24)CC3)cc1,10.2
CC(Oc1cc(-c2cc(N3CC4CC3CO4)nc(C3CC3)n2)c[nH]c1=N)c1ccccc1,10.6
CCCNC(=O)N1N=C(c2ccc(N)cc2)c2cc(F)ccc2C1C,9.5
Cc1ccc2c(N=c3[nH]c(N4CCOCC4)ncc3[N+](=O)[O-])c(C(=O)c3cccs3)[nH]c2c1,9.1
O=C(Cc1ccc2c(c1)OCc1ccccc1C2=O)Oc1ccccc1C(=O)O,10.2
O=c1[nH]c2ccc(C(F)(F)F)cc2c2ccccc12,9.5
Cc1onc(-c2ccccc2)c1CNC(=O)CN1C(=O)c2ccccc2C1=O,9.9
CC1(C)Oc2ccc(C#N)cc2C(NC(=O)c2ccc3ccccc3c2)C1O,9.3
CCOC(=O)c1sc(=NC(=O)c2ccc(C)cc2)n(C)c1C,7.9
O=C(N=c1[nH]ccs1)C(CC1CCCCC1)N1CCN(S(=O)(=O)c2cccc(Cl)c2)CC1=O,8.9
N=c1nc2c3ccccc3nc(-c3ccccc3Br)n2[nH]1,9.7
O=c1cc(N2CCOCC2)[nH]c(Cc2nc3c(-c4ccncc4)cccc3o2)n1,10.1
O=c1cc2n(-c3ccccc3)nc(-c3ccccc3)nc-2cc1N1CCOCC1,8.7
COc1cc(C)c(CNCC(NC(=O)c2cc(C)on2)c2cccc(CCCC(N)=O)c2)cc1C,9.5
CNC(=O)c1c(-c2ccc(F)cc2)oc2cc(N(C)S(C)(=O)=O)c(-c3ccc4c(c3)-c3cc5ccccc5n3CCO4)cc12,9.0
COCOCCc1cn(COC)c(=O)nc1OC,6.2
O=C(O)c1ccc(N=C2C(=O)N(c3cccc(C(F)(F)F)c3)C(=O)C2Cl)cc1,8.9
O=C(O)c1ccc2c(c1)C(=O)c1ccc(Cl)cc1CC2,8.9
C=CC1(C)CCC2C(C)(C)C3=CC4=CC(OC)OC(=O)C1C42OC3=O,7.1
O=C1CCCC2=NC(N=c3[nH]c4ccccc4o3)=NC3(CCC(c4ccccc4)C3)C12,10.5
Cc1cccc(=NC(=O)c2cn(C)nc2C(F)(F)F)[nH]1,7.1
O=C(c1cccc(-c2noc(-c3ccccc3)n2)c1)N1CCCCC1CCO,9.7
CN(Cc1ccc(Cl)c(Cl)c1)c1ccc(C(=O)O)nc1,8.0
CC1(C)C(C(=O)c2cn(CC3CCOCC3)c3cc4c(cc23)OCO4)C1(C)C,9.5
O=C1c2ccccc2C(=O)C12C(c1ccccc1)C1CSCN1C21C(=O)Nc2ccccc21,8.6
O=C(CSc1ccc2nnc(-c3cccnc3)n2n1)N1CCOCC1,8.6
COc1ccc(C2=C(c3cn(C)c4ccccc34)C(=O)NC2=O)c(OC)c1,8.9
O=C(O)c1cccc(S(=O)(=O)N2CCc3c(Br)cccc3C2)c1,8.8
Cc1ccc(OCC(=O)NNC(=O)c2ccccc2OCc2c(C)noc2C)cc1,9.5
COc1ncc(-c2ccccc2C2CCCN(C(=O)c3ccc[nH]c3=N)C2)cn1,9.7
CC(C)C1=Cc2ccc3c(c2C(=O)C1=O)CCCC3,9.7
Cc1cc(-c2cccc(C(=O)O)c2)c(OCCO)c(-c2cccc(C(=O)O)c2)c1,9.8
Cc1ccc(Cl)cc1N1CCN(c2ncnc3[nH]ncc23)CC1,8.2
Cc1cc2c(cc1C)NC1(C(=O)Nc3ccccc31)C1C(=O)CC(C)(C)CC1=N2,8.0
CC(N=c1nc(N2C(=O)OCC2C(C)C)cc[nH]1)c1nc(-c2ccccc2Cl)no1,8.9
CC(N)(CO)C(=O)Nc1ccc(OCCc2ccc(Cl)c(Cl)c2)cc1,8.7
NC(=O)c1nc2ccc3[nH]cnc(=Nc4ccc(Br)cc4F)c3c2s1,10.0
CC(C)NS(=O)(=O)c1ccccc1N=c1[nH]c(=Nc2ccc(C(=O)N3CCOCC3)cc2)[nH]c2c1CCN2,11.7
CCOC(=O)C1C(C(=O)NC(CC(C)C)C(=O)N2CCCC2C(=O)OCc2ccccc2)N1C(=O)C(Cc1ccccc1)NC(=O)OC(C)(C)C,6.8
CC(C)(C)c1ccc(-n2cnc(CC(OCCN)C(=O)O)c2)cc1,7.6
COc1ccc2c(c1)c1nc(N3CCCC(N)C3)n(Cc3ccccc3Cl)c1c(=O)n2C,7.9
O=C(c1cccc(C(F)(F)F)c1)C1CCCN(C(=O)c2cc(C3CC3)[nH]n2)C1,10.8
O=CCN1C(=O)C(NC(=O)CCc2ccccc2)N=C(c2ccccc2)c2ccccc21,9.1
O=C(O)CC(=O)N(CCN1C2CCC1CC(c1cccc(O)c1)C2)Cc1cccc(F)c1,8.2
N=c1nc(C2CCN(C(=O)c3ccc4c(c3)OCO4)CC2)cc(CCc2ccccc2)[nH]1,10.4
Cc1cccc(-c2[nH]c(C(=O)O)nc2-c2ccc3ncnn3c2)n1,10.0
C=CCCOC[n+]1ccn(C)c1C=NO,6.4
Cc1ccc(N2CC(C)NC(C)C2)cc1NS(=O)(=O)c1ccc2ccccc2c1,9.6
CN1CCN(CCC(=O)N2CC3C(c4ccccc4)CC(N(C)C)(CC3c3ccccc3)C2)CC1,6.8
CCN(CC)C(c1ccccc1)(c1ccccc1)c1ccc(OC)cc1,5.5
O=C(CNC(=O)c1ccccc1F)OCC(=O)N1CCCc2ccccc21,9.1
CC1=CC(=O)N(N=c2[nH]cnc3scc(-c4cccs4)c23)C1=O,6.8
CCc1cc(N=c2[nH]cc(C(C)(C)O)cc2-c2nc(=N)nc(C)[nH]2)cnc1OC,9.5
CCOC(=O)C1C(=O)N=C(NC(C)=O)NC1c1ccc(N(C)C)cc1,7.4
Cc1cc(=O)[nH]nc1-c1ccc(-n2cnc3c2CCCC3)cc1,10.3
O=S(=O)(c1cc(F)cc(F)c1)c1ccc2c(c1)OC1CNCCC21,10.8
CC1CN(C(=O)c2ccc(NC(=O)N3Cc4ccccc4C3)cc2)CC(C)O1,9.7
N=c1[nH]ccn2c(C3CCC3)nc(-c3cccc(OCC4CCCCC4)c3)c12,10.6
CNn1cc(C(=O)O)c(=O)c2cc(F)c(N3CCC(CN)C3)c(F)c21,8.7
CCOC(=O)N1CCN(C(=O)c2ccc3cc(Oc4ccc(C(F)(F)F)cn4)ccc3n2)CC1,9.7
CC(C)(C)c1ccc2c(=O)cc(-c3ccc(C(=O)O)cc3)oc2c1,9.9
CS(=O)(=O)N1CCc2nc(N3CCC(Oc4ccc(F)cc4F)CC3)c(=NCC(F)F)[nH]c2C1,7.9
Cc1ccc(C(=O)C=Cc2cc(C=CC(O)=NO)n(C)c2)cc1,8.3
CON=CC(C)=Cc1ccco1,6.3
COc1ccc(C(=O)Nc2ccc(S(=O)(=O)Nc3ccc(S(=O)(=O)N=c4[nH]ccs4)cc3)cc2)cc1,9.3
CCOC(=O)COC(=O)c1cc(Oc2ccc(C(F)(F)F)cc2Cl)ccc1[N+](=O)[O-],8.6
CCOc1ccc([N+](=O)[O-])c(N)c1,5.9
CC(C)(C)NC(=O)NC(=O)COc1nc(C(C)(C)C)no1,6.9
C#CC1(O)CCC2C3=CCc4cc(O)ccc4C3CCC21C,9.0
Cc1ccc(N=c2[nH]c(=NCc3ccco3)[nH]c3nccnc23)cc1C,9.4
O=C1Nc2ccccc2C(c2ccccc2)N1C1CCN(Cc2cccc(Cl)c2)CC1,9.3
COc1cc2oc(=O)cc(C)c2cc1-c1ccc(C#N)n1CC1CCCCC1,8.7
COc1cccc(-c2ccc(C(O)C3C(c4ccccc4)CC(=O)N3C)s2)c1,8.1
CCCOc1cc(O)c2c(c1)OC(c1ccc3c(c1)OC(c1ccc(O)c(OC)c1)C(CO)O3)C(=O)C2O,8.9
CN(C)CCCNCC(O)COc1c(C(C)(C)C)cc(C=Cc2ccccc2)cc1C(C)(C)C,8.3
FC(F)(F)c1ccccc1CSc1nnc2c(n1)[nH]c1ccccc12,9.2
CN=c1[nH]c(C)nc2c(-c3cccc(C(F)(F)F)c3)cnn12,9.6
COc1ccc2[nH]c(C)c(C(=O)CN3CCOCC3)c2c1,7.6
O=C(Nc1ccccc1F)C(c1ccccc1)c1ccccc1,10.4
Cc1noc(C)c1C1CC(C)(c2cc(-c3cccnc3C#N)c(F)cc2F)N=C(N)S1,9.3
CCOc1ccc(NC(=O)CN2CCN(Cc3ccccc3)S2(=O)=O)cc1,8.5
COc1ccc(C(=O)C(CCC(CNC(C)(C)C)C(=O)c2ccc(OC)cc2)CNC(C)(C)C)cc1,8.9
Cc1cc(C)cc(S(=O)(=O)n2c(=S)[nH]c3ccccc32)c1,8.0
O=C1C(=O)c2ccccc2C2=C1CC(Cn1cc(C3(O)CCCCC3)nn1)O2,10.1
COc1ccc(CCNC(=O)CN(c2ccc(OC)cc2)S(C)(=O)=O)cc1,8.7
CCOC(=O)CNC(=O)N1CCCC(CNC(=O)c2ccco2)C1,8.3
N=C(N)N1CCN(Cc2ccc3ccccc3c2)CC1,8.8
Cc1ccc2c(c1)N(C(=O)Nc1cccc3c1CCCC3)CC(C)O2,9.4
NC(CC(CC1CCC(c2ccccc2)CC1)C(=O)O)C(=O)O,9.0
N=c1cnc(-c2ccc(C3CCC3)c(OCc3c(Cl)cccc3Cl)c2F)c[nH]1,9.6
O=C1c2c(c(N3CCCS3(=O)=O)c3cccnc3c2O)CN1Cc1ccc(F)cc1,9.6
Cc1noc(C)c1COc1ccccc1C(=O)Nc1ccc(C(N)=O)cc1,9.6
CNS(=O)(=O)Nc1ccc(CCCCNCCc2c(-c3cc(C)cc(C)c3)[nH]c3ccccc23)cc1,9.5
COc1ccc(C)c(-c2cc3ccc(C)cc3c(=N)[nH]2)c1,10.7
COc1ccccc1N1CCN(C(=O)c2cccc(Oc3ccccc3)c2)CC1,9.9
O=[N+]([O-])c1cccc(CNC2CCN(Cc3ccc4ccccc4c3)CC2)c1,9.8
Cn1ccc2cc(S(=O)(=O)N3CCCC(C(=O)NCc4ccccc4)C3)ccc21,10.5
COc1cccc2c(=O)n(CC(=O)N3CCCc4ccccc43)ccc12,9.2
CCN(CC)C(=O)Cc1c(-c2ccc(OCCF)cc2)nn2c(C)c(O)c(C)nc12,8.8
Cc1ccc(-c2[nH]nc3[nH]cnc(=N)c23)cc1OCc1ccccc1,10.2
Cc1cc2c(cc1C)-c1nc3c(cc1CCC2)C(=O)CC(C)(C)C3,8.8
CCOC(=O)C1=C(C)N=C2CC(C)(C)CC(=O)C2C1c1ccc(-c2ccc(O)cc2)cc1,8.4
N#CCC(=O)NC1CCCC1,5.6
CN(C)CC(C)(C)CNC(=O)c1cnn(-c2ncc3c(n2)-c2ccccc2CC3)c1-c1ccco1,8.3
COc1c(C(=O)NC2CCCCC2O)cc(Cc2ccc(C)nc2)c2ccccc12,10.3
O=C1CCCc2nn(-c3cccc(Cl)c3)c(C3CCCCC3)c21,9.3
O=C(Nc1ccc(=O)[nH]c1)c1ccc(C(F)(F)F)cc1Oc1ccc(C(F)(F)F)nc1,10.0
COc1ccccc1CNC(=O)C1CCN(S(=O)(=O)c2c(C)noc2C=Cc2cccs2)CC1,8.5
N#Cc1c(N2CCN(C(=O)c3ccco3)CC2)nc(-c2ccccc2)c2c1CCCC2,10.6
COc1ccc(C=NNC(N)=S)cc1OCc1ccccc1,8.2
CCCc1nc2ccccc2n1Cc1cc(=O)[nH]c2c(F)c(F)ccc12,9.0
O=C(NCCc1c[nH]c2ccccc12)c1ccc(-c2ccc(F)cc2)cc1,10.7
COc1ccc(OC)c(-c2nc3c4c(ccc3[nH]2)C(=O)c2ccccc2C4=O)c1,9.9
O=C1c2ccc(OCC3CCCO3)cc2CCN1C1Cc2ccc(CNC3CCCCC3)cc2C1,9.8
N#Cc1ccc(NNC(=O)c2ccccc2)cc1,8.3
CCN1CCN(CCOc2cc3c(-c4ccccc4)cc(=O)oc3cc2OC)CC1,9.3
O=C1Nc2ccccc2C1=Cc1c(Cl)nc2n1CCS2,8.9
Cc1cc(C)cc(NC(=O)COc2coc(CN3CCc4ccccc43)cc2=O)c1,9.2
COc1ccc(-c2nsc3c2NC(=O)CC3c2ccc3c(c2)OCCO3)cc1,9.2
O=c1ccc2c(n1Cc1ccccc1)CCCC2NCCc1ccc(Cl)c(Cl)c1,8.4
O=C(O)c1cn(Cc2ccc(Cl)cc2Cl)c2cc(C(F)(F)F)ccc2c1=O,10.0
COc1cc(Br)cc2cc(-c3cn4ccsc4n3)c(=O)oc12,8.4
C#CCOC(C)(C=C)CCC=C(C)C,5.5
O=c1[nH]ncc2c1[nH]c1ccc(OCc3ccccc3)cc12,9.1
CC12CCC(O)CC1CCC1C2CCC23CCCC(=O)C2CCC13,9.7
O=C(Nc1ccc(C(=O)N2CC3CCOC3C2)cc1)N1Cc2ccccc2C1,10.0
Cc1ccc(NS(=O)(=O)c2ccc3c(c2)oc(=O)n3C)c(C)c1,8.6
Cc1nc2ccccc2nc1Oc1ccc(C(=O)NC(C)C(=O)O)cc1,8.6
COC(=O)C1CCCN(C(=O)c2cc(-c3ccc(C)cc3)nc3ccccc23)C1,10.4
NC(=O)CNC(=O)C1CCCc2c1[nH]c1ccc(Cl)cc21,8.5
Cc1cc(-c2c[nH]c(=NCc3cccnc3)nc2C(C)(C)C)on1,9.1
O=C(Nc1cc[nH]c(=O)c1)c1ccc(C(F)(F)F)cc1OCC1CCCC1,10.7
OCC1OC(c2ccc(Cl)c(Cc3ncc(-c4ccco4)s3)c2)C(O)C(O)C1O,9.1
O=C(O)CCN1C(=O)C(=Cc2ccc(-c3ccc(Cl)cc3Cl)o2)SC1=S,8.2
O=C1OC2CCc3ccccc3C2=NC1Cc1ccccc1,9.3
Cc1cc(C)n2nc(C(=O)OCC(=O)Nc3ccc(F)cc3F)nc2n1,9.2
c1ccc(C2=C(c3ccc(OCCN4CCOCC4)cc3)c3ccccc3OCC2)cc1,11.0
OC(CN(Cc1ccccc1)Cc1ccccn1)c1cccs1,8.3
Cc1ccc(C(=O)Nc2ccc(N(C)C)nc2)n1C,8.0
COc1cc(C2=NNC(c3cc(OC)c(OC)c(OC)c3)C2)ccc1O,8.7
COc1c(O)c(=COC(Cn2cncn2)c2ccc(F)cc2F)cc(O)c1=C(C)C,9.2
CCc1c(C)[nH]c(=S)c(C#N)c1C,6.0
O=C1CCCC2=Nc3ccnn3C(c3ccc(Cl)c(C(F)(F)F)c3)C12,9.9
CCc1c(O)n(C2CCN(C3CCC4CCCc5cccc3c54)CC2)c2ccccc12,8.9
O=C(O)c1cc(-c2ccc(Cl)nc2)nc2c1cnn2Cc1ccncc1,9.6
COc1cc(C=CC(=O)C=Cc2ccc3ccccc3c2)ccc1O,10.1
O=C(COc1ccccc1)N1CCNC(Cc2n[nH]c(=O)c3c2CCCC3)C1,9.4
O=C(O)c1cn2c3c(c(N4CCNCC4)c(F)cc3c1=O)OCC21CC1,8.8
CCSc1ccnc(C[S+]([O-])c2nc3ccccc3n2C(C)OC(C)=O)c1C,7.4
Cc1ccc(C(=O)N(C(C)c2cccc(Cl)c2)C(C(N)=O)c2ccccc2)cc1,9.1
COc1cccc(NC(=O)c2ccc3cc(C(=N)N)ccc3c2)c1,9.9
CC(=O)Nc1ccc(NC(=S)Nc2ccc(F)cc2)cc1,8.4
C=C1C(C2(C)C=CC(=O)OC(C)(C)C2CC(=O)OC)C(OC(C)=O)C(OC(=O)c2ccccc2)C2(C)C(c3c[nH]c(O)c3)CC3OC132,6.0
CC(C)c1cccc(-c2cccc3nc(=NC(=O)c4ccc(F)cc4)[nH]n23)c1,9.9
CCN(CC)C(=O)c1sc2c(c1C)c(=O)n(-c1ccc(OC)cc1OC)c(=O)n2Cc1cc(C)ccc1C,8.9
CCCNC(=O)C1(C)CCCN(C(=O)c2ccc(F)c(Cl)c2)C1,7.3
Clc1ccc2[nH]c(-c3cccnc3)nc(=NCc3ccccc3)c2c1,10.4
COc1cccc(N=c2c(C(N)=O)c[nH]c3ccc(C(=O)N4CCOCC4)cc23)c1,10.7
CC(C)C(NC(=O)c1ccc(Cl)c(Cl)c1)C(=O)NC1CCN(Cc2ccc(OCCCN(C)C)cc2)C1,8.1
O=C(N=c1cc[nH]nc1)Nc1ccc(-c2nc(N3CCOCC3)nc(N3CCOCC3)n2)cc1,10.7
Cc1ccc(C2CCCN2S(=O)(=O)N(C)Cc2nccn2C)o1,6.8
CCCCNC(=O)CSc1nc2nc(C)c(Cc3c(F)cccc3Cl)c(C)n2n1,8.7
CCCCCc1cc(OC)c(C2C3CCC(C)(C2O)C3(C)C)c(OC)c1,8.0
Cc1ccc(N(C(=O)c2sc(C)nc2C)C(C(=O)NCc2ccco2)c2ccccc2)cc1,7.9
CC1CCc2[nH]c(=NC(=O)Cc3cccs3)sc2C1,7.1
O=C(CCCc1c[nH]c2ccccc12)N1CCCN(c2noc3ccccc23)CC1,10.2
COc1cccc(-c2ccc(-c3cn(CNC(C)=O)oc3=O)cc2)c1,10.1
N=c1[nH]cc(-c2ccc(C(=O)N3CCOCC3)cc2)cc1-c1ccc(C(F)(F)F)nc1,10.6
OC(NN1CCCCC1)c1cc(-c2ccc(Cl)cc2)n(-c2ccc(Cl)cc2Cl)n1,8.2
CC(C)N=c1[nH]c2c(c(=NC3CC3)[nH]1)CCN(C1CCOCC1)CC2,7.5
CC(=O)C1CCC2C3C(O)CC4CC(=O)CCC4(C)C3C(OC(=O)c3ccccc3)CC12C,8.1
O=C(Cn1cc(C(F)(F)F)ccc1=O)N1CCc2ccccc2C1,8.7
CC(Cn1nccn1)n1cnc2cc3c(=O)n(C4CC4)nnc3cc2c1=O,9.1
CC1(C)COC(Cn2ccnc2)(c2ccc3ccccc3c2)OC1,8.7
Cc1ccc(NC(=O)NC2CCN(c3cc(C)nc4ccccc34)CC2)cc1,9.3
CC(C)=CCN=C(N)NCCCCN=C(N)NCC=C(C)C,8.0
CCCCCCCCCCCCCCCCS(=O)(=O)c1ccc(S(=O)(=O)NN=c2sc3ccc(S(=O)(=O)O)cc3n2C)cc1C(=O)O,8.1
O=S(=O)(NCCc1ccc(Cl)cc1)c1cccs1,7.3
COc1cc2c(cc1OC)C(c1cccc3ccccc13)NCC2,9.2
COC(=O)C12CCC(C)(C)CC1C1=CCC3C4(C)C=C(C#N)C(=O)C(C)(C)C4CCC3(C)C1(C)CC2,8.8
CN(CCc1ccccc1)C(=O)C1CNCC(=O)N1c1ccc(OCCCOCc2ccccc2)cc1,9.1
CC(C)NCC#CCOc1ccc(Cl)cc1,6.8
c1ccc(N2CCN(c3nc(-c4ccccn4)nc4ccccc34)CC2)cc1,9.5
COc1ccc2nccc(C(O)CN3CCC(NCc4ccc5c(c4)N(C)C(=O)CO5)CC3)c2c1,9.2
CC(C)C(N)c1[nH]c2c(C(F)(F)F)cccc2c(=O)c1C(=O)N=c1[nH]ccs1,9.3
O=C(NCC1(N2CCOCC2)CCCCC1)c1cc(=O)[nH]c2ccccc12,9.3
CCc1[nH]n2c(=O)cc(-c3ccc4c(cnn4CC)c3)nc2c1-c1nc(C)no1,9.5
O=C(CCc1ccc(NC(=O)c2ccccc2)cc1)CCc1ccc(O)c(O)c1,10.4
COc1c(CCc2cccc(NS(C)(=O)=O)c2)cc(-c2ccc[nH]c2=O)cc1C(C)(C)C,10.2
CCOC1CCC(CS)(C(=O)NC(Cc2ccccc2)C(=O)NC)CC1,7.3
Oc1ccc(C2=Nn3c(Cc4ccccc4F)nnc3SC2)c(O)c1,9.4
O=C(Nc1cccnc1Cl)c1ccc(Cl)c([N+](=O)[O-])c1,8.4
CS(=O)(=O)N1CCC2(CCCN(CCCc3ccccc3)C2=O)C1,8.6
CCN(CC)c1ccc(C=O)cc1,6.7
COc1cnc(Oc2ccccc2-c2ccc(-c3cnc(=N)[nH]c3)c(F)c2)nc1,10.5
COc1ncc2nc(-c3ccccc3)c(=O)n(Cc3cccs3)c2n1,8.6
Cn1c2c(c3cc(S(=O)(=O)c4ccccc4)cc(OC(F)(F)F)c31)C1CCC(C2)N1,9.5
CS(=O)(=O)N(Cc1ccc(C(=O)NCCSCc2ccco2)cc1)c1ccccc1,8.4
CC1CCSC(=C(C#N)n2ccnc2)S1,4.5
CC(CN1C2CCC1CC(Cc1ccc(Cl)cc1)C2)NC(=O)Nc1cccc(S(C)(=O)=O)c1,9.5
Cc1ccc(C(=O)N=c2ccc(-c3cccc(C4CCO4)c3)c[nH]2)cn1,8.8
OCCON=Cc1ccc(Cl)cc1,6.8
CCCc1cc(C(O)(C(F)(F)F)C(F)(F)F)ccc1OCCCCN1C(=O)NC(C)(c2ccc(OC)cc2)C1=O,7.6
COc1cnc(-c2cccn3[nH]c(=Nc4ccc(C5CCNCC5)cc4)nc23)cn1,10.1
COc1ccc2c(c1)N=C(c1ccc(F)cc1)N=C(c1ccc(F)cc1)N2,9.7
COc1ccc(F)cc1-c1ccnc2[nH]c(C3CCN(C4CCNC4)C3)cc12,9.4
Cn1ncc(NC(=O)c2csc(-c3ccccc3)n2)c1C1CCC(N)C(F)CO1,8.9
CNC1Nc2cc(-c3cccc(CCC(=O)O)c3)sc2-n2c(C)cnc21,9.0
O=C(Nc1ccc(Cl)cc1)c1ccc2c(c1)C(=O)NC1(CCC1)C(=O)N2,10.7
Cc1ccc(O)c(Cn2c(=NC3CCN(CCC(C)C)CC3)[nH]c3c(C)cccc32)n1,8.5
COc1ccc2c(c1)CCN1C(=O)C3CCCC(C21)N3S(=O)(=O)N1CC(C)OC(C)C1,7.8
CCOC(=O)N1CCC(NC(=O)CCC(=O)N2CC(C)Oc3ccc(C)cc32)CC1,8.9
O=C(c1ccncc1)N1CCC(c2nc(-c3cccnc3)cc(=O)[nH]2)C1,9.1
Cc1cccc(O)c1C(=O)N1CCC(C)(N2CCN(C(C)c3ccc(C(F)(F)F)cc3)C(C)C2)CC1,8.8
Cc1cc(O)n(-c2ccccc2C(=O)OCC2CCCN(C)C2)c1O,8.8
CC(=O)c1nc(CC(=O)N2C(C(=O)NCc3cccc(Cl)c3F)CC3CC32)n2ccccc12,9.6
O=C(O)Cn1nc2n(Cc3ccc(Cl)cc3F)c3ccccc3n2c(=O)c1=O,9.6
COC(CN=c1cc2n(-c3ccccc3)c3ccccc3[nH]c-2cc1=Nc1ccccc1)OC,9.8
CN(CCn1nnc2c(C(N)=O)ncn2c1=O)c1ccc([N+](=O)[O-])cc1,8.5
COC(=O)c1sccc1S(=O)(=O)NC(C)c1cnn(-c2ccc(OC)cc2)c1C,8.8
O=c1[nH]c2ncc(-c3ccc(-c4nc[nH]n4)cc3)nc2n1CCC1CCOCC1,9.9
COc1ccc(S(=O)(=O)Nc2ccc3c(c2)OCO3)cc1,7.6
CCN(C(C)=O)C(=O)N=c1ccc2ncc(-c3ccccc3)nc2[nH]1,8.6
NC1CC(c2ccncc2NC(=O)c2cccc(-c3ccccc3F)n2)CCC1O,10.5
Nc1ccc(-c2ccc(C(=O)N3CCOCC3)cc2)cc1NC(=O)c1cccnc1,9.7
COc1ccc(C2=C(C(N)=O)C(c3ccc4c(c3)OCO4)Oc3ccc(OC(C)C)cc32)cc1,9.4
CC(=O)N1CCC2(CCN(C(=O)c3ccc(F)c(C(F)(F)F)c3)CC2)C1,9.8
O=C(CCOc1ccccc1)Nc1cccc(Cc2n[nH]c(=O)c3c2CCCC3)c1,9.6
CC(C)OC(=O)N1CCC(COc2ccn(-c3ccc(S(C)(=O)=O)cc3)c(=O)c2)C1,9.1
CCOC(=O)c1c(C)nc(=NCCCCN=c2cc[nH]c3cc(Cl)ccc23)[nH]c1C,8.2
FC(F)(F)c1cc(COCC2(c3ccccc3)CCNCC2)cc(-c2ccco2)c1,10.0
O=C1CC(=Nc2cccc3ccccc23)C(=O)c2ccccc21,9.9
Cc1nc2c(cnn2-c2cccc(S(N)(=O)=O)c2)c(=O)n1-c1ccc(Cl)cc1,9.6
CN1CCCC1CCNCc1ccc(-c2ccc(CNCCc3ccccc3)cn2)cc1,8.6
N#Cc1cccc(-c2ccc3c(cnn3-c3ccc(F)cc3)c2)c1,10.6
Cn1cc(-c2ccc3[nH]nc(-c4cc(N5CCS(=O)(=O)CC5)ncn4)c3c2)cn1,10.1
Cc1ccc(CNC(=O)c2cc3c(C)nc4ccccc4c3o2)cc1,9.5
Cc1ccc(C(=O)NC2CC2)cc1-c1ccc(-c2csc(=N)[nH]2)cc1,10.0
COc1cc(C(=O)NN=Cc2ccc(N(CCCl)CCCl)cc2)cc(OC)c1OC,6.3
CC(Oc1ccc2c(-c3ccccc3)cc(=O)oc2c1)C(=O)NCC1CCC(C(=O)O)CC1,10.5
CCC(C(=O)OCC(=O)N1C(C)CCCC1C)c1ccccc1,8.7
Cc1cccc(CN=c2cc[nH]c(-c3cccc(NS(C)(=O)=O)c3)n2)c1,9.9
O=C(O)c1cc(S(=O)(=O)N2CCN(S(=O)(=O)c3ccc4ccccc4c3)CC2)ccc1Br,9.5
c1ccc(-c2nc(N=c3nc[nH][nH]3)c3ccccc3n2)cc1,9.8
Cc1ccc2c(c1)ncc1c(=O)n(-c3ccc(C(C)C)s3)[nH]c12,9.2
CC12CCC(O)C3=C1C(OC3)C(=O)c1cc3c(cc12)C(=O)CCC3O,9.3
C[n+]1ccc(C=Cc2cccc3ccccc23)cc1,9.7
O=C(c1cccc(C(F)(F)F)c1F)N1CCc2c(nnn2-c2ccccn2)C1,10.3
O=C(c1cnc(=Nc2ccccc2)[nH]c1)N1CCCC2(CCNC2)C1,9.1
COc1ccc2c3c1OC1CC(O)C=CC31CCN(Cc1ccc(Br)cc1)C2,9.5
CCC(CO)Oc1ccc(-c2[nH]ncc2CN(C)CCNC)cc1,7.6
COc1cc2c(cc1OCc1ccccc1)C(c1ccccc1)=NCC2,9.6
CC12CCOCC1C1(COC(=N)N1)c1cc(-c3cccnc3F)ccc1O2,10.6
CCCCNC(=O)Cn1c(=O)cc(C)c2c(C)nn(-c3ccc(CC)cc3)c21,8.3
CN(C)C(=O)N1CCN(C(=O)c2cccc(Cl)c2)CC2(CNC(=O)C2)C1,7.9
Cc1ccc(S(=O)(=O)Nc2cc(C)c(O)c(Sc3n[nH]c(C)n3)c2)cc1,8.4
Cc1noc(C)c1-c1cccc(-n2nnc(-c3ccccn3)n2)c1,9.6
COC(=O)c1cn(C2CC2)c2cc(NCCNC(=O)OC(C)(C)C)c(F)cc2c1=O,8.0
CCCCCCNC(=O)Nc1ccc(S(=O)(=O)Nc2ccc(CCC(C)(C)N)cc2)cc1,8.3
COc1cc2cc(C(=O)CC(OC)C3CC[N+](C)(Cc4ccccc4)CC3)sc2cc1OC,7.9
CC1(N)CCC(N=c2c(C(N)=O)c[nH]n3cc(-c4cccc(C#N)c4)cc23)C1(C)C,9.9
CC(O)(CCOC(=O)C1=CC=C(C2(C)CC(=O)CC2(C)C)CC1)CC(=O)O,9.4
CN(Cc1ccc(C(=O)Nc2ccc(Cl)cc2C(=O)N=c2ccc(Cl)c[nH]2)cc1)C1=NCCN1,10.7
CN(C)C(=S)N=c1ssc(=S)n1Cc1ccccn1,5.1
O=C(C=Cc1ccc(Cl)c(Cl)c1)NCCCCCCN1CCN(C(=O)Nc2cc(F)cc(F)c2)CC1,9.5
O=c1[nH]c2c(-c3ccccc3F)nnn2c2ccccc12,9.8
COc1ccc(OC)c(NC(=O)CN(C)CC(=O)Nc2ccccc2Br)c1,7.7
CCN1CCc2[nH]c(=NC(=O)c3ccccc3)sc2C1,7.5
COc1ccc(N=c2[nH]cc(C(C)(C)O)cc2-c2nc(=N)nc(C)[nH]2)cn1,9.0
Cc1cccc(CN2CCC(N3CC(c4cccs4)(c4cccs4)NC3=O)CC2)c1,8.6
N=c1c(-c2nc(-c3ccccc3)no2)n[nH]n1CC(=O)Nc1ccccc1,9.4
CN(C)C(=O)C(c1ccc(-c2cc(F)ccc2F)cc1)C(N)C(=O)N1CCC(F)C1,10.3
CCCn1c(SCC(=O)N2CCN(C(C)=O)CC2)nc2sc3c(c2c1=O)CCC3,9.0
COc1cccc(C(N)=O)c1NC(=O)c1ccc(F)cc1,7.8
Cc1cncc(C(=O)N2CCNCC2C(=O)Nc2ccc(C)nc2)c1,7.8
CC(=O)NC(CSCCCc1ccccc1)C(=O)O,6.9
COc1ccc(C2=NN(c3cccc(Cl)c3)C(c3cccc(Cl)c3)C2)cc1,10.2
Cn1c(N)c(C(=O)CSc2nnc(-c3ccccc3F)n2C2CC2)c(=O)n(C)c1=O,9.8
Cc1nc2ccccn2c1-c1cc[nH]c(=Nc2cccc(Cl)c2)n1,9.6
OCC(O)COCc1ccccc1,6.6
O=C1N(Cc2ccc(-c3cn[nH]c3)cc2F)c2ccccc2C1(O)C(F)(F)F,8.9
Cc1[nH]c(N(C)C)nc(=NC2CC(CO)C(O)C2O)c1-c1nc2cnccc2s1,8.1
COC(=O)Nc1ccc(S(=O)(=O)N2CCC(C(=O)NCc3ccc4c(c3)OCO4)CC2)cc1,10.3
COc1ccc(Br)cc1-c1oc2cccc(OC)c2c(=O)c1O,7.4
O=C(C(=O)N1CCN(C(=O)c2ccccc2Br)CC1)c1c[nH]c2ccccc12,8.8
CC(C)(C)c1ccc(O)c(C=c2[nH]c(=O)c(=Cc3ccccc3)[nH]c2=O)c1,9.1
COc1ccc(CCNC(C)C(=O)Nc2ccc(S(N)(=O)=O)cc2)cc1,8.2
N#CCCNCCCCCCCN=C(N)N,6.2
COc1ccc(N2CCOCC2)cc1N1CCN(Cc2ccc(F)cc2Cl)C(=O)C1=O,8.8
CN(C)C(=S)c1ccc(N(C)C)cc1,6.4
Cc1nc(C)c2c(n1)N(Cc1ccc(-c3ccccc3-c3nn[nH]n3)cc1)C(=O)CC2O,9.9
Fc1ccc(C(F)(F)F)cc1-c1csc(=Nc2cccc(Cl)c2)[nH]1,8.9
Cc1ccccc1N1CCN(CC(=O)c2ccc(-c3ccccc3)cc2)CC1,10.1
O=c1ccc(-c2ccc(S(=O)(=O)Nc3cccc4c3CCCC4)s2)n[nH]1,9.4
COc1ccc(CC(=O)O)cc1-c1ccc(F)c2c1CN(C(=O)C(C)Cc1ccccc1)CC2,9.0
Cc1nc(-c2ccc3c(c2)NC(=O)CO3)c(-c2ccccc2)[nH]1,11.0
Cc1ccc(C(=O)N2CC(c3ccc(C#N)cc3)C2)cc1-c1nc2cc(N3CCC3)ncc2[nH]1,9.7
Fc1ccc(C2N=C(N3CCCC3)N=C3c4ccccc4CCC32)cc1,10.1
COc1ccc(C2CC(=O)c3c(O)cc(O)cc3O2)cc1OC1OC(COC2OC(C)C(O)C(O)C2O)C(O)C(O)C1O,9.8
Cc1nc(-c2cnn(C)c2-c2ccc(C(F)(F)F)cc2)c2c(N3CCC3)ncnn12,9.5
CC(=O)N1N=C(c2ccc(Br)cc2)CC1c1cc2ccccc2nc1N1CCOCC1,7.9
COc1ccc(-n2nnnc2C(F)(F)F)cc1CNC1CCNCC1c1ccccc1,10.1
O=C(O)CCC=CC(CS)CCCCC(=O)O,6.4
Fc1ccccc1C(N=c1[nH]nc(-c2c[nH]c3ncccc23)o1)C1CC1,8.8
O=c1c(N2Cc3ccccc3C2)nc2ccccc2n1C1CCN(C2CCCCCCC2)CC1,11.2
COc1ccc2ccc3c(c2c1)CCC(=O)O3,9.3
COc1ccc(C(CCCCCCN2CCc3cc(OC)c(OC)cc3C2)Sc2ccc(C)cc2)cc1OC,8.0
COc1ccc(CN=c2[nH]c(-c3cccnc3)nc3ccccc23)c(OC)c1,9.3
CC1(C)CC(=O)c2c(O)c(-c3ccccc3)c(=O)n(-c3ccccc3)c2C1,8.8
Cc1nc(-c2ccc3c(c2)CCO3)cc(=NC(C)c2cccc(-c3cnn(C)c3)c2)[nH]1,9.7
Cc1ccc(NC(=O)COc2nc(C)cs2)cc1,7.5
O=C(O)C1CC2CC(Oc3cc(-c4cccc(Cl)c4)ccc3-c3nn[nH]n3)CCC2CN1,10.8
COC(=O)c1cccc(C(=O)OC)n1,6.1
[O-][S+]1CCCCC1(CS)c1cccnc1,5.6
CC(C)CC(OC(=O)c1nsc(Cl)c1Cl)C(=O)NC1CCCC1,7.1
COC(=O)c1sccc1NC(=O)Cc1ccc2ccccc2c1,9.1
COc1c(OCCCCN2CCOCC2)cc(O)c2c(=O)cc(-c3ccccc3)oc12,8.8
COc1cccc(-c2cc3c(=NC(C)c4ccccc4)[nH]cnc3o2)c1,9.7
CCCOc1ccccc1C(=O)OCC(O)CNC(C)C,6.7
CCCCCCCCSCS(N)(=O)=O,5.8
COc1cc2[nH]cc(C(=O)CN3CCC(Cc4ccc(F)cc4)CC3)c2cc1OC,9.0
Cc1ccc(-n2[nH]c3c(c2=NC(=O)C=Cc2ccc4c(c2)OCO4)CSC3)cc1,9.3
CC=CC(=O)Nc1cccc(C2=NOC3(C2)CC(C(N)=O)N(C(=O)C2(C)CC2)C3)c1,10.0
Cc1cn(C2CC(N3C(=O)CSC3c3ccccc3)C(CO)O2)c(=O)[nH]c1=O,8.0
CCN1C(=O)C2(CCCN(C3CCN(C(=O)c4c(NC(N)=O)sc5ccccc45)CC3)C2)N=C1C,9.1
CSc1ccc(CN(C)C(=O)CCNS(=O)(=O)c2ccc(C)c(C)c2)cc1,8.8
O=C1Nc2ccc(C3CCNCC3)cc2Cc2cc(-c3ccc(Cl)cc3)oc21,9.6
Nc1c(C(=O)N2CCOCC2)sc2nc(-c3cccs3)cc(C(F)(F)F)c12,9.6
N#Cc1cn(-c2ccc(C(=O)O)c(O)c2)cc1-c1ccccc1F,8.9
N=c1[nH]c(=N)c2cc(Sc3cc(Cl)cc(Cl)c3)ccc2[nH]1,8.7
C=CC[N+](C)(C)CCCN(C)C(=O)CCCCCCCCCCCCCCC,6.0
COc1ccccc1NC(=S)NC(=O)c1cn(CCO)c2c(cc(O)c3ncccc32)c1=O,8.2
Cn1cnnc1CN1CCCC(NC(=O)c2ccc3[nH]nc(-c4ccncc4)c3c2)C1,9.6
CCN1CCN(CC#CC(=O)Nc2ccc3[nH]cnc(=Nc4cccc(Br)c4)c3c2)CC1,9.3
O=C(Cc1ccccc1)NN1C(=O)C(Cl)C1c1cc(Br)cc(Br)c1O,9.2
COc1cccc2c(O)c3ccc(C=C(C)C)c(O)c3c(O)c12,9.1
NS(=O)(=O)Nc1ccc(NC(=O)NC2CCCCC2)cc1,8.2
Cc1c(Cc2ccccc2S(=O)(=O)c2cccc(F)c2)c2c(n1CC(=O)O)CCNC2=O,9.3
Cc1cc(C(Nc2ccc(C)c(CN3CCC(C(=O)O)C3)c2)C(F)(F)F)ccc1Cl,9.9
NC(=O)c1ccccc1-c1ccc2oc(N3CCOCC3)cc(=O)c2c1,9.2
COc1cc(C=C2OC(C)CN3C2=NOCC3c2cc(F)cc(F)c2)ccc1-n1cnc(C)c1,9.9
CNC(C(=O)NCc1ccccc1)C(C)C,8.0
CCCN(CCN1CCN(C(=O)c2ccc3[nH]ccc3c2)CC1)C1CCc2ccc(O)cc2C1,9.2
CCOc1ccccc1CN1CCNC(=O)C1CC(=O)N(C)CCC1CCOCC1,7.7
NS(=O)(=O)c1ccccc1NS(=O)(=O)c1cccc(-c2ccc(CO)cc2)c1,9.1
CCC12CN3CC(CC)(CN(C1)C3c1ccc(OC(C)C)cc1)C2=O,8.0
COC(=O)CSc1nc(-c2ccc(F)cc2)c(-c2ccncc2)[nH]1,9.2
Cc1cc(C)c(N=c2[nH]cc(-c3ccccc3)n3cncc23)c(C)c1,8.5
CC1CN(C(=O)N2Cc3c(C(=O)OC(C)(C)C)ncn3-c3ccc(Cl)cc32)CC(C)N1,9.0
CCCCCCN1C(=O)C=C(Br)C1=CBr,6.1
CC(=NN1CCN(Cc2cccc3ccccc23)CC1)c1ccco1,9.1
NCCSC1=C(C(=O)O)N2C(=O)CC2S1,5.1
NC(=O)c1cccc2c(=NCc3cccc(NC(=O)C4CCCCC4)c3)[nH]cnc12,10.5
Cc1cccc(N2CNC(=O)C23CCN(CC(C)NC(=O)c2ccc(Br)cc2)CC3)c1,10.2
O=C(Nc1cccc2cccnc12)c1ccc(N2Cc3ccccc3C2=O)cc1,9.4
CC1(O)CCC(Nc2ccc3nnc(-c4cccc(C(F)(F)F)c4)n3c2)CC1,10.1
Cn1c(N2CCOC(c3ccc(C#N)cc3)C2)nc(-c2ccncn2)cc1=O,7.9
O=C(NC(=S)Nc1ccc(CN2CCOCC2)cc1)c1ccco1,8.7
CC1(C)SC2C(NC(=O)C(N=Cc3ccco3)c3ccc(O)cc3)C(=O)N2C1C(=O)O,9.1
Cc1cc(O)cc(C)c1CC(N)C(=O)Nc1cccc2ccccc12,9.1
CC(C)NC(=O)c1ccc(CC2CCN(C3CCN(C(=O)c4ccccc4N)CC3)CC2)cc1,10.3
Cc1ccccc1CN1C(=O)Nc2ccccc2C(=O)N1C(C)(C)C,8.8
O=c1c(-c2cccc3ccccc23)cc2c3c(ccc2n1O)OCO3,10.7
CC1C(=O)CCC2(C)C1CCC1(C)C2CC=C2C3CC(C)(C)CCC3(C(=O)O)C(O)CC21C,7.7
CCCCCCCCCCCC(=O)c1nc2ncccc2o1,7.4
COc1ccc(NC(=O)C(=O)c2cn(CC(=O)N3CCCC3)c3ccccc23)c(OC)c1,9.3
CCOC(=O)C1CCCN(C(=O)c2c(-c3ccccc3Cl)noc2C)C1,8.2
O=C(C1CCCN(Cc2ccc(F)cc2)C1)N1CCN(c2ccccc2Cl)CC1,9.9
Cn1cnc2cc(-c3ccc(N4CCOCC4)cc3)[nH]c(=NCC3CCC(C)(O)C3)c2c1=O,10.2
CC(C)Cc1n[nH]c(=NC(=O)CCC(=O)NC2CCCC2)s1,7.5
COc1ccc2c([nH]c(=Nc3c(C)cccc3Cl)c3cnc(C)n32)c1OC,8.3
O=c1c2sc(=S)n(-c3ccc(F)c(Cl)c3)c2[nH]c(=Nc2ccc(Br)cc2)n1-c1ccc(Br)cc1,8.7
CN1c2ncccc2C(=O)NC1c1ccc(Cl)cc1Cl,8.9
Cc1ccc(O)c(C2=NN(c3ccc(S(C)(=O)=O)cc3)C(=O)CC2)c1,9.6
N#CCCCOc1c2ccoc2cc2oc(=O)ccc12,7.8
CC(=O)Nc1cccc(-c2ccnc3c2CC(C(=O)Nc2ccc(C(C)C)cc2)O3)c1,10.1
CON=C1CCN(C)CC1,5.2
CC(C)(C)OC(=O)N1CCc2[nH]cc3c(O)c4c5cc(c4c(O)c3c2C1)CC5,9.8
CCCCSCc1cc(C(=O)O)oc1C(C)(C)C,6.7
CC(C)(C)OC(=O)NC(Cc1ccccc1)CC(O)C(Cc1ccccc1)NC(=O)c1cc(O)cc(O)c1,10.3
CC(C)CC1CN(C(=O)C=Cc2cccc(Cl)c2)C(CC(C)C)C(=O)N1,8.3
O=C(Cn1ccc2ccccc2c1=O)NCC(=O)Nc1ccc(F)cc1F,9.2
N#Cc1ccc(-c2ccc(-n3c(CC4CCN(C(=O)C5CC5)C4)n[nH]c3=O)cc2)cc1,9.9
O=C(c1ccc2ncsc2c1)N1CCC(N2C(=O)OCc3ccccc32)CC1,9.8
CC(C)(O)c1cccc(-c2cc(N=c3nc(C(F)(F)F)cc[nH]3)cc(N3CCOCC3)c2)c1,10.7
C#CC=C(c1ccc(OC)c(F)c1)c1ccc2[nH]c(=N)n(S(=O)(=O)C(C)C)c2c1,9.6
COC(=O)CCCCCCCC(=O)N1CCN(CCCOc2cc3c(=Nc4ccc(F)c(Cl)c4)[nH]cnc3cc2OC)CC1,7.5
CCCCc1ccc(-c2csc(C(C#N)=Cc3ccc(C)o3)n2)cc1,8.5
Cc1cc(COc2ccc(CCC3(C)C(=O)NC(=O)NC3=O)cc2)c2ccccc2n1,10.7
Cc1onc(-c2ccccc2)c1C(=O)Nc1ccc(S(=O)(=O)NC(C)(C)C)cc1,10.1
CN(C)CCCOc1cc(-c2ccccc2)nn1Cc1ccccc1,8.7
CN(C)C(=O)CN1CCC2(CCN(C(=O)N3CCCC3)CC2)C1=O,8.6
CC(NC(=O)C(CCC(O)=NO)Cc1ccccc1)C(=O)O,8.8
Cc1cc(N2CCCC2)[nH]c(=Nc2ccc(NC(=O)c3ccc4c(c3)OCO4)cc2)n1,10.3
COC(=O)N1CCc2[nH]c(=Nc3cc(OC)c(OC)c(OC)c3)ncc2C1,6.7
COc1ccccc1N=c1[nH]c(-c2cccc(F)c2)nc2ccc(F)cc12,10.1
O=C(O)C1CCCN(CCC=C(c2sccc2COc2ccccc2)c2sccc2COc2ccccc2)C1,8.5
Cc1cccc(N2CCN(C(=O)Cn3ncc4c([nH]c5ccccc54)c3=O)CC2C)c1,10.0
c1nc(-c2[nH]nc3ccc(-c4cn[nH]c4)cc23)cc(N2CCOCC2)n1,9.3
CC(=O)OC12CCC(C(=O)OCc3ccco3)=CCC13CCC2C(C)(C=CC=C(C)C(=O)O)OC3=O,7.7
CNC(=O)C1CN(Cc2ccc(C#N)cc2F)c2ccccc2O1,8.1
O=C(NCc1ccc(S(=O)(=O)c2cc(F)cc(F)c2)cc1)c1cnc2[nH]ncc2c1,11.1
O=C(O)C1=C2C(=O)N(C3CCCC3)CC23CCC1O3,7.6
COC(=O)C1=C(C)N=C(C)C(C(=O)OC)C1c1cccc(NC(=S)NCCCN2CCC(c3cccc(OC)c3)CC2)c1,7.2
O=C(NCc1cncc2ccccc12)N1C(=O)OC(c2cccc(C(F)(F)F)c2)C1CO,10.0
Cc1ccc(N2CCN(C(=O)CCc3c(C)nc4c(c3C)c(=O)n(C)c(=O)n4C)CC2)c(C)c1,9.6
CN1C(=O)c2cccc3c2c1cc1ccccc13,9.6
CCc1c(C#N)c(-c2ccc(-c3ccccc3SC)cc2)c(C(=O)O)n1C,8.0
O=C(O)c1c[nH]c2ccc(Cc3cccc(Cl)c3F)cc2c1=O,9.5
Cc1ccc(-c2onc(C)c2C)cc1S(=O)(=O)N1CC(C)Oc2ccccc21,10.0
CC1CN(c2cccc(NS(=O)(=O)c3ccc4ccccc4c3)c2)CC(C)N1,9.7
O=C(O)c1cn(-c2nccs2)c2nc(-n3ccnc3)c(F)cc2c1=O,9.1
CC(=O)C(Cc1ccccc1)NC(=O)CN1c2cccc3cccc(c23)S1(=O)=O,10.2
Cc1cccc(N=c2[nH]c(N)c([N+](=O)[O-])c(=NCCO)[nH]2)c1,8.3
NC(CC(=O)N1CCCN(C(=O)c2ccc(C(=O)O)o2)CC1)Cc1cc(F)c(F)cc1F,9.1
COc1cc(C(=O)N(C)C)ccc1N=c1cc2cc(-c3cnn(CC(C)(C)O)c3)ccc2c[nH]1,8.6
CC(CCc1ccc(OCCCCOc2ccc(CC(=O)N(C)CCc3ccccc3)cc2)cc1)C(=O)O,8.3
N=c1cc[nH]c(Oc2c(C3CCC3)ccc(-c3cnc4c(c3)OCCN4)c2F)n1,11.0
Cc1cccc2[nH]cc(C=C3C=Nc4ccccc43)c12,10.7
COc1ccc2c(c1)CCC1(CCN(CCc3ccc(F)cc3F)CC1)O2,8.3
FC(F)(F)c1cc(Cl)c(-n2cc(-c3ccccc3)nn2)c(Cl)c1,9.3
O=C(c1cnc(N2CCN(c3ccccn3)CC2)c2ccccc12)N1CCN(c2cccc(Cl)c2)CC1,10.7
Cc1ccc(C(=O)N2CCc3[nH]c(=O)n4cc(-c5ccccc5F)nc4c3C2)cc1,10.7
COc1cc(NC2CCN(C(C)c3nnc(C)o3)CC2)cc(OC)c1,8.3
CN(C)CCCN=c1ccc2n[nH]n3c4ccc([N+](=O)[O-])cc4c(=O)c1c23,8.1
Clc1ccc(C2CC3(N4CCCC4)CNCC2C(c2ccccc2)C3)cc1,8.5
COc1ccc(C2CC3CSC(=N)NC3(c3ccc(F)cc3F)CO2)cc1,8.4
CN1CCc2[nH]c(=NC(=O)c3cccc(C4CCCCN4C(=O)Nc4cccc(C#N)c4)c3)sc2C1,11.1
N=c1[nH]cnc(N2CCC(c3nc(-c4ccc(F)cc4)cn3CCN3CCCC3)CC2)c1C1CCC1,9.7
CCc1cc(C=CC(=O)O)ccc1NC(=O)c1cccc(NC2=NCCN2)c1,9.5
CC(C)CC(NC(=O)c1ccc(NCC(N)CS)cc1-c1ccccc1)C(=O)O,8.8
NC(=O)C12CC3CC(C1)C(N1CCC(Cc4ccccc4)C1=O)C(C3)C2,9.1
CCCCn1c(N)c(N(CCOC)C(=O)CSc2ccccc2C)c(=O)[nH]c1=O,7.0
Cc1ccc(C(Br)C(=NC(=O)c2ccccc2)C(=O)N2CCCCC2)cc1,8.6
CC(C)N=c1[nH]c(=NC2CCC(NC(=O)C3CCCN(C)C3)CC2)c2cc(-c3ccccc3)ccc2[nH]1,9.5
CC(C)(O)C1CCC(C)(C2C(O)C(O)C3(C)C4CCC5C(C)(C)C(OC6OCC(O)C(O)C6O)CCC56CC46CC(O)C23CO)O1,7.0
CCN1CCN(C2=Nc3ccccc3CC=C2c2ccc(C(F)(F)F)cc2)CC1,9.2
Cc1ccccc1NC1=CC(=O)C(Nc2ccccc2C)=CC1=O,9.2
O=C(c1cc2c(cc1Cl)OC(c1ccccc1)(c1ccccc1)O2)N1CCOCC1,8.3
CCn1cc(-c2nc3ccccc3o2)c(=O)c2cc(F)c(N3CCNC(C)C3)c(F)c21,10.5
COc1ccc(C=C2c3ccccc3C(=O)c3ccsc32)cc1,8.2
Cn1ccc(=O)c(O)c1CO,5.3
CN(C)C(=O)CN=c1nc(-c2cccc(C(N)=O)c2)[nH]c(N2CCOCC2)n1,8.9
Cc1ccc(C(=O)N2CC(c3ccc(C#N)cc3)C2)cc1-c1[nH]c(C2CCOCC2)nc1C,11.0
O=S(=O)(c1ccc2c(c1)CCN2S(=O)(=O)c1cccc(F)c1)c1ccc2c(c1)OCCO2,10.7
N#Cc1cn(-c2cc(C(=O)O)ccn2)cc1-c1ccc(Cl)cc1,9.0
Cc1nc2ccc(C(=O)N=C(N)N)cc2c(-c2c(F)cc(F)cc2F)c1C,9.0
CC(=O)N=c1[nH]n(C(C)=O)c2nnc(-c3ccccc3)c(-c3ccccc3)c12,8.4
CC(C)=CCCC(C)=CCc1c(O)cc(O)c2c1OC(c1cc(O)cc(O)c1)CC2=O,8.9
COCCCN1CCCC(n2nc(C(=O)N3CCOCC3)c3c2-c2ccccc2S(=O)(=O)C3)CC1,10.1
CCOC(=O)C=CC(=O)N(CC(N)=O)NC(=O)C(C)NC(=O)C(C)NC(=O)N1CCCCC1,7.6
CN(CCO)C(=O)c1c(NC(=O)c2ccccc2)sc2c1CCCC2,7.9
CCc1csc(-c2[nH]c(-c3ccc(C(N)=O)cc3)nc2-c2ccc3c(c2)OCO3)n1,10.4
Cn1ccc2cc(C(=O)N=c3nc[nH][nH]3)ccc21,7.9
Cc1cn(CC(O)(CC(C)(C)c2cccc3c2OCC3)C(F)(F)F)cc(C)c1=O,8.6
CC1OC(=O)C(CCCCCCCCCCCCCCCCCc2ccccc2)C1O,7.6
O=S(=O)(c1ccc(-c2ccc3[nH]ccc(=Nc4cccnc4)c3c2)cc1)N1CCOCC1,10.1
Cc1ncc(NC(=O)c2cccc(C(F)(F)F)c2)cc1-c1c[nH]c(=O)c(N2CCOCC2)n1,11.0
CCNC(=S)NNC(=O)c1csc(=NC(=S)NC2CCCCC2)[nH]1,7.7
Cc1cc(-c2n[nH]c3cc(=NC(=O)NCC(=O)N(C)C)[nH]cc23)ccn1,9.0
CN(NC1CCCC1)c1nnc(-c2ccccc2Cl)s1,8.7
CC1COCCN1c1nc(-c2cnc(=N)[nH]c2)c2c(n1)N(C1(C)CN(S(=O)(=O)C3CC3)C1)CC2,8.4
Oc1cccc(CN2C3CCC2CC(CCOC(c2ccc(F)cc2)c2ccc(F)cc2)C3)c1,10.9
CC(C)CC(C=O)NC(=O)C(Cc1ccc(Br)cc1)NC(=O)C(CCCCN)NC(=O)C(CO)NC(=O)C(CO)NC(=O)OCc1ccccc1,6.9
COc1ccc(-n2nc(C(F)(F)F)cc2C(=O)NC2CCN(c3ccccc3S(C)(=O)=O)CC2)cc1,8.6
CC1C(CO)CCN1c1ccc(C#N)c2ccccc12,8.7
O=C(O)c1[nH]c2cc(O)c(O)cc2c1-c1cc(F)cc(F)c1,9.4
FC(F)(F)c1cc(=Nc2cccc(-c3ccccc3)c2)[nH]c(-c2cccnc2)n1,11.0
CCOn1c(C)nc2ccccc21,6.5
CCCC1C(C)(C(C)=O)C(=N)C(C#N)C1(C#N)C#N,4.9
N#CC1CSC2CC(N)(c3ccc(F)cc3)C(=O)N12,7.3
CCc1nc(C)ncc1C(=O)N1CC(C)CN(C)c2ccccc21,7.0
COc1ccc2cc(CC3CCCCN3)c3cc(OC)c(OC)cc3c2c1,9.2
c1cc(-c2ccncc2)c2nc(=Nc3ccc(N4CCOCC4)cc3)[nH]n2c1,7.2
NC(=O)c1cccc(=Nc2nc(C(N)CCc3ccccc3)cs2)[nH]1,8.8
NC(=O)c1cc(C(O)CO)cc(-c2ccc(Oc3ccc(F)cc3)cc2)n1,8.8
COc1ccc(-c2cc(-c3ccc(S(=O)(=O)N4CCN(C)CC4)cc3)c[nH]c2=N)cn1,9.9
COc1cc(C(=O)OCC(=O)NC2CC2)cc(OC)c1OC,6.9
CCc1ncnc(-c2ccc(C(=O)N3CCN(CC(=O)N(C)C)CC3)c(F)c2)c1C#Cc1ccc(=N)[nH]c1C,10.7
CCCCOc1ccc2cc(S(=O)(=O)NC(CCC(=O)OC)C(=O)OC)ccc2c1,8.0
COc1cc(C=CC(=O)OCC(=O)NCc2cccs2)ccc1OCC#N,7.4
CCOC(=O)c1cn(CC)c2ccc(-n3cc(C4(O)CCCCC4)nn3)cc2c1=O,8.3
Clc1ccc(N=c2[nH]c(=Nc3ccccc3)c3ccccc3[nH]2)cc1,9.9
NC(=O)N1CCCc2cc(-c3cncc(F)c3C3(O)CCC3)cnc21,9.1
Cc1cc(C)c2oc(C(=O)Nc3ccc(S(=O)(=O)N4CCCC(C)C4)cc3)cc(=O)c2c1,9.0
CCOC(O)c1cc2c([nH]1)c(OC)c(C(C)=O)c1c2ccn1C(=O)CC,8.0
CN1CCCC1C(=O)NC(C)(C)C(=O)N=c1nc(-c2ccc(F)cc2)n(Cc2ccccc2)[nH]1,8.7
Clc1ccc(CN=c2[nH]c(=NCc3ccccc3)[nH]c3ccccc23)cc1,9.9
CC(=O)N1CCN(C(=O)c2cccc(OCc3cscn3)c2)CC1,8.8
O=C1c2cc(CCc3ccc(C(F)(F)F)cc3)ccc2OCCN1Cc1ccccn1,10.5
O=C1C=CC2CCC1C2,5.9
Cc1c(C(=O)Nc2cccc(C(F)(F)F)c2)sc2nc3n(c(=O)c12)CCCC3,9.2
COc1ccc(Cl)cc1NC(=O)CN1c2ccccc2S(=O)(=O)c2ccccc21,8.4
N#Cc1ccc(N(CC2CCCC2)C(=O)N=c2[nH]cc(Cl)s2)cc1,7.8
O=C(C1=CC2c3cccc4[nH]cc(c34)CC2N(C(=O)Nc2ccccc2)C1)N1C=CCCC1,10.5
Cc1ccccc1-c1cccc2cc(C(=O)NC3CN4CCC3CC4)cn12,9.4
Cc1[nH]n2c(=O)cc(-c3ccc4c(c3)OCCO4)nc2c1-c1ccccn1,10.5
CCCCc1ccc(C2C3=C(CC(C)(C)CC3=O)N=C3c4ccccc4C(=O)C32)cc1,9.2
CCc1nn(-c2ccccc2)c2cc(N3CCN(C4CCNC4)C3=O)ccc12,9.5
CN1CCCN(c2ncccc2-c2ccc3c4[nH]ncc4c(=O)n(CC(F)(F)F)c3c2)CC1,10.4
O=C(O)C1(O)CC(O)C(O)C(OCc2cccs2)=C1Cc1ccc2sccc2c1,7.8
O=C(Nc1cnn(Cc2ccc(F)cc2)c1)C(c1ccccc1)c1ccccc1,10.6
CC1(C)CNC(=O)c2cc3ccc(C(=O)N=c4cc(-c5ccccc5)[nH]o4)cc3n21,10.8
Cc1cc(C(=O)CN2C(=O)NC(C)(c3ccc(F)c(F)c3)C2=O)c(C)n1C1CC1,9.6
Cc1cccc(S(=O)(=O)NC2CCC(C(=O)N3CCC4(C)c5cccc(O)c5CC3C4(C)C)C2)c1,7.3
CCCCCCCCCCCCCC(=O)NC(CCC(=O)NC(CSc1ccc([N+](=O)[O-])cc1[N+](=O)[O-])C(=O)NCC(=O)OCCCC)C(=O)OCCCC,3.6
O=C(c1ccc(NS(=O)(=O)c2ccc(F)cc2)cc1)N1CCCCCC1,9.7
CC1CN2CCCC2CN1C(=O)N1Cc2c([nH][nH]c2=NC(=O)c2ccnn2C)C1(C)C,7.2
CCc1cn2c(Cc3ccccc3Cl)nc(=Nc3ccc(C4CCNCC4)cc3Cl)c(C(N)=O)c2[nH]1,8.7
Cc1[nH]oc(=NS(=O)(=O)c2cccc3ccccc23)c1C,9.3
CCN(CC)Cc1ccc2c(c1)CCC(N1CCN(CCC3CCCS3)CC1=O)C2,8.1
Cc1ccc(N=c2nc3c(c[nH]2)CN(c2cc(NC(=O)c4cccc(C(F)(F)F)c4)ccc2C)C(=O)N3C)cc1N(C)C,10.6
COc1ccc(N2CCN(CCC(O)COc3ccc(F)cc3)CC2)cc1,8.4
COc1ccc(-c2c(C)[nH]n3c(=N)c(-c4ccccc4)cnc23)cc1OC,9.7
N=c1[nH]c2ccccc2n2c(=O)c(-c3ccc(Cl)cc3)nn12,9.6
O=C1C(=Nc2ccc(F)cc2)C(Cl)C(=O)c2[nH]c(-c3cccnc3)nc21,9.7
CCOc1cc(C(=S)N2CCOCC2)ccc1OC(=O)c1cc(OC)c(OC)c(OC)c1,7.5
O=C(Cc1ccccc1Cl)Nc1cccc(CN2CCC(C(=O)NC3CCCCC3)CC2)c1,9.7
CC(Nc1cc(F)cc(F)c1)c1cc(C(=O)N(C)CCO)cn2c(=O)cc(N3CCOCC3)nc12,9.7
N#Cc1c[nH]n(CC(=O)N=c2[nH]c3ccc(S(N)(=O)=O)cc3s2)c1=N,7.8
CCOc1cc(C2C3=C(CC(C)(C)CC3=O)N(C)C3=C2C(=O)CC(C)(C)C3)ccc1O,8.4
C=C1CC(C)(c2cc(NC(=O)c3ncc(F)cc3F)ccc2F)N=C(N)O1,10.8
FC(F)(F)c1ccc(OC(CCN2CCN(c3ncccn3)CC2)c2ccccc2)cc1,10.1
CC1(C)c2cc(OCCCCCC(=O)O)ccc2C(=O)c2c1oc1ccccc21,9.2
Cc1ccc2c(c1)C1CN(C)CCC1N2C(=O)COc1ccc(N(C)C(=O)C(C)(C)C)cc1,9.6
COc1ccc(C2=NC(c3ccccc3)=Nc3ccc(C)cc3N2)cc1,10.3
CCN=c1[nH]c(=Nc2cc(C#N)cc(N3CCN(CC(F)F)CC3)c2Cl)[nH]n2c(C#N)cnc12,9.3
COc1ccc(NC(=O)N2CCN(S(=O)(=O)c3ccc4c(ccn4C)c3)CC2)c(OC)c1,8.3
Cc1cc(C(=O)c2ccccc2)cc(C)c1OCC1CCCN2CCCCC12,11.0
CC12CCC3c4ccc(O)cc4CC(O)C3C1CCC2O,7.8
CCOC(=O)CN1CCc2c(sc(N)c2C(=O)c2ccc(Cl)cc2)C1,7.3
COC(=O)N=c1cc[nH]cc1NC(=O)OC,5.9
CCc1cc2cc(NS(=O)(=O)c3ccc(C#N)cc3OC)ccc2n(C)c1=O,8.4
Fc1ccc(Cn2c(=NC3CCN(CCc4ccncc4)CC3)[nH]c3ccccc32)cc1,8.4
COc1cccc2c1C(=O)C1=C(C=CC(C)(C)O1)C2=O,8.9
Cc1cccc(Oc2nc(-c3ccc(S(C)(=O)=O)cc3)cc(C(F)(F)F)n2)c1,10.3
O=C1CCC2(CCCN(CCc3ccccc3)C2)N1Cc1cccnc1,8.8
CN(C(=O)c1cn(C)cn1)C1CCCC(Oc2ccccc2)C1O,7.0
Cc1cccc(NC(=O)N2CCCn3cnc(CN4CCCC4)c3C2)c1,9.3
CS(=O)(=O)c1ccc(NC(=O)c2cccc(S(=O)(=O)N3CCN(Cc4ccccc4)CC3)c2)cc1,10.4
CC(=O)N(C)c1ccc(NC(=O)CCN2C(=O)c3ccccc3C2=O)cc1,9.4
C[n+]1ccccc1C=Cc1cccc2ccccc12,10.0
CC(C)(C)c1ccc(-c2c[nH]cc2C(c2ccc(Cl)cc2Cl)n2ccnc2)cc1,7.9
COC(=O)C1=C(C)C=C(C)C(C(=O)O)C1c1ccc(Cl)c(C(F)(F)F)c1,7.9
CC(C)c1ccc2c(=Nc3cc(C(=O)NC(C)c4ccccc4)ccc3Sc3ccc(NS(C)(=O)=O)cc3)[nH]cnc2n1,9.9
COc1cc2c(cc1OC)CCC(C=CC(=O)N1CCOCC1)=C2,9.6
CCCn1c(N)c(N(CCOC)C(=O)c2ccc(C#N)cc2)c(=O)[nH]c1=O,6.6
Cc1ccccc1C(CC(=O)O)NC(=O)c1cncc(-c2cccc(F)c2F)c1,9.9
Cc1[nH]oc(=NS(=O)(=O)c2ccccc2-c2cc3ccccc3[nH]2)c1C,8.9
CCCCOc1ccc(S(=O)(=O)NC(=NO)Nc2ccc(Cl)cc2)cc1,8.2
CSCCN1C(=O)CSC1c1ccc(Br)s1,6.1
Cc1cccc(-c2ccc(C=CC3C4CCC(=O)CC4CC4C(=O)OC(C)C43)nc2)c1,9.8
Cc1ccc(S(=O)(=O)N2CCC(C(=O)N3CCN(Cc4ccccc4)CC3)CC2)cc1,8.9
NC(=O)c1cc([N+](=O)[O-])cc2c1-c1c(cc([N+](=O)[O-])cc1[N+](=O)[O-])C2=O,8.5
COC(=O)C1C2CCCC1N(C(=O)C(N)Cc1ccccc1)CC2,8.0
NS(=O)(=O)c1ccc(NC(=O)N=c2[nH]cccc2OCc2ccccc2)cc1,10.8
Cc1cc(CCCCCOc2ccc(C3=NCCO3)cc2[N+](=O)[O-])on1,8.1
O=c1ccc(N(CCO)c2ccc(F)cc2Cl)nn1-c1ccccc1Cl,6.6
O=C(NC1CCOCC1)C1CCC(=O)N(Cc2cccc(C(F)(F)F)c2)C1,8.9
O=C(O)C=Cc1ccc(CN2CCCC2=O)cc1OCCc1ccc2ccccc2c1,9.9
COc1ccccc1CCN1CCCC(CN(C)Cc2ccc(C)o2)C1,8.0
CC1CN(Cc2ccc(N(C)C)cc2)CC1c1nc(=O)c2cnc(C3CCOCC3)n2[nH]1,9.3
CSc1ccccc1OCc1cc(C(=O)NC2CCCCNC2=O)no1,9.0
O=C1COc2cc3[nH]cnc(=Nc4cccc(Cl)c4)c3cc2N1CCCN1CCCCC1,10.1
Cc1cc(-c2n[nH]c3cc(=NC(=O)NCc4ncon4)[nH]cc23)ccn1,9.2
Cc1nc(C)c(NC(=O)OC(C)C)cc1NC(=O)OC(C)C,7.9
OCCCCCCCC[S+]1CC(O)C(C(O)CO)C1,5.8
COc1ccc(C=C2C(=O)N(NC(C)=O)c3ccccc32)cc1,9.2
CC(C)(C)C1CCc2onc(C(=O)NC3CCCC3)c2C1,7.7
Cc1ccc(C)c(N=c2nc3c(C)cc(-c4c(C)cccc4C)cc3n[nH]2)c1,10.7
O=C(Cc1ccccc1)N=c1o[nH]c(-c2ccccc2Cl)c1-c1ccncn1,8.8
CCCCCCCCNCCOc1ccc(C(=O)c2c(-c3ccc(O)cc3)sc3cc(O)ccc23)cc1,9.1
Cn1cc2c(n1)[nH]c(=NC1CCCC1)n1nc(-c3ccco3)nc21,8.9
Cc1ccc2nc(-c3ccc(NC(=O)COc4ccccc4C)cc3)oc2c1,10.4
C=CC(=O)C#CC#CCC=CCCCCCCC,7.1
O=C(Nc1cccc(C2=NCCN2)c1)Nc1cccc(C2=NCCN2)c1,9.0
CCOCCOc1nc2c(c(=O)n(C)c(=O)n2C)n1Cc1ccc(C)cc1,7.2
Cc1cc(=O)[nH]c2cc(N=c3ccc(C(=O)O)c[nH]3)ccc12,9.6
CCCCCCCC(=O)OCC(COC(C)=O)OC(=O)CCCCCCC,6.4
CCCC1CC(C(=O)OC)C(CCC(=O)OC)O1,5.5
O=C(NCCc1nc2ccccc2n1Cc1ccccc1F)c1ccc(F)cc1,10.8
Cn1ncc(C(=O)N2CCC(Nc3cc(-c4ccccc4)[nH]c(=O)c3)CC2)c1Cl,9.8
CC(=O)N1CCCc2cc(S(=O)(=O)N3CCN(c4cccc(C(F)(F)F)c4)CC3)ccc21,10.4
Cc1ccc(-c2c[nH]c(=NCC3CCNC3)nc2-c2ccc(C#N)cc2)cc1,8.6
CC(=O)Oc1c(C)n(CCCl)ccc1=O,6.0
N#Cc1ccc(CN2CCC(COc3ccc(C(=O)C=NO)cn3)CC2)cc1,8.1
Cc1nn(-c2ccc(Cl)cc2)c(Cl)c1C1C(C#N)C(=N)N(c2cccnc2)C2=CCCC(=O)C21,8.2
CC(C)C(NS(=O)(=O)c1ccc(-c2ccc(COc3cccc(N(C)C)c3)cc2)cc1)C(=O)O,9.5
O=C(Nc1cccc2c(=O)cc(C(=O)O)oc12)c1ccc(Br)cc1,9.4
CCCCCC(Cc1ccc(C(=O)NCCC(=O)O)cc1)C(=O)c1cc2cc(C(F)(F)F)ccc2n1-c1cccc(C(F)(F)F)c1,9.5
O=[N+]([O-])c1cccc(C2NCCc3c2oc2ccccc32)c1,9.9
CC(C)NCC(O)CCN1c2ccccc2N(c2ccccc2)S1(=O)=O,7.8
CC1(C)OC(=O)Nc2ccc(-c3cc(F)cc(Cl)c3)cc21,9.8
CC(NCc1cc2ccccc2[nH]1)c1ccc(F)c2ccccc12,9.8
CC(C)CCn1nnc(O)c1C(N)=O,6.6
CCN1c2ncccc2C(=O)Nc2c(C)cc(N(C)CCO)nc21,7.3
O=C(O)C(=O)N=c1[nH]c(-c2ccc([N+](=O)[O-])cc2)cs1,8.0
CCNC(=O)N=c1[nH]c(C=Cc2cccnc2)c(-c2ccc[nH]2)s1,8.0
CCCCCCN=C(N)Nc1ccc2cc3ccc(N=C(N)NCCCCCC)cc3nc2c1,6.7
O=C(O)Cc1nn(Cc2cc3ccccc3[nH]2)c(=O)c2ccccc12,9.7
CNc1ccccc1O,5.5
CC1CCCCC1NC(=O)CN1C(=O)NC(Cc2ccccc2)(Cc2ccccc2)C1=O,8.8
CCOC(=O)C1Cc2ccccc2N1C(=O)CCC(NC(=O)OCc1ccccc1)C(=O)O,8.6
c1ccc2c(N3CCN(CCN4CCOCC4)CC3)c3[nH]c4ccccc4c3nc2c1,9.8
COc1cc(CCCC(CC(O)=NO)C(=O)NC(C(=O)NC(C)c2ccccc2)C(C)(C)C)ccc1-c1ccccc1,9.6
CCCOCCCNC(=S)Nc1cc(OC)ccc1OC,6.1
C[n+]1c(C=Cc2c[nH]c3cc(F)ccc23)cc(N)c2ccccc21,10.0
O=C(O)CC(c1ccc(Cl)c(F)c1)N(Cc1ccc(OCCn2c(O)ccc2O)c(F)c1)CC1CCCCC1,8.1
Cc1nnc(N2CCC(C(=O)NC3CCCCC3)CC2)c2nn(-c3ccccc3)c(C)c12,9.5
Cc1nc2c(c(-c3cc[nH]n3)n1)CC(C)N(C(=O)c1cccc(C#N)c1C)C2,7.8
N#CC1CC(N2CC(O)(C(F)(F)F)C2)CCC1n1cc(C(N)=O)c(=Nc2ccc(C(F)(F)F)cc2)[nH]1,10.4
CN=c1[nH]c(=Nc2ccccc2OC(F)F)[nH]cc1Cl,7.6
O=C(Nc1cc(C(F)(F)F)ccc1-n1cncn1)C1CC1,8.7
C=CCN1CC(C)N(C(c2ccc(C(=O)N(CCC)CCC)cc2)c2cccc(OC)c2)CC1C,8.9
Cc1cccc(-n2[nH]c3c(c2=NC(=O)c2c(F)cccc2F)CS(=O)(=O)C3)c1C,9.8
COC(=O)C(CCCCN)NC(=O)c1ccc(N)c(NC(=O)C(N)CCc2ccccc2)c1,8.5
CN(C)CCCn1cc(-c2ccc3c(c2)N(c2nc4c(s2)C(=O)NC(C)(C)C4)CCO3)cn1,9.4
Cc1cc(C)c(NS(=O)(=O)c2ccc3c(c2)n(C)c(=O)n3C)c(C)c1,9.3
COc1ncccc1CNC(=O)N(Cc1ccccc1F)C1CC1,8.2
Cc1csc(N2CCCN(C(=O)C3(C#N)CCCCC3)CC2)n1,6.7
Fc1cccc(CCN2CCNCC2Cc2cccc3ccccc23)c1,10.4
COC(=O)c1sc(-c2ccccc2)cc1S(=O)(=O)N1c2cc(Cl)ccc2NC(=O)C1C,9.0
Cc1[nH]c2ccccc2c1C(O)CN1CCN(c2cccc(C(F)(F)F)c2)CC1,9.3
CN(C(=O)C(C)(C)C)c1ccccc1SSc1ccccc1N(C)C(=O)C(C)(C)C,7.0
CCCCCCC(C(O)=NO)[S+]([O-])c1ccc(OC)cc1,6.5
CC1CN(c2cccc3cc(S(=O)(=O)N=c4[nH]cns4)ccc23)CCO1,9.5
CCC(NC(=O)C(NC(=O)C1CCCN1C(=O)C(CC(C)C)NC(=O)c1cc(O)ccc1O)C(C)CC)C(=O)O,7.4
O=c1c(Cc2ccccc2)c(Cc2ccc(O)cc2)oc2cc(O)ccc12,10.4
COc1cc(-c2ccc3[nH]cc(C(C)=O)c(=Nc4ccc(N5CCN(C)CC5)nc4)c3c2)cc(Cl)c1O,10.8
O=C(Cc1ccccc1)Nc1ccc2c(c1)Cc1c-2[nH]c(=O)c2nccn12,10.4
Cc1ccc(C(F)(F)F)cc1Cn1c(C(=O)NCCC(C)(C)O)cc2cc(C#N)ccc21,9.4
CCn1c(O)c2c(c1O)C1(C(=O)OC)CCCN1C2c1ccc(-c2ccc(F)cc2)cc1,9.1
Cc1nc2cc3[nH]c4ccccc4c(=O)c3cc2s1,8.3
NC(Cc1ccc(N(CCO)CCO)cc1)C(=O)O,7.3
COc1ccc2oc(C(=O)OCC(=O)N(CCC#N)c3ccccc3)c(C)c2c1,8.1
CCCCCCCCCCC#Cc1cc2cn(C3CC(O)C(CO)O3)c(=O)nc2o1,7.7
O=c1c(-c2ccc(Cl)cc2)n[nH]c2nc3ccccc3n12,9.2
CN(C)C(=O)c1cc2c[nH]c(=Nc3ccc(N4CCC5(CCCN5)C4=O)cn3)nc2n1C1CCCC1,9.2
CC1CN(C)CCN1C(=O)c1cnn(-c2ccc(Cl)cc2)c1,8.6
Cc1cc(C)c(NC(=O)c2sc(=NC(=O)Nc3ccccc3)[nH]c2C)c(C)c1,9.9
Cc1ccc(C2CN(C)C3(C(=O)N(C)c4ccccc43)C23Cc2ccccc2C3=O)cc1,7.8
COc1ccc2c(c1)C(=O)N(CC1(c3ccc(-c4ccccn4)cc3)NC(=O)NC1=O)C2,9.3
CC12COC3(C(=O)N=c4[nH]ccs4)CC1CCC32C,7.4
O=C(N=c1[nH]ccs1)c1ccc(C(=O)N=c2[nH]ccs2)cc1,8.3
Cc1ccccc1CSc1ccc(-c2cccs2)nn1,8.5
COC(=O)C1CCN(C(=O)COC(=O)Cc2c[nH]c3ccccc23)CC1,8.6
CCCCNc1c(-c2ccc(SC(C)CC)c(OC)c2)nc2ccc(C)cn12,8.4
C=CCNC(=S)NN=Cc1ccc(-c2ccc(OC)cc2)o1,7.5
COc1ccc(C)cc1NC(=O)c1cc2c(CO)cnc(C)c2oc1=N,8.5
N#Cc1ccc2[nH]c(=NCC(F)F)c(N3CCC(Cc4ccc(F)cc4F)CC3)nc2c1,8.2
Cc1ccc2c(c1)c1c(n2CCCNCc2ccccc2F)CCCC1,9.4
COc1ccc(-c2nc(C(=O)N3CCN(C(=O)c4cc(C)[nH]n4)CC3)c(CN)o2)c2ccc(C(F)(F)F)nc12,9.4
COc1ccc(-c2cc(=O)c3ccc(C)c(C)c3o2)cc1OC,9.5
CCN(CC)CC[n+]1ccc2c(C)c3[nH]c4ccccc4c3c(C)c2c1,9.6
O=C1C2=C(SCCS2)C(=O)N1CCCCN1CCN(c2ccccc2)CC1,8.3
CN1CCC(N(C)c2nccc(N3CCN(C(=O)c4cccc(-c5cccnc5)c4)CC3)n2)CC1,10.7
CCN(CC)CCNC(=O)c1cc(Cl)c(N)cc1OCCOCCOC,6.1
C=CC(=O)C(C#N)C(=O)Nc1ccc(C(F)(F)F)cc1,8.8
COc1cccc(C2NC(=O)N=C3c4ccccc4C(=O)C32)c1,9.0
O=C(Nc1ccc(C(=O)N2CCC3(CCCCN3)C2)cc1)N1Cc2ccccc2C1,11.0
CC1=C(C=Cc2cc(=Nc3ccc(F)cc3)[nH]c(=N)[nH]2)C(C)(C)CCC1,10.3
OCC1C(O)C(O)C(O)CN1CCCCCCCCn1cc(COCC23CC4CC(CC(C4)C2)C3)nn1,7.8
O=C(Cc1ccccc1)N1CCc2cc(-c3cccnc3)ccc21,9.3
COc1ccccc1Nc1c2c([N+](=O)[O-])cc([N+](=O)[O-])cc2[n+]([O-])n1-c1ccccc1OC,8.5
Cc1cc(NC(=O)C2CCN(S(=O)(=O)c3cccc4nsnc34)CC2)ccc1Br,9.4
NC1CCc2c[nH]cc2C1,6.3
O=C(NCc1ccco1)Nc1ccc(OC(F)(F)F)cc1,8.2
COc1ccc(C(=O)N2CCN(Cc3ccc4c(c3)OCO4)CC2)cc1[N+](=O)[O-],9.2
CCC12CCCN3CC(Br)C4(c5ccccc5NC4C(Cl)(C(=O)OC)C1)C32,7.2
C(=NN=c1[nH]c(N2CCCCC2)nc(=Nc2ccccc2)[nH]1)c1ccco1,8.7
C=C(C)COc1ccccc1C(=O)N1CCC(C(=O)NCC)C1,7.7
Cc1ccc(C(=O)N2CCC3(CC2)OCc2cc(C#N)ccc23)cc1NC(=O)N1CCCC1,10.5
FC(F)(F)CN=c1[nH]c(=Nc2ccc3c[nH]nc3c2)[nH]c2ccoc12,9.3
CC(=O)c1sc(=Nc2nc3ccc(F)cc3s2)[nH]c1C,7.4
COc1ccc(CN(Cc2ccco2)c2cnc(S(C)(=O)=O)nc2C(=O)Nc2ccc(C)cc2C)cc1,8.7
O=C(Nc1ccc(F)c(Cl)c1)c1cc(C2CCCN(C(=O)CCc3ccccc3)C2)on1,10.6
CCOC(=O)C1=NN(c2ccc(Cl)cc2)C2=CC(C)=NN(C)C(=S)N21,8.4
O=C(Nc1ccc(Oc2ccccc2)cc1)c1ccc2[nH]c(C3OC(CO)C(O)C(O)C3O)nc2c1,8.5
Cc1cccc2c(=O)c(C=NC(C)(C)C)c(O)n(CC3CC3)c12,8.0
O=C1Cc2c([nH]c3ccccc23)C2(CC3CCCCN13)OCCO2,9.2
COc1cccc2cc(-c3cc(Cl)c(C4(C)CS(=O)(=O)C5(CCC5)C(=N)N4)s3)[nH]c12,8.8
O=c1[nH]c2cc3c(cc2c2c1C(N1CCC(Cc4cc(F)ccc4F)CC1)CCC2)OCO3,10.8
CC(C)Oc1nc2c(cc1Cc1cccc(Cl)c1F)c(=O)c(C(=O)O)cn2C(CO)C(C)(C)C,9.1
Cc1cc2c(NC(=O)CC(=O)O)cccc2n1Cc1ccc(O)c(C(C)C)c1,8.3
COC(=O)C1C(=O)CCOc2oc3cc(C)cc(O)c3c(=O)c21,8.0
Cc1nc(C(C)(C)NC(=O)c2ccc(C)c(-c3cccc(Cl)c3)n2)no1,9.3
CCC(=O)OC(c1cccc(O)c1)C1C2CN(C)CC1CN(C)C2,7.5
CC1Cc2ccccc2N1C(=O)CN1CCN(Cc2ccc(OC(F)(F)F)cc2)CC1,8.6
CC(C)CC(NC(=O)C(C)NC(=O)CC(=O)C(COCc1ccc(-c2ccc3c(c2)OCO3)cc1)NC(=O)c1c(F)cc(F)cc1F)C(N)O,9.5
CON=C(C#N)C12CCN(CC1)C2,5.7
O=c1cc(N2CCOCC2)oc2ccc3ccccc3c12,9.7
Cc1cc(C2CCN2C)on1,5.6
O=C(CO)N1CC=C(c2cc3c(cc2F)N2C(=O)OC(Cn4ccnn4)C2CO3)CC1,9.3
COc1cc[nH]c(=NC(=S)N2CCN(c3ccc4ccccc4n3)CC2)c1,8.8
CN(C)CCCNC(=O)c1ccc(N=c2nc3c(c[nH]2)CCc2nn(C)c(-c4ccccc4Cl)c2-3)c(Cl)c1,8.2
COc1cc(C(C)C)c2c(=O)oc(-c3cccnc3N3CCN(C4CCN(C)CC4)CC3)nc2c1,8.6
COc1ccc2c(c1)n(C(=O)NCCN1CCN(C)CC1)c(=O)n2C(C)C,8.6
CC(C)C(CO)NC(=O)CC(=O)NC(CO)C(C)C,6.1
C=CC(Br)(CBr)CCC(Br)C(C)(C)Cl,4.6
Cc1nc2ccccc2c(=O)n1CCCNC(=O)C1CC(C)(C)NC1(C)C,8.6
CCCC(=O)Nc1ccc2[nH]c(C(=O)N3CC4CC45C3=CC(=O)c3ccccc35)cc2c1,10.5
CCC(O)C1CC(CC=CC=O)C(=O)O1,6.9
Cc1nc(C)c(-c2ccc(-c3ccc(CC(=O)O)cc3Cl)cc2)nc1C(N)=O,9.9
Cc1cncc(-c2cc3c(cn2)cnn3-c2cccc(C3CCCC(N)C3)n2)n1,9.9
O=C(O)c1cccc(C#Cc2ccc(S(=O)(=O)N=c3cccc[nH]3)cc2)c1,10.0
Cc1cc(C#N)ccc1-c1nccc2cc(S(=O)(=O)N=c3[nH]cns3)ccc12,8.6
C=CCc1c(O)ccc2c1OC(c1ccc(Cl)cc1)CC2=O,9.3
O=C(O)COc1cccc(C(CN2CCCC2)n2cccc(-c3ccc(C(F)(F)F)cc3)c2=O)c1,9.7
N=c1[nH][nH]cc1C(=O)N=c1[nH]c2ccccc2s1,7.6
Nc1cccc2c1C(=O)N(C(=O)c1ccc(Cl)c(S(=O)(=O)N3CCCCCC3)c1)C2=O,9.6
O=C(NN1C(=O)c2ccccc2NC1c1cccnc1)c1ccccc1,9.3
Cc1c(C(=O)NN2CCCCC2)nn(-c2ccc(F)c(Cl)c2)c1-c1ccc(Cl)cc1,10.3
N=C1COCC(c2cc(NC(=O)c3cc4cncnc4[nH]3)ccc2F)(C(F)F)N1,10.0
Cc1ccc(-c2noc(C3(N)CC3)n2)cc1NC(=O)c1cnc2ccccn12,9.8
Cn1c(-c2cc[nH]c(=NC3CCOCC3)n2)cc2c1CCNC2=O,8.5
CCOC(=O)CCc1c(C)c2ccc(OCc3ccc(OC)cc3)cc2oc1=O,9.0
CC1CN(S(=O)(=O)c2cccc(C(=O)OCC(=O)Nc3ccc4c(c3)OCO4)c2)CC(C)O1,9.5
Cc1cc(N2CCN(c3ncccn3)CC2)nc2c(C)cccc12,9.3
O=S(=O)(c1ccccc1)c1ccc2c(c1)CCCC2CN=c1nccc[nH]1,11.3
O=CNc1cn(C2OC(CO)C(O)C2O)cn1,6.7
CC(C)(C)c1ccccc1N1CCN(Cc2ccc(F)cc2Cl)C(=O)C1=O,8.0
O=C(O)c1cn(Cc2ccccc2)c2ccccc12,8.9
COc1cc(N=c2[nH]c(-c3ccc(Cl)cc3)c(C)s2)cc(OC)c1OC,8.7
O=C(C1CC1)N1CCc2cc(Br)cc(S(=O)(=O)NCc3ccco3)c21,8.0
CC1CN2CCCC2CN1C(=O)N1Cc2c([nH][nH]c2=NC(=O)c2nc(Cl)c(Cl)s2)C1(C)C,8.7
COc1ccc(-c2cc(=O)c3c(O)c(OC)c(OCCN(C)C)cc3o2)cc1,8.7
CN1c2ccc(-c3cccc(F)c3)cc2C2C(CCN2C(=O)C2CCOCC2)C1CO,10.2
CNC(=S)C1(c2cc(C)ccn2)CCCS1,5.7
CC(C)C(C)C=CC(C)C1CCC2C3=CC(O)C4(O)CC(O)CCC4(C)C3CCC21C,8.3
CC(=O)OC1CCC2(C)C3CC(=O)C(=C(C)C=CC=C(C)c4ccc(C)c(=O)o4)C3(C)CCC2C1(C)C,8.3
CNCCc1cc(OC)c(N=c2[nH]cc(Cl)c(=Nc3ccccc3S(=O)(=O)C(C)C)[nH]2)cc1C,9.1
CCCCOC(=O)C1(O)CC(O)C(OC(=O)C=Cc2ccc(O)c(OC)c2)C(O)C1,7.6
CC(C)(C)c1ccc(N=c2[nH]nc(-c3ccncc3CCc3ccncc3)o2)cc1,10.3
CC(=O)c1ccc2c3c1C1OC1c1cccc(c1-3)C1OC21,9.5
Cc1cc2c(cc1C)NC1(CC3CCCC(=O)N4CCC(C1)C34)C(=NCc1ccccc1)N2,10.2
CC(C)(C)c1c(Cl)c(=O)c(-c2ccccc2)c(O)n1-c1ccccc1,8.7
COC(=O)C(=Cc1ccccc1)CSC#N,7.0
O=C1NC(c2cccc(C#Cc3ccccc3)c2)C(c2cccc(F)c2)O1,10.5
CCC(CC)CC1(C(=O)Nc2ccccc2SC(=O)C(C)C)CCCCC1,6.8
O=C1CCC(c2ccc(N=c3cc[nH]c4ccccc34)cc2)=NN1,10.4
O=C(C1CCCN(c2ccc3[nH]c(-c4ccc(OC(F)(F)F)cc4)nc3n2)C1)N1CCCC1,10.5
CC(=O)N1CCN(c2ccccc2NC(=O)Cc2ccc(Cl)cc2)CC1,9.7
O=c1c2ccccc2nc(CCc2ccccc2)n1-c1cccc(O)c1,10.2
Cc1cc(=O)c(Oc2ccc(C(F)(F)F)cc2)c(-c2ccc(S(C)(=O)=O)cc2)o1,8.6
CCCCCc1nc2cc(C=CC(O)=NO)ccc2n1CCNC,7.5
COC(=O)c1cc(-c2cccc(C(=O)Nc3ccc(OC(F)(F)F)cc3)c2)cs1,10.0
O=C(NN=c1nc(-c2ccccc2)c2cc(Br)ccc2[nH]1)c1ccc(S(=O)(=O)N2CCOCC2)cc1,11.4
CC(=O)OC(c1nc2ccccc2c(=O)n1C1CC2(OC1=O)c1ccccc1N1C(=O)C(C)NC12)C(C)C,9.9
CCCCN=c1cco[nH]1,5.3
CN1CCCCC(c2ccc(Cl)c(Cl)c2)C1,6.8
O=C(NCc1ccc(S(=O)(=O)c2cncc(Cl)c2)cn1)c1cc2ccncc2o1,9.8
CC(C)NCC(O)c1sc(Br)c(Br)c1Br,5.5
CCCc1c(O)n(C(C)c2ccccc2)c2nc3c(c(=O)n(C)c(=O)n3C)n2c1=O,8.3
COc1ccc(C2CCN(CCCCNC(=O)c3ccc(NC(=O)c4ccc(Cl)cc4)cc3)CC2)c(C)c1,10.4
O=C(NCC1(c2ccc(Cl)nc2)CCC(F)(F)CC1)C1CCOc2ncccc21,10.5
COc1cc(C(=O)N2CC3(C)CC2CC(C)(C)C3)ccc1-c1cccc2cccnc12,10.1
COc1cc(CC(=O)N2CCN(S(=O)(=O)c3ccc(C(C)C)cc3)CC2)cc(OC)c1OC,8.0
COC(=O)c1ccc2c3c(c(CCOCc4ccccc4)cc2c1)C(=O)NC3=O,10.0
Cc1ccc2c(OCCN3CCN(Cc4ccc5[nH]ccc5c4)CC3)cccc2n1,9.7
COc1cc2c(c(OC)c1O)-c1c(cc(OC)c(OC)c1O)CC(C)C(C)C2OC(=O)C=Cc1ccccc1,7.4
CCCCCCCNC(=O)C(CCC(=O)O)NC(=O)c1cccc(Cl)c1,7.4
CCCCn1cc(CO)[n+](CCC)n1,6.2
CC(=O)c1cc(-c2cccc3nccn23)c2cc(N3CCN(C)CC3)ccn12,9.1
Cc1ccc2c(=O)n3c(nc2c1)C(Cc1ccc(O)cc1)NC(=O)c1cccnc1-3,10.0
CCCCNC(=O)c1cc(C)c2nc(CCC)n(Cc3ccc(-c4ccccc4C(=O)O)cc3)c2c1,9.3
CC(C)N(CC(O)COc1ccc(C(=O)c2ccccc2)cc1)C(C)C,8.5
COc1cc2c(N3CCN(C(=S)Nc4ccc(-c5ccccn5)cc4)CC3)ncnc2cc1OCCCN1CCCCC1,9.9
CC(=O)c1nn(-c2ccc(F)cc2)c2nc3nc(-c4cccs4)cc(-c4ccccc4)c3c(=O)n12,10.0
O=C1CCCCN1C1CCN(c2nc3ccccc3n2Cc2ccc(F)cc2)CC1,9.3
c1ccc2cc(-c3[nH]nnc3-c3ccncc3)ccc2c1,10.5
c1ccc(Sc2ncnc3ncn(C4CNc5ccccc5CO4)c23)cc1,9.2
Cc1[nH]c(C)c(-c2ccc(C#Cc3ccc(F)cc3F)cc2)c(=O)c1Br,10.7
O=C(OCCN1CCOCC1)C1(c2ccccc2)CCCC1,7.0
CN1CCN(c2ccc(N=c3nc4c(c[nH]3)c3ccncc3n4C3CCCC3)nn2)CC1,10.7
COc1ccc(S(=O)(=O)n2ccc3ccnc(-c4ccco4)c32)cc1,8.5
O=C1C(=Nc2cccc(S(=O)(=O)N3CCc4ccccc4C3)c2)C(Cl)C(=O)c2ccccc21,9.5
N=c1[nH]c(=O)n(C2CCC(NS(=O)(=O)c3cccc(Br)c3)C2)cc1F,9.0
CC(C)N(C)c1nc2cc(C(=O)O)ccc2nc1-c1ccc2nccnc2c1,9.7
CCOC(=O)C1CC12C(=O)N(C)c1ccc(Br)cc12,7.5
CCOc1ccccc1C=C1c2ccccc2C(=O)c2ccccc21,9.1
CS(=O)(=O)c1cc(F)cc2c1c(C(=O)c1ccc(Cl)cc1)c1n2CCCCC1CC(=O)O,8.3
O=S(=O)(Nc1cccc(-c2nn[nH]n2)c1)c1ccc(-c2ccc(F)cc2F)s1,9.5
COC(=O)c1c(C#N)c(OC)cc(O)c1CSCC(CN1CCCCC1)N=c1[nH]c(-c2ccc([N+](=O)[O-])cc2)cs1,8.3
CCSc1ccc(-c2cc(C(F)(F)F)nn2-c2ccc(S(N)(=O)=O)c(CO)c2)cc1,10.0
COc1cccc(C=NNC(=S)NC2CCCCC2)c1,7.5
CC(C)CCc1cc(N(C)CC(C)C)nc(N(C)CC(C)C)n1,7.3
CC(N=c1cc(-c2c(=N)[nH]n3cccnc23)[nH]cn1)c1ccc(Cl)cc1,9.7
O=c1[nH]ncn2cccc12,5.8
CCOC(=O)C1=C(C)Oc2ccc3ccccc3c2C1c1ccc(OC)cc1,8.6
NCCn1[nH]c2c3c(=O)ccc(O)c3c(O)c3c(=NCCNCCO)ccc1c32,7.9
CCCCCCCCCCCCCCOc1ccc(COC(=O)OCC)cc1,6.7
NCCCCC(N)C(=O)NC(Cc1ccccc1)C(=O)O,7.3
CCC(CC)(Cc1ccc(C(=O)Oc2ccc(C(=N)N)cc2F)s1)C(=O)O,7.5
Fc1ccc(C=Cc2cc3ccccc3nc2Cl)cc1,10.3
Cc1ccc(N=Cc2cc(Cc3ccccc3Cl)ccc2O)c(O)c1,9.8
Cc1ccc(N)c(C#Cc2ccccc2)n1,8.2
CC(C)c1c(C(=O)NCc2ccccc2)nn(-c2ccc(F)cc2)c1CCC(O)CC(O)CC(=O)O,8.3
O=c1cc(-c2cnc3ccccc3c2)[nH]c2cc3c(cc12)OCO3,10.8
C[S+]([O-])(=NS(=O)(=O)c1ccc(Cl)cc1)c1ccccc1,7.5
O=C(O)c1ccccc1C(=O)Nc1ccc2c(c1)C(=O)c1ccccc1-2,9.7
CC(C)n1ncc2c(C(=O)N=c3nccc[nH]3)cc(-c3ccsc3)nc21,9.0
O=C(N=c1[nH]c2ccccc2s1)c1cc2c(s1)-c1ccccc1OC2,9.2
CC(SCCCCCCCO)C(O)(Cn1cncn1)c1ccc(F)cc1F,6.9
COc1cc(OC)[nH]c(=NC(=S)NC(=O)c2cnc(Cl)c(Cl)c2)n1,7.3
Cc1c(C(=O)N2CCN(C(=O)c3ccco3)CC2)oc2c(Cl)cccc12,8.6
CC=CC1(O)CCC2C3CCc4cc(O)ccc4C3C(OC)CC21C,8.7
Cc1nn(S(=O)(=O)c2ccc(F)c(NC3CCN(C)CC3)c2)c2ccc(Cl)cc12,9.7
COCCNC(=O)NC12CC3(C)CC(C)(CC(C)(C3)C1)C2,6.2
COc1ccc2c3c(n(C)c2c1)C(CO)N(Cc1ccc2c(c1)OCO2)CC31CN(C(=O)c2ccc3c(c2)OCO3)C1,10.1
Cc1cc(N2CCOCC2)ccc1N=c1nc(N2CCOCC2)c2[nH]cnc2[nH]1,10.5
O=C(C=Cc1cccn1CCC(CO)CO)NCCCCC1CCN(C(=O)c2ccccc2)CC1,7.9
CS(=O)(=O)CCc1c[nH]c(=N)c(-c2ccc(C(=O)NCc3ccccc3)c(F)c2)n1,9.1
O=C(Nc1ccccc1Br)c1ccccc1-c1ccccc1,9.9
NC1CCCCCC1=O,6.1
NC(=O)COc1ccc(C(=O)Nc2cccc(F)c2)c2ccccc12,10.2
CCCCC1=NC2(CCN(C(C)=O)CC2)C(=O)N1Cc1ccc(-c2ccccc2C(=O)O)cc1,8.8
O=C1c2ccccc2C(=O)N1Cc1nc2ccccc2c(=O)n1-c1cccnc1,9.8
CNC(C)C(=O)NC(C(=O)N1Cc2ccccc2C1C(=O)Nc1c(F)cccc1F)C1CCCCC1,9.1
Cn1nccc1C(=O)NCC1CCC2(CCN(Cc3c(O)ccc4ccccc34)CC2)O1,9.9
O=C1OC2(CCN(c3nc4cc5c(cc4[nH]3)OC(F)(F)O5)CC2)c2ccccc21,9.5
CC(C)CN(Cc1cnc(-c2ccc(S(C)(=O)=O)cc2)s1)S(=O)(=O)Cc1ccccc1,8.4
COc1cc2cc(C(=O)N3CC(CCl)c4ccc(N)cc43)[nH]c2cc1OCCN(C)C,7.4
CCCC(=O)Nc1cc(-c2csc(=O)[nH]2)ccc1NS(=O)(=O)c1cccs1,7.9
COc1ccc(C2CNC(=O)N2C)cc1OC1CC2C3CCC(C3)C2C1,8.9
Cn1cc2c(n1)CCC(NC(=O)C1CCCN1C(=O)C(CC1CCCCC1)NS(=O)(=O)Cc1ccccc1)C2,9.3
CCN(CCO)CC1CN(c2cc(C(F)(F)F)cc(C)n2)CC1CO,7.1
O=C(c1ccncc1)N1CCN(S(=O)(=O)c2ccc3ccccc3c2)CC1,9.3
N#Cc1ccc(C=C2CCn3c2nc2cc(C(=O)O)ccc2c3=O)cc1,9.6
CC(C)Oc1cc(-c2cc(=O)n3[nH]cc(-c4ccnn4C)c3n2)ccc1Cl,8.8
Cc1cc(-c2nc(-c3ccc(F)c(Cl)c3)n3c2CCOC(C)C3)cc(C)n1,10.1
O=c1cc(N2CCNCC2)c2c(OCc3ccccc3)cccc2o1,8.7
Cc1ccc(S(=O)(=O)N2CCN(C(=O)CN3C(=O)NC4(CCOc5ccccc54)C3=O)CC2)cc1,8.4
FC(F)(F)CCCCCCCOc1ccc(-c2nnn(CCCCc3nn[nH]n3)n2)cc1,8.0
O=C(O)CCCc1cccnc1,6.6
Cn1cc(-c2nc(C3(c4ccc(-c5c[nH]c(=N)cn5)nc4)CCC3)no2)cn1,9.5
Cc1cc[nH]c(=N)c1,5.3
CCOC(=O)c1cnc2c(-c3ccccc3OC)c(C)nn2c1C,8.1
COc1ccc(CCC(OC(=O)C2CCCCN2S(=O)(=O)c2cc(Cl)c(O)c(Cl)c2)c2cccc(OCC(=O)O)c2)cc1OC,9.2
CCOC(=O)c1ccc(N=C2C(=O)c3ccccc3C(=O)C2N2CCCCC2)cc1,8.4
C[N+]1(C)CC2CC(C1)c1cccc(=O)n1C2,5.9
FC(F)(F)c1cccc(-n2nnc3ccc(=NC4CC5(CCNCC5)C4)[nH]c32)c1,11.3
CCCCc1sc(=N)[nH]c1O,5.8
O=c1cc2n(-c3ccccc3)nc(-c3ccccc3)nc-2cc1N1CCCCCC1,9.0
CC1Cc2c(ccc3c2ncn3-c2ccccc2)O1,9.0
Cc1ccc(S(=O)(=O)Nc2cc3c4c(c2)c(C)c(O)n4CCC3)cc1,8.8
COc1ccc2c(c1)CC1(CCN(CC(=O)N(Cc3nc(=O)c4c([nH]3)CCOC4)CC(F)F)CC1)C2=O,9.1
CCCCCCCCS(N)(=O)=O,5.8
Cc1nn(-c2ccccc2)c(Cl)c1C1CC(c2c(O)[nH]c(=S)[nH]c2=O)=NN1,9.9
Cc1ccn2c(Nc3ccc4c(c3)OCCO4)c(-c3ccc(C)o3)nc2c1,10.1
CC1(C)C=Cc2c(c(O)cc3c2OCC(c2cc4c(cc2O)OCO4)C3)O1,10.4
Cc1ccc2c(c1)c(=O)oc1c(C)nn(-c3ccccc3)c12,9.4
COc1cc(NC(=S)NCCO)c(OC)cc1Cl,6.1
COc1cc(F)ccc1C(=O)C=Cc1ccnc2ccccc12,9.5
Cc1ccc(C2=NN(C(=O)c3ccc(Br)cc3)C(c3ccc4c(c3)OCO4)C2)cc1,9.7
CC(C)N1CCN(Cc2ccc(-c3ccccc3Cl)o2)CC1CCO,8.3
COc1cc(NC(=O)NCCc2c(C)nn(C)c2C)cc(OC)c1OC,7.8
CCCCC(=NNC(=O)c1ccc(Br)o1)c1ccccc1,8.6
O=C(NC1CCCCC1)c1cc(-c2ccccc2)nn(Cc2ccc(F)cc2)c1=O,9.9
FC(F)(F)c1ccc(-c2ccc(CN3C4=NCCN4c4ccccc43)cc2)cc1,10.4
CC(C)N1CCN(Cc2cc3ccccc3[nH]2)CC1CCO,7.0
COc1cc(C(C)=O)ccc1N,6.0
O=C1CC(O)c2c3ccc(c2NC1O)CC3,5.9
O=C(C1CC(N2CCN(c3ccc4ccccc4n3)CC2)CN1)N1CCSC1,9.2
CCc1c(-c2ccc(OC)cc2)c(=O)oc2cc(O)ccc12,9.0
Oc1ccc(C2=C(c3ccc(CBr)cc3)c3ccc(O)cc3C2)cc1,11.5
CCCCC(=O)N=C1CCSC1C(=O)OC,6.0
CC(C)(O)C#CC(O)(c1ccncc1)c1ccc(Cl)cc1,7.6
Cc1nc2c(c(-c3cc[nH]n3)n1)CC(C)N(C(=O)c1cccc(Cl)c1Cl)C2,9.4
O=S(=O)(c1ccc(-c2ccc3[nH]ccc(=Nc4ccc5[nH]nnc5c4)c3c2)cc1)N1CCOCC1,10.6
COc1cc2cncc(Cc3ccc4ncccc4c3)c2cc1OC,10.0
CC(C)c1ccc(-c2c(=N)[nH]nc3c2c2ccccc2n3C)cc1,10.5
CN(C(=O)OC(C)(C)C)C1C(=O)OC(CCc2ccccc2)(C(=O)NC(C)(C)C)C1=O,8.6
Cc1[nH]c(=N)nc2c1cc(-c1cccc(CO)c1)c(=O)n2C1CCCC1,11.0
N#CC(CC(N)=O)NC(=O)C1CCCN1S(=O)(=O)c1ccc(-c2ccccc2Cl)cc1,9.2
CCN(CC)c1ccc(C(=O)NNC(=O)C2CCN(c3ncnc4sc(C)c(C)c34)CC2)cc1,9.6
COc1ccc(C(=O)NC2CCN(CCn3c(=O)ccc4ncc(F)cc43)CC2)cc1Cl,9.4
CCCCCCCCCCCCC#Cc1cn(C2CC(F)C(CO)O2)c(=O)[nH]c1=O,7.9
COC(=O)c1cc(NC(=O)c2ccc(C)cc2)c(=O)oc1C,8.9
C=c1[nH]c(=Cc2c(O)[nH]c3cc(NC(=O)Nc4ccc(OC)cc4)ccc23)c(C)c1CCC(=O)O,9.4
Cc1c(C(=O)N2CCN(Cc3ccccc3)CC2)oc2c1C(=O)CCC2,9.2
O=C1OC(c2ccc(O)cc2)(c2ccc(O)c3ccccc23)c2ccccc21,9.5
Cn1ncc(C(=O)N2CCC2)c1C(=O)NCCc1nc(-c2ccccc2)nn1CC(F)(F)F,10.9
Cc1cc(=O)n2[nH]c(C(F)(F)F)c(-c3ccc(Cl)cc3)c2n1,8.1
Cc1cc(C)[nH]c(=Nc2ccc(C(=O)O)cc2)n1,8.7
COc1cccc(-c2cc(=NC3CCCc4ccccc43)[nH]c(C)n2)c1,9.5
Cc1cccc(C)c1NC(=O)C(NC(=O)CN1C(=O)c2ccccc2C1=O)c1ccccc1,9.2
NC(=O)c1nc(-c2ccc(Oc3ccccc3)cc2)c2ccccc2n1,9.1
CC(C)C1COC(=O)N1c1cc[nH]c(=NC(C)C2CCC(Oc3ccc(F)cc3)CC2)n1,10.7
O=C(c1nc2c(Cl)cccc2[nH]1)N1CC(c2nccnc2-c2ccccc2)C1,9.5
COc1ccc(N=c2cc(Sc3ccc(OC)cc3)[nH]cn2)cc1,8.5
CCN(CC)C(=O)CN(c1ccc(C)cc1)S(=O)(=O)c1ccc(OC)cc1,7.3
O=C(NN=Cc1cccc(Cl)c1)c1ccc(-c2nnc(-c3ccc4ncccc4c3)o2)cc1,10.1
Cc1nnc2n(c1=O)C(CS(=O)(=O)c1ccc3ccccc3c1)CS2,9.1
COc1ccccc1N1CCN(c2nnc(N3CCN(c4ccccc4OC)CC3)c3c2[nH]c2ccccc23)CC1,8.3
N#Cc1ccc(C(=O)OCC(=O)N2CCCCCC2)cc1,8.2
Cc1ccc(S(=O)(=O)N(C)C)cc1NC(=O)COC(=O)C(=Cc1ccc(F)cc1)c1cccs1,8.8
CCc1[nH]c(=N)[nH]c(=N)c1C#CCc1cccc(-c2ccccc2)c1,11.2
COC(Cc1ccc(OCCc2nc(-c3ccccc3)oc2C)nc1)C(=O)O,9.1
N#CC1(CCCCl)CCCCC1,6.1
Cc1cc(C)c2nc3c(c(C(O)C4CCCCN4)c2c1)CCC3=Cc1ccc(Cl)cc1,11.4
O=C1OCc2cccc3c2N1Cc1c(-c2noc(C4CC4)n2)ncn1-3,9.7
CCCCCCCCC=CCCCCCCCC(=O)Oc1ccc2c(c1)C(=O)C(=Cc1ccc(F)cc1)O2,8.2
Cc1cc(-c2ccc(NC(=O)N3CCc4cc(Cl)c(N5CCN(C)CC5)cc43)cc2)ccc1C#N,10.7
CN(C)CCN(C)C(=O)CN(C1CCCN(c2ccc(-n3ccccc3=O)cc2F)C1=O)S(=O)(=O)c1cc2ccc(Cl)nc2s1,9.6
CC(C)c1cc(C(=O)N2CCCC(Nc3ccc(F)c(F)c3)C2)[nH]c(=N)n1,10.1
Oc1ccc(C2Nc3ccccc3-n3c2cc2ccccc23)cc1,9.1
CN(C)c1nc(N2CCCC2)c2nc(Cl)c(=NCc3ccccc3)[nH]c2n1,9.6
CNCCC(Oc1ccc(C(F)(F)F)cc1)c1ccccc1,9.4
CCCc1ccc(OCC(=O)Nc2sc(C(=O)OCC)c(C)c2C(=O)OCC)cc1,7.8
COc1ccc(S(=O)(=O)N2CCCCC2)cc1NS(=O)(=O)c1ccc(CNC(C)=O)cc1,9.0
CC(C)c1nc2cc(C(=O)N3CCNC(=O)C3c3ccc(F)cc3)ccc2o1,9.5
Cc1cccc(=Nc2ccc(Oc3ncccc3C(F)(F)F)cc2)[nH]1,8.6
N#Cc1ccc(CC(CNC(=O)C2(c3ccc(Cl)cc3)CCCC2)N2CCC(O)(C(F)(F)F)CC2)cc1,9.9
CC(C)C1=NC2CCC34CC35C(=O)CC3(C)C(C(C)N(C)C)C(O)CC3(C)C5CCC4C2(C)CS1,6.5
O=c1[nH]c(=S)[nH]c(O)c1C=NNC(=S)Nc1ccc(C(F)(F)F)cc1,9.0
COc1ccc(C=Cc2cc(OC)c3c(c2)OCO3)cc1NC(=O)C(N)CO,8.9
c1coc(CN2CCCC3(COCCN(Cc4c[nH]nn4)C3)C2)c1,7.7
COCCNS(=O)(=O)c1cccc(-c2cc(C)cc(N=c3nc(C(F)(F)F)cc[nH]3)c2)c1,9.7
CCCCc1ccc(C(=O)O)c(=O)n1Cc1ccc(-c2ccccc2C(=O)O)cc1,8.4
CCN(c1ccccc1)S(=O)(=O)c1ccc2[nH]cc(C(=O)NC3CCCCC3)c(=O)c2c1,8.8
CC1COCCN1c1nc(N2CCOCC2C)c2ccc(-c3ccc(CNCC(N)=O)o3)nc2n1,8.8
CCNC1CCC(CN(C)c2ccc(N3C(=O)Cc4cc(OC)c(OC(C)CC)cc4C3c3ccc(Cl)cc3)cc2)CC1,8.0
CN(CC(CCN1CC(n2ccnc2)C1)c1ccc(Cl)c(Cl)c1)C(=O)c1ccccc1,8.6
CC1=NC(=S)NC(c2ccccc2)C1C(=O)c1ccccc1,8.3
Cc1cc2cc(CN3C(=O)c4ccccc4C3=O)ccc2n1C,9.5
O=C1N=C(C=C2COc3ccc(Br)cc3C2)C(=O)N1,8.8
O=C(C=Cc1ccc(O)c(CN2CCCCC2)c1)c1ccc(C(F)(F)F)cc1,10.1
COc1cnc2c(c1)C(SCCN1CCOCC1)c1ccccc1O2,7.3
CC(=O)NC(CCN1C2CCC1CC(n1c(C)nc3c1CN(S(C)(=O)=O)CC3)C2)c1ccccc1,8.7
CNC(=O)C(C#N)=Cc1c(N2CCN(c3ccccc3)CC2)nc2c(C)cccn2c1=O,8.9
COC(=O)NC(Cc1cccc2ccccc12)C(=O)NCCCCC(CO)N(CC(C)C)S(=O)(=O)c1ccc(N)cc1,8.1
CN(C)CCC(=C1CC2CCC1C2)c1ccccc1,9.0
Cc1ccc(-n2nnc(CC(=O)N3CCN(C(C)C)CC3)c2C)cc1,8.8
c1cc(N=c2nc(-c3ccncc3)cc[nH]2)cc(OCCn2ccnc2)c1,9.1
Cc1cccc(C)c1NC(=O)CN1CCN(C(=O)CNC(=O)c2ccc(-c3ccccc3)cc2)CC1,11.7
Cc1ccc2c(N3CCN(CCc4cccc(NC(=O)C(C)C)c4)CC3)cccc2n1,9.8
Cn1cc(-c2nc3ccc(N4CCOCC4)cc3n2Cc2ccccc2)ncc1=O,11.1
Cc1cc(C(C)(c2ccccc2)c2cc(C)c(O)c(C)c2)cc(C)c1O,9.6
CN(C)c1cc(C(=O)O)nc2c(-c3ccc(O)cc3)nc(N3CCOCC3)nc12,8.6
Cc1cnc(C(=O)OCC(=O)Nc2cc(Cl)cc(Cl)c2)cn1,7.3
Cc1ccc2[nH]c(=O)c(CN(CCc3ccccc3)C(=O)N3CCOCC3)cc2c1,9.7
CCN(CC)C(=O)c1ccc(C(C2CCCCC2)N2CCNCC2)cc1,9.1
O=C(NC1CCC(CCN2CCN(c3cccc4c3OCO4)CC2)CC1)c1ccc(F)cc1,10.6
COc1cc(OC)cc(-n2c3nc(=O)n(C)c(=O)c-3nc3ccccc32)c1,9.4
Cc1ccc(C(C(=O)NC(C)(C)C)N(C(=O)c2csnn2)C2CC2)cc1,7.7
COc1ccccc1N1CCN(S(=O)(=O)c2ccc([N+](=O)[O-])cc2)CC1,7.5
CCNC(=O)N1CCN(c2ccnc3cc(Cl)ccc23)CC1,7.7
CC(=O)c1ccc(N2CCN(C(=O)Cn3cnc(S(=O)(=O)N4CCCCC4)c3)CC2)cc1,8.5
N#CNC(=O)C(Cc1ccccc1)NC(O)c1ccc(O)[nH]1,8.5
COc1ccccc1-n1[nH]c(C)c(C2(C(F)(F)F)C(=O)N(c3ccccc3)C3=C2C(=O)CC(C)(C)C3)c1=O,9.0
Cc1ccc(O)cc1C(C)(C)CC(O)(Cn1ccc(=O)c2ccccc21)C(F)(F)F,8.5
CC(C)NC(=O)Nc1cccc(-c2sc(C(=O)O)c(OCC(=O)O)c2Br)c1,8.1
CC1=NN(S(=O)(=O)c2ccccc2C)C(c2cc(Br)ccc2O)C1,8.2
COCCN(CCOC)C(=O)c1sc(C)nc1C,5.6
Cc1ncc(CO)c2c(N=c3cccc[nH]3)c(NC(C)c3ccccc3)oc12,8.7
CCC(CC)S(=O)(=O)CC(C1CC1)N1C(=O)C(C)(CC(=O)O)CC(c2cccc(Cl)c2)C1c1ccc(Cl)cc1,6.5
Cc1ccc2cc(C=C(C#N)C#N)c(N3CCCCC3)nc2c1,9.5
Cc1ccc(S(=O)(=O)N2CC2COC2OC3COC(c4ccccc4)OC3C(OCc3ccccc3)C2OCc2ccccc2)cc1,10.0
Cc1ccc(-c2cc(C3CC4CCC3N4)cnc2F)cc1,10.2
Cc1ccc(C(N)=O)cc1Nc1cc(=O)n(C)c2c1cnn2-c1cc(F)ccc1F,9.7
O=C(Nc1ccc(F)cc1)C(c1ccccc1)N1CCN(CC(=O)N2CCOCC2)CC1,8.4
Cn1nnnc1SCC(=O)NN=Cc1ccc([N+](=O)[O-])cc1,8.1
CS(=O)(=O)c1ccc(-n2nc(C(F)(F)F)c(C#N)c2Oc2ccccc2)nc1,10.6
Cc1cc(=Nc2nc(-c3ccncc3)nc3ccccc23)[nH][nH]1,10.0
COc1ccc2nccc(-n3ncc4c3CCC(NCc3ccc5c(c3)OCCO5)C4)c2c1,9.6
CC(CO)n1c2c[nH]ccc2c2cnc(=Nc3ccc(N4CCNCC4)cn3)nc21,7.8
CCC1CCN(C)c2cc3[nH]c(=O)cc(C(F)(F)F)c3cc21,8.6
COC(=O)Nc1cc(C(F)(F)F)ccc1N1CCCC(NS(=O)(=O)c2ccc(C(C)(C)C)cc2)C1,9.7
CC(NC(=O)Cc1ccc(C(=O)O)cc1)c1cc(Cl)ccc1N1CCCCCC1,9.2
CCC(CC)=NN=c1[nH]c(-c2ccc(OC)cc2OC)cs1,7.6
Cc1cnn(CC2CCCN2Cc2cc(=O)n3c(C)csc3n2)c1,8.1
O=C(C1CC12CCNCC2)N1CCN(C2CCCCC2)CC1,7.2
Cn1c(=O)n(C)c2cc(N3CCOCC3)c(NC(=O)c3ccc(C(C)(C)C)cc3)cc21,9.2
CCOc1ccccc1N1C(=O)c2ccc(C(=O)O)cc2C1=O,7.2
COc1ccc(C=NNC(=O)C=Cc2ccccc2)cc1O,9.4
O=C1CC(c2ccc3c(c2)OCO3)CC2=Nc3ccccc3NC(c3cccnc3)C12,9.1
N=c1[nH]cc(-c2cccc(-c3ccccc3)c2)c2cc(C(N)=O)sc12,11.0
COc1c(C)cc2c(C(=O)N(C)CC(=O)O)cccc2c1Br,8.6
O=C(NCCc1c2n(c3ccccc13)Cc1ccccc1-2)C1CCC1,10.0
CSc1cc2c(cc1C(F)(F)F)N(C(=O)Nc1cccc(-c3ccncc3)c1)CC2,9.9
CCn1cc(NC(=O)C2CCN(CC(=O)NC(C)(C)CC)CC2)cn1,6.6
O=c1c(C2=NS(=O)(=O)c3ccccc3N2)c(O)c2ccccc2n1N=C1C=COCC1,10.4
N=c1[nH]c(N2CC3CCCN3CC2Cc2ccccc2)nc2nc(-c3ccco3)nn12,10.3
COc1cccc(-c2c(F)c(F)c(N=c3[nH]cccc3C(=O)O)c(F)c2F)c1,9.0
CN1Cc2ccc(NC(=O)NC3CCOc4c3cccc4C(F)(F)F)cc2NC1=O,9.8
COCCN(CCOC)C(=O)c1ccc(NC(=O)N2Cc3cccnc3C2)cc1,7.5
Cc1nnc(N2C(=N)SC(=Cc3ccc(-c4ccc(OC(F)(F)F)cc4)o3)C2=O)s1,10.7
CC(C)(C)OC(=O)Nc1ccc(C(NC(=O)OC(C)(C)C)C(=O)OC(C)(C)C)cc1,7.9
Cn1cnc(S(=O)(=O)N2CC3CCC(NC(=O)c4ccc(F)cc4)C3C2)c1,8.4
COC1COC(c2c(NC(=O)c3nc(-c4c(C)cccc4F)sc3N)cnn2C)CCC1N,9.8
Cn1cc(-c2ccc(C3(c4nnc5n4CCSC(C)(CO)C5)CC3)cc2)cn1,9.4
O=S(=O)(Nc1cccc(Oc2ccccc2)c1)N1CCC(NCc2ccccc2)CC1,9.3
Cc1ccc(C=CC(=O)OCC(=O)c2ccc3c(c2)NC(=O)CO3)o1,9.0
Fc1ccc(N=c2nc(N3CCOCC3)nc(Oc3ccc4c(c3)OCO4)[nH]2)c(F)c1,10.1
CSc1cc(-c2ccc(OCCc3nccc4c3CCCC4)cc2)oc(=O)c1C#N,9.3
O=C(C1CCCC1)N1CC(=O)N2C(CO)C(c3ccc(-c4ccccc4F)cc3)C2C1,9.1
CC1=Nc2nc3ccccc3n2C(c2cccc(Cl)c2)C1C(=O)N1CCCCC1,8.1
Cc1cccc(-c2cc(CN3CCN(C)CC3)c(C)n2-c2ccc(F)cc2)c1,10.0
CC(=O)N1CCN(S(=O)(=O)c2cccc(C(=O)N=c3ccc(C)c[nH]3)c2)CC1,9.4
CCn1c(CN2C(=O)COc3cc(Br)ccc32)nnc1SCc1ccc(Cl)cc1,9.2
Cc1cc(C(=O)Nc2cncc(C(=O)c3cn(C(C)C)c4ncncc34)c2)no1,9.0
CCCCCCNC(=O)CNC(=S)N(Cc1cccs1)C1CCCCC1,6.5
O=C(COC(=O)c1ccc(OC(F)(F)F)cc1)NCCn1c(O)csc1=O,8.4
Cc1cc(=NS(=O)(=O)c2ccc(NC(=O)Cc3ccc(Cl)c(C(F)(F)F)c3)cc2)[nH]o1,9.7
COc1ccc2c(-c3c[nH]c(=O)c(-c4cc(OC)c(OC)c(OC)c4)n3)c[nH]c2c1,8.9
COc1ccccc1-c1cccn2[nH]c(=Nc3cccc(N4CCN(C)CC4)c3)nc12,9.4
COC1CCC2(CC1)Cc1ccc(-c3cc(C#N)cc(C(F)(F)F)c3)cc1C21N=C(C)C(=N)N1,9.5
Cn1cc(Br)nc1C(=O)Nc1ccc(F)c(C2(C)N=C(N)C(C)(F)CC2(F)F)c1,9.5
